계열,기본이름,형태,후보업체명
오늘밤,오늘밤,단독,오늘밤
오늘밤,오늘밤,마사지,오늘밤마사지
오늘밤,오늘밤,테라피,오늘밤테라피
오늘밤,투나잇,단독,투나잇
오늘밤,투나잇,마사지,투나잇마사지
오늘밤,투나잇,테라피,투나잇테라피
오늘밤,tonight,단독,tonight
오늘밤,tonight,마사지,tonight마사지
오늘밤,tonight,테라피,tonight테라피
오늘밤,투나잇퀸,단독,투나잇퀸
오늘밤,투나잇퀸,마사지,투나잇퀸마사지
오늘밤,투나잇퀸,테라피,투나잇퀸테라피
오늘밤,나이트,단독,나이트
오늘밤,나이트,마사지,나이트마사지
오늘밤,나이트,테라피,나이트테라피
오늘밤,Night,단독,Night
오늘밤,Night,마사지,Night마사지
오늘밤,Night,테라피,Night테라피
오늘밤,문라이트,단독,문라이트
오늘밤,문라이트,마사지,문라이트마사지
오늘밤,문라이트,테라피,문라이트테라피
오늘밤,Moonlight,단독,Moonlight
오늘밤,Moonlight,마사지,Moonlight마사지
오늘밤,Moonlight,테라피,Moonlight테라피
오늘밤,밤하늘,단독,밤하늘
오늘밤,밤하늘,마사지,밤하늘마사지
오늘밤,밤하늘,테라피,밤하늘테라피
오늘밤,별밤,단독,별밤
오늘밤,별밤,마사지,별밤마사지
오늘밤,별밤,테라피,별밤테라피
오늘밤,GoodNight,단독,GoodNight
오늘밤,GoodNight,마사지,GoodNight마사지
오늘밤,GoodNight,테라피,GoodNight테라피
퀸,퀸,단독,퀸
퀸,퀸,마사지,퀸마사지
퀸,퀸,테라피,퀸테라피
퀸,퀸즈,단독,퀸즈
퀸,퀸즈,마사지,퀸즈마사지
퀸,퀸즈,테라피,퀸즈테라피
퀸,Queen,단독,Queen
퀸,Queen,마사지,Queen마사지
퀸,Queen,테라피,Queen테라피
퀸,Queens,단독,Queens
퀸,Queens,마사지,Queens마사지
퀸,Queens,테라피,Queens테라피
퀸,퀸스타,단독,퀸스타
퀸,퀸스타,마사지,퀸스타마사지
퀸,퀸스타,테라피,퀸스타테라피
퀸,QueenStar,단독,QueenStar
퀸,QueenStar,마사지,QueenStar마사지
퀸,QueenStar,테라피,QueenStar테라피
퀸,퀸로즈,단독,퀸로즈
퀸,퀸로즈,마사지,퀸로즈마사지
퀸,퀸로즈,테라피,퀸로즈테라피
퀸,QueenRose,단독,QueenRose
퀸,QueenRose,마사지,QueenRose마사지
퀸,QueenRose,테라피,QueenRose테라피
퀸,퀸블루,단독,퀸블루
퀸,퀸블루,마사지,퀸블루마사지
퀸,퀸블루,테라피,퀸블루테라피
퀸,QueenBlue,단독,QueenBlue
퀸,QueenBlue,마사지,QueenBlue마사지
퀸,QueenBlue,테라피,QueenBlue테라피
퀸,로얄퀸,단독,로얄퀸
퀸,로얄퀸,마사지,로얄퀸마사지
퀸,로얄퀸,테라피,로얄퀸테라피
골든,한국골든,단독,한국골든
골든,한국골든,마사지,한국골든마사지
골든,한국골든,테라피,한국골든테라피
골든,코리아골든,단독,코리아골든
골든,코리아골든,마사지,코리아골든마사지
골든,코리아골든,테라피,코리아골든테라피
골든,KoreaGolden,단독,KoreaGolden
골든,KoreaGolden,마사지,KoreaGolden마사지
골든,KoreaGolden,테라피,KoreaGolden테라피
골든,한국골드,단독,한국골드
골든,한국골드,마사지,한국골드마사지
골든,한국골드,테라피,한국골드테라피
골든,코리아골드,단독,코리아골드
골든,코리아골드,마사지,코리아골드마사지
골든,코리아골드,테라피,코리아골드테라피
골든,KoreaGold,단독,KoreaGold
골든,KoreaGold,마사지,KoreaGold마사지
골든,KoreaGold,테라피,KoreaGold테라피
골든,한국골든퀸,단독,한국골든퀸
골든,한국골든퀸,마사지,한국골든퀸마사지
골든,한국골든퀸,테라피,한국골든퀸테라피
골든,코리아골든퀸,단독,코리아골든퀸
골든,코리아골든퀸,마사지,코리아골든퀸마사지
골든,코리아골든퀸,테라피,코리아골든퀸테라피
골든,GoldenKorea,단독,GoldenKorea
골든,GoldenKorea,마사지,GoldenKorea마사지
골든,GoldenKorea,테라피,GoldenKorea테라피
골든,골든코리아,단독,골든코리아
골든,골든코리아,마사지,골든코리아마사지
골든,골든코리아,테라피,골든코리아테라피
골든,한국골든스타,단독,한국골든스타
골든,한국골든스타,마사지,한국골든스타마사지
골든,한국골든스타,테라피,한국골든스타테라피
미인,한국미인,단독,한국미인
미인,한국미인,마사지,한국미인마사지
미인,한국미인,테라피,한국미인테라피
미인,코리아미인,단독,코리아미인
미인,코리아미인,마사지,코리아미인마사지
미인,코리아미인,테라피,코리아미인테라피
미인,KoreaBeauty,단독,KoreaBeauty
미인,KoreaBeauty,마사지,KoreaBeauty마사지
미인,KoreaBeauty,테라피,KoreaBeauty테라피
미인,한국뷰티,단독,한국뷰티
미인,한국뷰티,마사지,한국뷰티마사지
미인,한국뷰티,테라피,한국뷰티테라피
미인,코리아뷰티,단독,코리아뷰티
미인,코리아뷰티,마사지,코리아뷰티마사지
미인,코리아뷰티,테라피,코리아뷰티테라피
미인,KoreaMiin,단독,KoreaMiin
미인,KoreaMiin,마사지,KoreaMiin마사지
미인,KoreaMiin,테라피,KoreaMiin테라피
미인,한국미인퀸,단독,한국미인퀸
미인,한국미인퀸,마사지,한국미인퀸마사지
미인,한국미인퀸,테라피,한국미인퀸테라피
미인,코리아미인퀸,단독,코리아미인퀸
미인,코리아미인퀸,마사지,코리아미인퀸마사지
미인,코리아미인퀸,테라피,코리아미인퀸테라피
미인,BeautyKorea,단독,BeautyKorea
미인,BeautyKorea,마사지,BeautyKorea마사지
미인,BeautyKorea,테라피,BeautyKorea테라피
미인,미인코리아,단독,미인코리아
미인,미인코리아,마사지,미인코리아마사지
미인,미인코리아,테라피,미인코리아테라피
미인,한국미인스타,단독,한국미인스타
미인,한국미인스타,마사지,한국미인스타마사지
미인,한국미인스타,테라피,한국미인스타테라피
쥬쥬,쥬쥬,단독,쥬쥬
쥬쥬,쥬쥬,마사지,쥬쥬마사지
쥬쥬,쥬쥬,테라피,쥬쥬테라피
쥬쥬,주주,단독,주주
쥬쥬,주주,마사지,주주마사지
쥬쥬,주주,테라피,주주테라피
쥬쥬,Juju,단독,Juju
쥬쥬,Juju,마사지,Juju마사지
쥬쥬,Juju,테라피,Juju테라피
쥬쥬,JuJuHome,단독,JuJuHome
쥬쥬,JuJuHome,마사지,JuJuHome마사지
쥬쥬,JuJuHome,테라피,JuJuHome테라피
쥬쥬,쥬쥬퀸,단독,쥬쥬퀸
쥬쥬,쥬쥬퀸,마사지,쥬쥬퀸마사지
쥬쥬,쥬쥬퀸,테라피,쥬쥬퀸테라피
쥬쥬,주주퀸,단독,주주퀸
쥬쥬,주주퀸,마사지,주주퀸마사지
쥬쥬,주주퀸,테라피,주주퀸테라피
쥬쥬,JujuQueen,단독,JujuQueen
쥬쥬,JujuQueen,마사지,JujuQueen마사지
쥬쥬,JujuQueen,테라피,JujuQueen테라피
쥬쥬,쥬쥬스타,단독,쥬쥬스타
쥬쥬,쥬쥬스타,마사지,쥬쥬스타마사지
쥬쥬,쥬쥬스타,테라피,쥬쥬스타테라피
쥬쥬,JujuStar,단독,JujuStar
쥬쥬,JujuStar,마사지,JujuStar마사지
쥬쥬,JujuStar,테라피,JujuStar테라피
쥬쥬,쥬쥬러브,단독,쥬쥬러브
쥬쥬,쥬쥬러브,마사지,쥬쥬러브마사지
쥬쥬,쥬쥬러브,테라피,쥬쥬러브테라피
쥬쥬,JujuLove,단독,JujuLove
쥬쥬,JujuLove,마사지,JujuLove마사지
쥬쥬,JujuLove,테라피,JujuLove테라피
기타,사랑,단독,사랑
기타,사랑,마사지,사랑마사지
기타,사랑,테라피,사랑테라피
기타,러브,단독,러브
기타,러브,마사지,러브마사지
기타,러브,테라피,러브테라피
기타,Love,단독,Love
기타,Love,마사지,Love마사지
기타,Love,테라피,Love테라피
기타,별빛,단독,별빛
기타,별빛,마사지,별빛마사지
기타,별빛,테라피,별빛테라피
기타,스타,단독,스타
기타,스타,마사지,스타마사지
기타,스타,테라피,스타테라피
기타,Star,단독,Star
기타,Star,마사지,Star마사지
기타,Star,테라피,Star테라피
기타,온유,단독,온유
기타,온유,마사지,온유마사지
기타,온유,테라피,온유테라피
기타,봄날,단독,봄날
기타,봄날,마사지,봄날마사지
기타,봄날,테라피,봄날테라피
기타,Calm,단독,Calm
기타,Calm,마사지,Calm마사지
기타,Calm,테라피,Calm테라피
기타,Bloom,단독,Bloom
기타,Bloom,마사지,Bloom마사지
기타,Bloom,테라피,Bloom테라피
기타,Grace,단독,Grace
기타,Grace,마사지,Grace마사지
기타,Grace,테라피,Grace테라피
