"검색문구","상태","위도","경도","검색결과주소","OSM종류","OSM_ID","오류"
"대한민국 경기도 가평군 가평읍","OK","37.8253380","127.5166062","가평읍, 가평군, 경기도, 대한민국","relation","19370912",""
"대한민국 경기도 가평군 북면","OK","37.9266500","127.5109300","북면, 가평군, 경기도, 대한민국","relation","19370913",""
"대한민국 경기도 가평군 상면","OK","37.7937800","127.3394400","상면, 가평군, 경기도, 대한민국","relation","19370910",""
"대한민국 경기도 가평군 설악면","OK","37.6575000","127.5031000","설악면, 가평군, 경기도, 대한민국","relation","19369953",""
"대한민국 경기도 가평군 조종면","OK","37.8485770","127.3625446","조종면, 가평군, 경기도, 대한민국","relation","19370911",""
"대한민국 경기도 가평군 청평면","OK","37.7256797","127.4264583","청평면, 가평군, 경기도, 대한민국","relation","19370909",""
"대한민국 경기도 고양시 덕양구 고양동","OK","37.7090099","126.8997941","고양동, 덕양구, 고양시, 경기도, 대한민국","relation","12657663",""
"대한민국 경기도 고양시 덕양구 관산동","OK","37.6980373","126.8616018","관산동, 덕양구, 고양시, 경기도, 대한민국","relation","13734810",""
"대한민국 경기도 고양시 덕양구 능곡동","OK","37.6266625","126.8070727","능곡동, 덕양구, 고양시, 경기도, 대한민국","relation","12659159",""
"대한민국 경기도 고양시 덕양구 대덕동","OK","37.5904075","126.8522875","대덕동, 덕양구, 고양시, 경기도, 대한민국","relation","12657666",""
"대한민국 경기도 고양시 덕양구 삼송동","OK","37.6518400","126.8897232","삼송동, 삼송1동, 덕양구, 고양시, 경기도, 10589, 대한민국","node","415153677",""
"대한민국 경기도 고양시 덕양구 성사동","OK","37.6549591","126.8465702","성사동, 성사1동, 덕양구, 고양시, 경기도, 10479, 대한민국","node","4908798374",""
"대한민국 경기도 고양시 덕양구 원신동","OK","37.6698003","126.8671701","원신동, 덕양구, 고양시, 경기도, 대한민국","relation","15585865",""
"대한민국 경기도 고양시 덕양구 주교동","OK","37.6600889","126.8268991","주교동, 덕양구, 고양시, 경기도, 대한민국","relation","15585860",""
"대한민국 경기도 고양시 덕양구 창릉동","OK","37.6306469","126.8912180","창릉동, 덕양구, 고양시, 경기도, 대한민국","relation","12657664",""
"대한민국 경기도 고양시 덕양구 행신동","OK","37.6194469","126.8372169","행신동, 행신1동, 덕양구, 고양시, 경기도, 10528, 대한민국","node","4908798378",""
"대한민국 경기도 고양시 덕양구 행주동","OK","37.6098173","126.8171463","행주동, 덕양구, 고양시, 경기도, 대한민국","relation","12659160",""
"대한민국 경기도 고양시 덕양구 화전동","OK","37.6031310","126.8841703","화전동, 덕양구, 고양시, 경기도, 대한민국","relation","12657665",""
"대한민국 경기도 고양시 덕양구 화정동","OK","37.6351667","126.8328241","화정동, 화정1동, 덕양구, 고양시, 경기도, 10497, 대한민국","node","4908798377",""
"대한민국 경기도 고양시 덕양구 효자동","OK","37.6611270","126.9569905","효자동, 덕양구, 고양시, 경기도, 대한민국","relation","12657662",""
"대한민국 경기도 고양시 덕양구 흥도동","OK","37.6313124","126.8620107","흥도동, 덕양구, 고양시, 경기도, 대한민국","relation","15585861",""
"대한민국 경기도 고양시 일산동","OK","37.6844028","126.7690149","일산동, 일산1동, 일산서구, 고양시, 경기도, 10352, 대한민국","node","3830221570",""
"대한민국 경기도 고양시 일산동구 고봉동","OK","37.7096193","126.8092190","고봉동, 일산동구, 고양시, 경기도, 대한민국","relation","15585878",""
"대한민국 경기도 고양시 일산동구 마두동","OK","37.6577703","126.7846924","마두동, 마두2동, 일산동구, 고양시, 경기도, 10411, 대한민국","node","3830221599",""
"대한민국 경기도 고양시 일산동구 백석동","OK","37.6436734","126.7878528","백석동, 백석1동, 일산동구, 고양시, 경기도, 10447, 대한민국","node","4908875423",""
"대한민국 경기도 고양시 일산동구 식사동","OK","37.6778734","126.8133169","식사동, 일산동구, 고양시, 경기도, 대한민국","relation","15585877",""
"대한민국 경기도 고양시 일산동구 장항동","OK","37.6495000","126.7653867","장항동, 장항1동, 일산동구, 고양시, 경기도, 10429, 대한민국","node","3830221613",""
"대한민국 경기도 고양시 일산동구 정발산동","OK","37.6706405","126.7793564","정발산동, 일산동구, 고양시, 경기도, 대한민국","relation","15585873",""
"대한민국 경기도 고양시 일산동구 중산동","OK","37.6901545","126.7804306","중산동, 중산1동, 일산동구, 고양시, 경기도, 10333, 대한민국","node","3830223653",""
"대한민국 경기도 고양시 일산동구 풍산동","OK","37.6641595","126.8011521","풍산동, 일산동구, 고양시, 경기도, 대한민국","relation","15585874",""
"대한민국 경기도 고양시 일산서구 가좌동","OK","37.6839540","126.6997268","가좌동, 일산서구, 고양시, 경기도, 대한민국","relation","15585889",""
"대한민국 경기도 고양시 일산서구 대화동","OK","37.6777329","126.7502918","대화동, 일산서구, 고양시, 경기도, 대한민국","relation","15585886",""
"대한민국 경기도 고양시 일산서구 덕이동","OK","37.6957279","126.7448226","덕이동, 일산서구, 고양시, 경기도, 대한민국","relation","15585879",""
"대한민국 경기도 고양시 일산서구 송포동","OK","37.6691138","126.7174631","송포동, 일산서구, 고양시, 경기도, 대한민국","relation","15585888",""
"대한민국 경기도 고양시 일산서구 일산동","OK","37.6844028","126.7690149","일산동, 일산1동, 일산서구, 고양시, 경기도, 10352, 대한민국","node","3830221570",""
"대한민국 경기도 고양시 일산서구 주엽동","OK","37.6712292","126.7618004","주엽동, 주엽2동, 일산서구, 고양시, 경기도, 10388, 대한민국","node","3830221574",""
"대한민국 경기도 고양시 일산서구 탄현동","NOT_FOUND","","","","","",""
"대한민국 경기도 과천시 갈현동","OK","37.4149075","126.9824277","갈현동, 과천시, 경기도, 13840, 대한민국","node","4705475482",""
"대한민국 경기도 과천시 과천동","OK","37.4497001","127.0008925","과천동, 과천시, 경기도, 13815, 대한민국","node","415155274",""
"대한민국 경기도 과천시 문원동","OK","37.4210755","127.0012297","문원동, 과천시, 경기도, 13834, 대한민국","node","415155272",""
"대한민국 경기도 과천시 별양동","OK","37.4276861","126.9958682","별양동, 과천시, 경기도, 13834, 대한민국","node","4705475484",""
"대한민국 경기도 과천시 부림동","OK","37.4348254","126.9984635","부림동, 과천시, 경기도, 13831, 대한민국","node","415155270",""
"대한민국 경기도 과천시 원문동","OK","37.4222641","126.9914257","원문동, 과천시, 경기도, 13839, 대한민국","node","4705475483",""
"대한민국 경기도 과천시 중앙동","OK","37.4288386","126.9891084","중앙동, 과천시, 경기도, 13806, 대한민국","node","4705475485",""
"대한민국 경기도 광명시 광명동","OK","37.4755611","126.8538184","광명동, 광명4동, 광명시, 경기도, 14268, 대한민국","node","4911938613",""
"대한민국 경기도 광명시 소하동","OK","37.4432784","126.8823406","소하동, 소하2동, 광명시, 경기도, 14323, 대한민국","node","4911938608",""
"대한민국 경기도 광명시 일직동","OK","37.4194860","126.8837827","일직동, 광명시, 경기도, 대한민국","relation","13590538",""
"대한민국 경기도 광명시 철산동","OK","37.4802090","126.8678124","철산동, 철산3동, 광명시, 경기도, 14233, 대한민국","node","4911938615",""
"대한민국 경기도 광명시 하안동","OK","37.4611134","126.8698981","하안동, 하안1동, 광명시, 경기도, 14259, 대한민국","node","4911938614",""
"대한민국 경기도 광명시 학온동","OK","37.4307416","126.8540778","학온동, 광명시, 경기도, 대한민국","relation","12761843",""
"대한민국 경기도 광주시 경안동","OK","37.4112600","127.2539300","경안동, 광주시, 경기도, 대한민국","relation","12608261",""
"대한민국 경기도 광주시 곤지암읍","OK","37.3499544","127.3619528","곤지암읍, 광주시, 경기도, 대한민국","relation","12608267",""
"대한민국 경기도 광주시 광남동","OK","37.3890193","127.2298173","광남동 행정복지센터, 45, 태봉로, 태전동, 광남2동, 광주시, 경기도, 12784, 대한민국","node","4631257804",""
"대한민국 경기도 광주시 남종면","OK","37.5004800","127.3175300","남종면, 광주시, 경기도, 대한민국","relation","12608256",""
"대한민국 경기도 광주시 남한산성면","OK","37.4611375","127.2324427","남한산성면, 광주시, 경기도, 대한민국","relation","12608258",""
"대한민국 경기도 광주시 능평동","OK","37.3505851","127.1616109","능평동, 용산골, 광주시, 경기도, 대한민국","relation","14139896",""
"대한민국 경기도 광주시 도척면","OK","37.3062000","127.3180900","도척면, 광주시, 경기도, 대한민국","relation","12608268",""
"대한민국 경기도 광주시 송정동","OK","37.4264102","127.2575353","송정동, 광주시, 경기도, 대한민국","relation","12608259",""
"대한민국 경기도 광주시 신현동","OK","37.3653600","127.1597800","신현동, 동막골, 광주시, 경기도, 대한민국","relation","14139895",""
"대한민국 경기도 광주시 쌍령동","OK","37.4030800","127.2708400","쌍령동, 대쌍령리, 광주시, 경기도, 12791, 대한민국","relation","12608262",""
"대한민국 경기도 광주시 오포동","OK","37.3654165","127.2326884","오포동, 광주시, 경기도, 대한민국","relation","14206047",""
"대한민국 경기도 광주시 초월읍","OK","37.3959800","127.3100900","초월읍, 광주시, 경기도, 대한민국","relation","12608266",""
"대한민국 경기도 광주시 탄벌동","OK","37.4319006","127.2227948","탄벌동, 광주시, 경기도, 대한민국","relation","12608260",""
"대한민국 경기도 광주시 퇴촌면","OK","37.4587800","127.3256000","퇴촌면, 광주시, 경기도, 대한민국","relation","12608257",""
"대한민국 경기도 구리시 갈매동","OK","37.6310565","127.1168045","갈매동, 구리시, 경기도, 11902, 대한민국","node","415154081",""
"대한민국 경기도 구리시 교문동","OK","37.5875737","127.1275277","교문동, 구리시, 경기도, 11954, 대한민국","node","4913947883",""
"대한민국 경기도 구리시 동구동","OK","37.6117004","127.1393514","동구동 행정복지센터, 25, 동구릉로148번길, 인창동, 구리시, 경기도, 11915, 대한민국","way","580029483",""
"대한민국 경기도 구리시 수택동","OK","37.5962736","127.1419836","수택동, 구리시, 경기도, 11932, 대한민국","node","415154096",""
"대한민국 경기도 구리시 인창동","OK","37.6130980","127.1319711","인창동, 구리시, 경기도, 11914, 대한민국","node","415154094",""
"대한민국 경기도 군포시 광정동","OK","37.3652654","126.9277554","광정동, 군포시, 경기도, 대한민국","relation","6962006",""
"대한민국 경기도 군포시 군포동","NOT_FOUND","","","","","",""
"대한민국 경기도 군포시 궁내동","OK","37.3596587","126.9218365","궁내동, 산본동, 경기도, 대한민국","relation","6962005",""
"대한민국 경기도 군포시 금정동","OK","37.3653542","126.9393439","금정동, 군포시, 경기도, 15827, 대한민국","node","4683649165",""
"대한민국 경기도 군포시 대야동","OK","37.3303161","126.9153537","대야동, 군포시, 경기도, 15886, 대한민국","node","4683649129",""
"대한민국 경기도 군포시 산본동","OK","37.3595509","126.9203336","산본동, 광정동, 군포시, 경기도, 대한민국","relation","6961911",""
"대한민국 경기도 군포시 송부동","OK","37.3203965","126.9250291","송부동, 군포시, 경기도, 대한민국","relation","12905460",""
"대한민국 경기도 군포시 수리동","OK","37.3559970","126.9210314","수리동, 산본동, 경기도, 대한민국","relation","6962004",""
"대한민국 경기도 군포시 오금동","OK","37.3510196","126.9295394","오금동, 금정동, 경기도, 대한민국","relation","6962000",""
"대한민국 경기도 군포시 재궁동","OK","37.3578972","126.9376392","재궁동, 금정동, 경기도, 대한민국","relation","6961999",""
"대한민국 경기도 김포시 고촌읍","OK","37.6059900","126.7619500","고촌읍, 김포시, 경기도, 대한민국","relation","8292262",""
"대한민국 경기도 김포시 구래동","OK","37.6438664","126.6290477","구래동, 양곡리, 김포시, 경기도, 대한민국","relation","13745801",""
"대한민국 경기도 김포시 김포본동","OK","37.6275594","126.7056939","김포본동 행정복지센터, 13, 북변1로, 북변동, 김포시, 경기도, 10106, 대한민국","node","368901480",""
"대한민국 경기도 김포시 대곶면","OK","37.6520600","126.5716900","대곶면, 김포시, 경기도, 대한민국","relation","8292489",""
"대한민국 경기도 김포시 마산동","OK","37.6400169","126.6431466","마산동, 구래리, 김포시, 경기도, 대한민국","relation","13745800",""
"대한민국 경기도 김포시 사우동","OK","37.6199671","126.7263650","사우동, 김포시, 경기도, 10111, 대한민국","node","4754104131",""
"대한민국 경기도 김포시 양촌읍","OK","37.6570591","126.6254451","양촌읍, 김포시, 경기도, 대한민국","relation","8292261",""
"대한민국 경기도 김포시 운양동","OK","37.6562562","126.6829889","운양동, 김포시, 경기도, 10078, 대한민국","node","4754104133",""
"대한민국 경기도 김포시 월곶면","OK","37.7181750","126.5500645","월곶면, 김포시, 경기도, 10024, 대한민국","relation","8292490",""
"대한민국 경기도 김포시 장기동","OK","37.6460000","126.6678400","장기동, 석모리, 김포시, 경기도, 10080, 대한민국","node","415153395",""
"대한민국 경기도 김포시 장기본동","OK","37.6523062","126.6717281","장기본동 행정복지센터, 1433, 김포대로, 운양동, 누산리, 김포시, 경기도, 10081, 대한민국","way","1226968229",""
"대한민국 경기도 김포시 통진읍","OK","37.6948000","126.6031200","통진읍, 김포시, 경기도, 대한민국","relation","8292492",""
"대한민국 경기도 김포시 풍무동","OK","37.6067383","126.7228355","풍무동, 김포시, 경기도, 10114, 대한민국","node","4754104130",""
"대한민국 경기도 김포시 하성면","OK","37.7297500","126.6361600","하성면, 김포시, 경기도, 대한민국","relation","8292491",""
"대한민국 경기도 남양주시 금곡동","OK","37.6334900","127.2165100","금곡동, 율석리, 남양주시, 경기도, 대한민국","relation","13357555",""
"대한민국 경기도 남양주시 다산동","OK","37.6113669","127.1602960","다산동, 다산1동, 남양주시, 경기도, 12251, 대한민국","node","415154098",""
"대한민국 경기도 남양주시 별내동","OK","37.6565148","127.1216627","별내동, 퇴계원리, 남양주시, 경기도, 대한민국","relation","10967371",""
"대한민국 경기도 남양주시 별내면","OK","37.7094209","127.1223847","별내면, 남양주시, 경기도, 대한민국","relation","10967370",""
"대한민국 경기도 남양주시 수동면","OK","37.7222169","127.3103805","수동면, 남양주시, 경기도, 대한민국","relation","12160140",""
"대한민국 경기도 남양주시 양정동","OK","37.6098927","127.1910156","양정동, 남양주시, 경기도, 대한민국","relation","13357556",""
"대한민국 경기도 남양주시 오남읍","OK","37.6938801","127.2230356","오남읍, 남양주시, 경기도, 대한민국","relation","12180933",""
"대한민국 경기도 남양주시 와부읍","OK","37.5946765","127.2374641","와부읍, 남양주시, 경기도, 대한민국","relation","12160240",""
"대한민국 경기도 남양주시 조안면","OK","37.5688200","127.2977100","조안면, 남양주시, 경기도, 대한민국","relation","12160241",""
"대한민국 경기도 남양주시 진건읍","OK","37.6575320","127.1788606","진건읍, 남양주시, 경기도, 대한민국","relation","12180932",""
"대한민국 경기도 남양주시 진접읍","OK","37.7228358","127.1976354","진접읍, 남양주시, 경기도, 대한민국","relation","12135579",""
"대한민국 경기도 남양주시 퇴계원읍","OK","37.6486812","127.1433630","퇴계원읍, 남양주시, 경기도, 대한민국","relation","12101423",""
"대한민국 경기도 남양주시 평내동","OK","37.6480755","127.2357794","평내동, 남양주시, 경기도, 12217, 대한민국","node","415154164",""
"대한민국 경기도 남양주시 호평동","OK","37.6576388","127.2465940","호평동, 남양주시, 경기도, 12147, 대한민국","node","4913947885",""
"대한민국 경기도 남양주시 화도읍","OK","37.6538308","127.3196785","화도읍, 남양주시, 경기도, 12181, 대한민국","node","415153536",""
"대한민국 경기도 동두천시 보산동","OK","37.9176604","127.0609443","보산동, 동두천시, 경기도, 11309, 대한민국","node","415152908",""
"대한민국 경기도 동두천시 불현동","OK","37.8984570","127.0625040","불현동 행정복지센터, 123, 행선로, 생연동, 동두천시, 경기도, 11358, 대한민국","node","368901324",""
"대한민국 경기도 동두천시 상패동","OK","37.9073575","127.0323924","상패동, 동두천시, 경기도, 11340, 대한민국","node","415152921",""
"대한민국 경기도 동두천시 생연동","OK","37.9051316","127.0609492","생연동, 동두천시, 경기도, 11313, 대한민국","node","415152910",""
"대한민국 경기도 동두천시 소요동","OK","37.9295380","127.0576286","소요동 행정복지센터, 2706, 평화로, 동두천동, 동두천시, 경기도, 11307, 대한민국","node","368901311",""
"대한민국 경기도 동두천시 송내동","OK","37.8811658","127.0616025","송내동, 동두천시, 경기도, 11366, 대한민국","node","415152909",""
"대한민국 경기도 동두천시 중앙동","OK","37.9077636","127.0532058","중앙동 행정복지센터, 172, 생연로, 보산동, 동두천시, 경기도, 11328, 대한민국","node","368901326",""
"대한민국 경기도 부천시 소사구 괴안동","OK","37.4821599","126.8114808","괴안동, 소사구, 부천시, 경기도, 대한민국","relation","8666158",""
"대한민국 경기도 부천시 소사구 범박동","OK","37.4697151","126.8117156","범박동, 소사구, 부천시, 경기도, 대한민국","relation","8666157",""
"대한민국 경기도 부천시 소사구 소사본동","OK","37.4734085","126.7947805","소사본동, 소사구, 부천시, 경기도, 대한민국","relation","8666159",""
"대한민국 경기도 부천시 소사구 송내동","OK","37.4829235","126.7630049","송내동, 소사구, 부천시, 경기도, 14728, 대한민국","node","4751255699",""
"대한민국 경기도 부천시 소사구 심곡본동","OK","37.4784640","126.7797815","심곡본동, 소사구, 부천시, 경기도, 대한민국","relation","8666161",""
"대한민국 경기도 부천시 소사구 역곡동","NOT_FOUND","","","","","",""
"대한민국 경기도 부천시 소사구 옥길동","OK","37.4681285","126.8282883","옥길동, 소사구, 부천시, 경기도, 14785, 대한민국","node","4751255649",""
"대한민국 경기도 부천시 오정구 고강동","OK","37.5269263","126.8208568","고강동 중앙경로당, 고리울로40번길, 고강동, 부천시, 경기도, 14408, 대한민국","way","768822777",""
"대한민국 경기도 부천시 오정구 고강본동","NOT_FOUND","","","","","",""
"대한민국 경기도 부천시 오정구 성곡동","NOT_FOUND","","","","","",""
"대한민국 경기도 부천시 오정구 신흥동","OK","37.5199587","126.7737023","신흥동 주민센터, 삼작로, 연립주택단지, 내동, 부천시, 경기도, 14451, 대한민국","way","490069578",""
"대한민국 경기도 부천시 오정구 오정동","NOT_FOUND","","","","","",""
"대한민국 경기도 부천시 오정구 원종동","NOT_FOUND","","","","","",""
"대한민국 경기도 부천시 원미구 도당동","OK","37.5139236","126.7827000","도당동, 원미구, 부천시, 경기도, 대한민국","relation","8666172",""
"대한민국 경기도 부천시 원미구 상동","OK","37.5058355","126.7531743","상동, 길주로, 원미구, 부천시, 경기도, 14545, 대한민국","node","3401205505",""
"대한민국 경기도 부천시 원미구 소사동","OK","37.4862030","126.7953149","소사동, 원미구, 부천시, 경기도, 대한민국","relation","8666164",""
"대한민국 경기도 부천시 원미구 심곡동","OK","37.4911516","126.7838692","심곡동, 원미구, 부천시, 경기도, 대한민국","relation","12748664",""
"대한민국 경기도 부천시 원미구 약대동","OK","37.5131306","126.7699687","약대동, 원미구, 부천시, 경기도, 대한민국","relation","8666173",""
"대한민국 경기도 부천시 원미구 역곡동","OK","37.4903062","126.8083179","역곡동, 원미구, 부천시, 경기도, 대한민국","relation","8666160",""
"대한민국 경기도 부천시 원미구 원미동","OK","37.4926826","126.7914425","원미동, 원미구, 부천시, 경기도, 14565, 대한민국","node","4751255701",""
"대한민국 경기도 부천시 원미구 중동","OK","37.4867775","126.7639671","중동, 석천로2번길, 상동, 원미구, 부천시, 경기도, 14625, 대한민국","node","355172816",""
"대한민국 경기도 부천시 원미구 춘의동","OK","37.5019274","126.8019570","춘의동, 원미구, 부천시, 경기도, 대한민국","relation","8666168",""
"대한민국 경기도 성남시 분당구 구미동","OK","37.3435400","127.1201200","구미동, 분당구, 성남시, 경기도, 13634, 대한민국","node","415155246",""
"대한민국 경기도 성남시 분당구 금곡동","OK","37.3607700","127.0974000","금곡동, 분당구, 성남시, 경기도, 13552, 대한민국","node","415155243",""
"대한민국 경기도 성남시 분당구 백현동","OK","37.3887318","127.1078551","백현동, 판교, 분당구, 성남시, 경기도, 13531, 대한민국","node","415155242",""
"대한민국 경기도 성남시 분당구 분당동","OK","37.3694400","127.1433600","분당동, 분당, 분당구, 성남시, 경기도, 13584, 대한민국","node","415155250",""
"대한민국 경기도 성남시 분당구 삼평동","OK","37.4017255","127.1019907","삼평동, 판교, 분당구, 성남시, 경기도, 13487, 대한민국","node","415155259",""
"대한민국 경기도 성남시 분당구 서현동","OK","37.3817897","127.1327823","서현동, 분당, 분당구, 성남시, 경기도, 13577, 대한민국","node","415155249",""
"대한민국 경기도 성남시 분당구 수내동","OK","37.3724400","127.1223600","수내동, 분당, 분당구, 성남시, 경기도, 13599, 대한민국","node","415155236",""
"대한민국 경기도 성남시 분당구 야탑동","OK","37.4058300","127.1458300","야탑동, 분당구, 성남시, 경기도, 13512, 대한민국","node","415155253",""
"대한민국 경기도 성남시 분당구 운중동","OK","37.3944345","127.0745340","운중동, 분당구, 성남시, 경기도, 13457, 대한민국","node","2879168504",""
"대한민국 경기도 성남시 분당구 이매동","OK","37.3959400","127.1332700","이매동, 판교, 분당구, 성남시, 경기도, 13569, 대한민국","node","415155252",""
"대한민국 경기도 성남시 분당구 정자동","OK","37.3662800","127.1187300","정자동, 분당, 분당구, 성남시, 경기도, 13607, 대한민국","node","415155237",""
"대한민국 경기도 성남시 분당구 판교동","OK","37.3899495","127.0985928","판교동, 판교, 분당구, 성남시, 경기도, 13479, 대한민국","node","415155262",""
"대한민국 경기도 성남시 수정구 고등동","OK","37.4305171","127.0959858","고등동, 수정구, 성남시, 경기도, 13105, 대한민국","node","4705475488",""
"대한민국 경기도 성남시 수정구 단대동","OK","37.4548200","127.1576700","단대동, 수정구, 성남시, 경기도, 13142, 대한민국","node","415155306",""
"대한민국 경기도 성남시 수정구 복정동","OK","37.4589600","127.1334000","복정동, 수정구, 성남시, 경기도, 13114, 대한민국","node","415155304",""
"대한민국 경기도 성남시 수정구 산성동","OK","37.4557600","127.1529100","산성동, 수정구, 성남시, 경기도, 13127, 대한민국","node","415155303",""
"대한민국 경기도 성남시 수정구 수진동","OK","37.4389492","127.1296112","수진동, 수정구, 성남시, 경기도, 13319, 대한민국","node","415155318",""
"대한민국 경기도 성남시 수정구 시흥동","OK","37.4191100","127.1018600","시흥동, 수정구, 성남시, 경기도, 13445, 대한민국","node","415155257",""
"대한민국 경기도 성남시 수정구 신촌동","OK","37.4578856","127.1080213","신촌동, 수정구, 성남시, 경기도, 13101, 대한민국","node","415155286",""
"대한민국 경기도 성남시 수정구 신흥동","OK","37.4466800","127.1470500","신흥동, 수정구, 성남시, 경기도, 13259, 대한민국","node","415155317",""
"대한민국 경기도 성남시 수정구 양지동","OK","37.4608584","127.1641951","양지동, 수정구, 성남시, 경기도, 13152, 대한민국","node","415155307",""
"대한민국 경기도 성남시 수정구 위례동","NOT_FOUND","","","","","",""
"대한민국 경기도 성남시 수정구 태평동","OK","37.4464330","127.1319544","태평동, 수정구, 성남시, 경기도, 13297, 대한민국","node","415155319",""
"대한민국 경기도 성남시 중원구 금광동","OK","37.4473100","127.1679700","금광동, 중원구, 성남시, 경기도, 13183, 대한민국","node","415155320",""
"대한민국 경기도 성남시 중원구 도촌동","OK","37.4146700","127.1573500","도촌동, 중원구, 성남시, 경기도, 13421, 대한민국","node","415155254",""
"대한민국 경기도 성남시 중원구 상대원동","OK","37.4421100","127.1740400","상대원동, 중원구, 성남시, 경기도, 13201, 대한민국","node","415155324",""
"대한민국 경기도 성남시 중원구 성남동","OK","37.4306800","127.1335800","성남동, 중원구, 성남시, 경기도, 13364, 대한민국","node","415155316",""
"대한민국 경기도 성남시 중원구 은행동","OK","37.4582980","127.1684660","은행동, 중원구, 성남시, 경기도, 13154, 대한민국","node","415155308",""
"대한민국 경기도 성남시 중원구 중앙동","OK","37.4388700","127.1525400","중앙동, 중원구, 성남시, 경기도, 13255, 대한민국","node","415155321",""
"대한민국 경기도 성남시 중원구 하대원동","OK","37.4283600","127.1443500","하대원동, 중원구, 성남시, 경기도, 13387, 대한민국","node","415155256",""
"대한민국 경기도 수원시 권선구 곡선동","OK","37.2433321","127.0333231","곡선동 행정복지센터, 174, 동수원로146번길, 곡반정동, 권선구, 수원시, 경기도, 16667, 대한민국","way","775607892",""
"대한민국 경기도 수원시 권선구 구운동","OK","37.2783252","126.9742236","구운동, 권선구, 수원시, 경기도, 16408, 대한민국","node","4629561462",""
"대한민국 경기도 수원시 권선구 권선동","OK","37.2508559","127.0307889","권선동, 권선구, 수원시, 경기도, 16558, 대한민국","node","415155189",""
"대한민국 경기도 수원시 권선구 금곡동","OK","37.2728973","126.9521411","금곡동, 권선구, 수원시, 경기도, 16397, 대한민국","node","4629561410",""
"대한민국 경기도 수원시 권선구 서둔동","OK","37.2722831","126.9869531","서둔동, 권선구, 수원시, 경기도, 16617, 대한민국","node","4686284682",""
"대한민국 경기도 수원시 권선구 세류동","OK","37.2571500","127.0124100","세류동, 권선구, 수원시, 경기도, 16587, 대한민국","node","415155188",""
"대한민국 경기도 수원시 권선구 입북동","OK","37.2939700","126.9574685","입북동, 권선구, 수원시, 경기도, 16367, 대한민국","node","4686284684",""
"대한민국 경기도 수원시 권선구 평동","OK","37.2548637","126.9925828","평동, 권선구, 수원시, 경기도, 16645, 대한민국","node","415156225",""
"대한민국 경기도 수원시 권선구 호매실동","OK","37.2663933","126.9571912","호매실동, 권선구, 수원시, 경기도, 16400, 대한민국","node","4629561411",""
"대한민국 경기도 수원시 영통구 광교동","OK","37.2842296","127.0521977","수원 광교동 우체국, 8, 혜령로, 영통구, 수원시, 경기도, 16509, 대한민국","node","4005134876",""
"대한민국 경기도 수원시 영통구 망포동","OK","37.2388116","127.0516653","망포동, 영통구, 수원시, 경기도, 16686, 대한민국","node","415156442",""
"대한민국 경기도 수원시 영통구 매탄동","OK","37.2661800","127.0472300","매탄동, 영통구, 수원시, 경기도, 16541, 대한민국","node","415155222",""
"대한민국 경기도 수원시 영통구 영통동","OK","37.2645833","127.0775472","GS25 황골주공점, 영통로, 영통동, 영통구, 수원시, 경기도, 16708, 대한민국","node","2527523813",""
"대한민국 경기도 수원시 영통구 원천동","OK","37.2735544","127.0591495","원천동, 영통구, 수원시, 경기도, 16515, 대한민국","node","415155220",""
"대한민국 경기도 수원시 장안구 송죽동","OK","37.3033091","127.0008226","송죽동, 장안구, 수원시, 경기도, 16303, 대한민국","node","415155206",""
"대한민국 경기도 수원시 장안구 연무동","OK","37.2925332","127.0265670","연무동, 장안구, 수원시, 경기도, 16221, 대한민국","node","415155208",""
"대한민국 경기도 수원시 장안구 영화동","OK","37.2927500","127.0136100","영화동, 장안구, 수원시, 경기도, 16269, 대한민국","node","415155204",""
"대한민국 경기도 수원시 장안구 율천동","OK","37.2978035","126.9715123","율천동 밤밭 문화센터, 35, 서부로2106번길, 율전동, 장안구, 수원시, 경기도, 16417, 대한민국","way","471369443",""
"대한민국 경기도 수원시 장안구 정자동","OK","37.2966073","126.9928359","정자동, 장안구, 수원시, 경기도, 16334, 대한민국","node","5029084446",""
"대한민국 경기도 수원시 장안구 조원동","OK","37.3039794","127.0122244","조원동, 장안구, 수원시, 경기도, 16283, 대한민국","node","7302517938",""
"대한민국 경기도 수원시 장안구 파장동","OK","37.3093591","126.9965323","파장동, 장안구, 수원시, 경기도, 16204, 대한민국","node","4686284681",""
"대한민국 경기도 수원시 팔달구 고등동","OK","37.2734763","127.0031678","고등동, 팔달구, 수원시, 경기도, 16447, 대한민국","node","415155181",""
"대한민국 경기도 수원시 팔달구 매교동","OK","37.2678861","127.0165984","매교동, 팔달구, 수원시, 경기도, 16467, 대한민국","node","415155183",""
"대한민국 경기도 수원시 팔달구 매산동","NOT_FOUND","","","","","",""
"대한민국 경기도 수원시 팔달구 우만동","OK","37.2843300","127.0327900","우만동, 팔달구, 수원시, 경기도, 16239, 대한민국","node","415155190",""
"대한민국 경기도 수원시 팔달구 인계동","OK","37.2682080","127.0293802","인계동, 팔달구, 수원시, 경기도, 16489, 대한민국","node","415155191",""
"대한민국 경기도 수원시 팔달구 지동","OK","37.2821700","127.0247700","지동, 팔달구, 수원시, 경기도, 16243, 대한민국","node","415155195",""
"대한민국 경기도 수원시 팔달구 행궁동","OK","37.2840392","127.0126351","행궁동 행정복지센터, 40, 신풍로23번길, 행리단길, 신풍동, 팔달구, 수원시, 경기도, 16251, 대한민국","way","477908691",""
"대한민국 경기도 수원시 팔달구 화서동","OK","37.2811000","126.9996100","화서동, 팔달구, 수원시, 경기도, 16438, 대한민국","node","415155203",""
"대한민국 경기도 시흥시 거북섬동","NOT_FOUND","","","","","",""
"대한민국 경기도 시흥시 과림동","OK","37.4316874","126.8332027","과림동, 시흥시, 경기도, 대한민국","relation","13375643",""
"대한민국 경기도 시흥시 군자동","OK","37.3548600","126.7803814","군자동, 시흥시, 경기도, 대한민국","relation","13375078",""
"대한민국 경기도 시흥시 능곡동","OK","37.3653126","126.8100453","능곡동, 시흥시, 경기도, 대한민국","relation","13375077",""
"대한민국 경기도 시흥시 대야동","OK","37.4551254","126.8013314","대야동, 시흥시, 경기도, 대한민국","relation","13375641",""
"대한민국 경기도 시흥시 매화동","OK","37.4084185","126.8223887","매화동, 시흥시, 경기도, 대한민국","relation","13375644",""
"대한민국 경기도 시흥시 목감동","OK","37.3820885","126.8516086","목감동, 시흥시, 경기도, 대한민국","relation","13375645",""
"대한민국 경기도 시흥시 배곧동","OK","37.3675747","126.7218267","배곧동, 배곧2동, 시흥시, 경기도, 15011, 대한민국","node","8900612946",""
"대한민국 경기도 시흥시 신천동","OK","37.4396138","126.7788556","신천동, 시흥시, 경기도, 대한민국","relation","13375243",""
"대한민국 경기도 시흥시 신현동","OK","37.4119011","126.7732818","신현동, 시흥시, 경기도, 대한민국","relation","13375227",""
"대한민국 경기도 시흥시 연성동","OK","37.3881123","126.8064654","연성동, 시흥시, 경기도, 대한민국","relation","13375226",""
"대한민국 경기도 시흥시 월곶동","OK","37.3840960","126.7561360","월곶동, 시흥시, 경기도, 대한민국","relation","13375080",""
"대한민국 경기도 시흥시 은행동","OK","37.4334715","126.8093504","은행동, 시흥시, 경기도, 대한민국","relation","13375642",""
"대한민국 경기도 시흥시 장곡동","OK","37.3828263","126.7822238","장곡동, 시흥시, 경기도, 대한민국","relation","13375079",""
"대한민국 경기도 시흥시 정왕동","OK","37.3439240","126.7308801","정왕동, 정왕2동, 시흥시, 경기도, 15082, 대한민국","node","415154897",""
"대한민국 경기도 시흥시 정왕본동","OK","37.3571249","126.7506570","정왕본동, 시흥시, 경기도, 대한민국","relation","13375015",""
"대한민국 경기도 안산시 단원구 고잔동","OK","37.3157805","126.8311620","고잔동, 단원구, 안산시, 경기도, 15462, 대한민국","node","4705474256",""
"대한민국 경기도 안산시 단원구 대부동","OK","37.1987754","126.5772581","대부동, 단원구, 안산시, 경기도, 대한민국","relation","13355137",""
"대한민국 경기도 안산시 단원구 백운동","OK","37.3281411","126.7971017","백운동 행정복지센터, 31, 원선로, 원곡동, 단원구, 안산시, 경기도, 15380, 대한민국","way","750671499",""
"대한민국 경기도 안산시 단원구 선부동","OK","37.3393461","126.8100178","선부동, 단원구, 안산시, 경기도, 15232, 대한민국","node","4705475396",""
"대한민국 경기도 안산시 단원구 신길동","OK","37.3335204","126.7737800","신길동, 단원구, 안산시, 경기도, 15400, 대한민국","node","4705474260",""
"대한민국 경기도 안산시 단원구 와동","OK","37.3403332","126.8259970","와동, 단원구, 안산시, 경기도, 15254, 대한민국","node","4705475397",""
"대한민국 경기도 안산시 단원구 원곡동","OK","37.3304454","126.7959133","원곡동, 단원구, 안산시, 경기도, 15379, 대한민국","node","4705475395",""
"대한민국 경기도 안산시 단원구 중앙동","OK","37.3237428","126.8376124","중앙동 행정복지센터, 76, 예술대학로, 고잔동, 단원구, 안산시, 경기도, 15339, 대한민국","way","499485081",""
"대한민국 경기도 안산시 단원구 초지동","OK","37.3134845","126.8115434","초지동, 단원구, 안산시, 경기도, 15440, 대한민국","node","4705474257",""
"대한민국 경기도 안산시 단원구 호수동","OK","37.3094921","126.8313312","호수동 우체국, 186, 광덕2로, 고잔동, 단원구, 안산시, 경기도, 15477, 대한민국","node","12690998327",""
"대한민국 경기도 안산시 상록구 반월동","OK","37.3060928","126.9022330","반월동 행정복지센터, 51, 건건로, 건건동, 삼천리, 상록구, 안산시, 경기도, 15521, 대한민국","node","4633931026",""
"대한민국 경기도 안산시 상록구 본오동","OK","37.2928744","126.8668397","본오동, 상록구, 안산시, 경기도, 15550, 대한민국","node","4705474242",""
"대한민국 경기도 안산시 상록구 부곡동","OK","37.3297885","126.8630566","부곡동, 상록구, 안산시, 경기도, 15309, 대한민국","node","4705474247",""
"대한민국 경기도 안산시 상록구 사동","OK","37.2899559","126.8430878","사동, 상록구, 안산시, 경기도, 15590, 대한민국","node","4705474243",""
"대한민국 경기도 안산시 상록구 사이동","OK","37.2897822","126.8518634","사이동 행정복지센터, 52, 감골1로, 사동, 상록구, 안산시, 경기도, 15623, 대한민국","way","507434489",""
"대한민국 경기도 안산시 상록구 성포동","OK","37.3216873","126.8495703","성포동, 상록구, 안산시, 경기도, 15294, 대한민국","node","4705474246",""
"대한민국 경기도 안산시 상록구 안산동","OK","37.3619063","126.8733391","안산동 행정복지센터, 315, 장하로, 장하동, 상록구, 안산시, 경기도, 15204, 대한민국","node","7817995101",""
"대한민국 경기도 안산시 상록구 월피동","OK","37.3339358","126.8482051","월피동, 상록구, 안산시, 경기도, 15282, 대한민국","node","4705474248",""
"대한민국 경기도 안산시 상록구 이동","OK","37.3102303","126.8546722","이동, 상록구, 안산시, 경기도, 15508, 대한민국","node","4705474244",""
"대한민국 경기도 안산시 상록구 일동","OK","37.3097058","126.8688060","일동, 상록구, 안산시, 경기도, 15326, 대한민국","node","4705474245",""
"대한민국 경기도 안산시 상록구 해양동","OK","37.2946758","126.8200206","해양동 행정복지센터, 8, 해양로, 상록구, 안산시, 경기도, 15595, 대한민국","way","471297439",""
"대한민국 경기도 안성시 고삼면","OK","37.0871000","127.2705400","고삼면, 안성시, 경기도, 대한민국","relation","20272378",""
"대한민국 경기도 안성시 공도읍","OK","36.9915000","127.1721400","공도읍, 안성시, 경기도, 대한민국","relation","20272377",""
"대한민국 경기도 안성시 금광면","OK","36.9814400","127.3327700","금광면, 안성시, 경기도, 대한민국","relation","20272383",""
"대한민국 경기도 안성시 대덕면","OK","37.0354700","127.2395800","대덕면, 안성시, 경기도, 대한민국","relation","20272382",""
"대한민국 경기도 안성시 미양면","OK","36.9714600","127.2216400","미양면, 안성시, 경기도, 대한민국","relation","2703350",""
"대한민국 경기도 안성시 보개면","OK","37.0452500","127.3095700","보개면, 안성시, 경기도, 17509, 대한민국","relation","20272376",""
"대한민국 경기도 안성시 삼죽면","OK","37.0679800","127.3676400","삼죽면, 안성시, 경기도, 대한민국","relation","20272379",""
"대한민국 경기도 안성시 서운면","OK","36.9428185","127.2553093","서운면, 안성시, 경기도, 대한민국","relation","2703335",""
"대한민국 경기도 안성시 안성동","NOT_FOUND","","","","","",""
"대한민국 경기도 안성시 양성면","OK","37.0715600","127.2148600","양성면, 안성시, 경기도, 대한민국","relation","20272380",""
"대한민국 경기도 안성시 원곡면","OK","37.0498578","127.1376566","원곡면, 안성시, 경기도, 대한민국","relation","20272381",""
"대한민국 경기도 안성시 일죽면","OK","37.0913900","127.4709100","일죽면, 안성시, 경기도, 대한민국","relation","20272385",""
"대한민국 경기도 안성시 죽산면","OK","37.0677159","127.4183430","죽산면, 안성시, 경기도, 대한민국","relation","20272384",""
"대한민국 경기도 안양시 동안구 갈산동","OK","37.3761398","126.9661539","갈산동, 평촌, 동안구, 안양시, 경기도, 대한민국","relation","9503156",""
"대한민국 경기도 안양시 동안구 관양동","OK","37.4043622","126.9641500","관양동, 관양1동, 평촌, 동안구, 안양시, 경기도, 13947, 대한민국","node","6417602048",""
"대한민국 경기도 안양시 동안구 귀인동","OK","37.3855259","126.9695096","귀인동, 평촌, 동안구, 안양시, 경기도, 대한민국","relation","9503155",""
"대한민국 경기도 안양시 동안구 달안동","OK","37.3960996","126.9501721","달안동, 평촌, 동안구, 안양시, 경기도, 대한민국","relation","9503148",""
"대한민국 경기도 안양시 동안구 범계동","OK","37.3897612","126.9525181","범계동, 평촌, 동안구, 안양시, 경기도, 대한민국","relation","9503153",""
"대한민국 경기도 안양시 동안구 부림동","OK","37.3987517","126.9594554","부림동, 평촌, 동안구, 안양시, 경기도, 대한민국","relation","9503147",""
"대한민국 경기도 안양시 동안구 부흥동","OK","37.3936710","126.9471645","부흥동, 평촌, 동안구, 안양시, 경기도, 대한민국","relation","9503149",""
"대한민국 경기도 안양시 동안구 비산동","OK","37.4011874","126.9428157","비산동, 비산3동, 평촌, 동안구, 안양시, 경기도, 13926, 대한민국","node","6417602047",""
"대한민국 경기도 안양시 동안구 신촌동","OK","37.3817868","126.9563074","신촌동, 평촌, 동안구, 안양시, 경기도, 대한민국","relation","9503152",""
"대한민국 경기도 안양시 동안구 인덕원동","NOT_FOUND","","","","","",""
"대한민국 경기도 안양시 동안구 평안동","OK","37.3903987","126.9643258","평안동, 평촌, 동안구, 안양시, 경기도, 대한민국","relation","9503151",""
"대한민국 경기도 안양시 동안구 평촌동","OK","37.3946757","126.9771614","평촌동, 평촌, 동안구, 안양시, 경기도, 대한민국","relation","9503150",""
"대한민국 경기도 안양시 동안구 호계동","OK","37.3779842","126.9543224","호계동, 호계2동, 평촌, 동안구, 안양시, 경기도, 14114, 대한민국","node","6417602050",""
"대한민국 경기도 안양시 만안구 명학동","NOT_FOUND","","","","","",""
"대한민국 경기도 안양시 만안구 박달동","OK","37.4022354","126.8956585","박달동, 만안구, 안양시, 경기도, 14015, 대한민국","node","4705475480",""
"대한민국 경기도 안양시 만안구 병목안동","NOT_FOUND","","","","","",""
"대한민국 경기도 안양시 만안구 석수동","OK","37.4201369","126.9061259","석수동, 만안구, 안양시, 경기도, 13962, 대한민국","node","4705475479",""
"대한민국 경기도 안양시 만안구 안양동","OK","37.3976904","126.9225717","안양동, 만안구, 안양시, 경기도, 13997, 대한민국","node","4705475481",""
"대한민국 경기도 안양시 만안구 충훈동","NOT_FOUND","","","","","",""
"대한민국 경기도 안양시 만안구 호현동","NOT_FOUND","","","","","",""
"대한민국 경기도 양주시 광적면","OK","37.8245077","126.9838784","광적면, 양주시, 경기도, 대한민국","relation","11560108",""
"대한민국 경기도 양주시 남면","OK","37.8979205","126.9765995","남면, 양주시, 경기도, 대한민국","relation","12736891",""
"대한민국 경기도 양주시 백석읍","OK","37.7948404","126.9855291","백석읍, 양주시, 경기도, 대한민국","relation","10657270",""
"대한민국 경기도 양주시 양주동","NOT_FOUND","","","","","",""
"대한민국 경기도 양주시 옥정동","OK","37.8207524","127.0869850","옥정동, 옥정2동, 옥정신도시, 양주시, 경기도, 11471, 대한민국","node","415152884",""
"대한민국 경기도 양주시 은현면","OK","37.8749598","127.0245042","은현면, 양주시, 경기도, 대한민국","relation","12737203",""
"대한민국 경기도 양주시 장흥면","OK","37.7177729","126.9412400","장흥면, 양주시, 경기도, 대한민국","relation","12736890",""
"대한민국 경기도 양주시 회천동","NOT_FOUND","","","","","",""
"대한민국 경기도 양평군 강상면","OK","37.4626300","127.4702700","강상면, 양평군, 경기도, 12572, 대한민국","node","415155132",""
"대한민국 경기도 양평군 강하면","OK","37.4696200","127.4056600","강하면, 양평군, 경기도, 12574, 대한민국","node","415155125",""
"대한민국 경기도 양평군 개군면","OK","37.4419737","127.5455780","개군면, 양평군, 경기도, 12568, 대한민국","node","415154776",""
"대한민국 경기도 양평군 단월면","OK","37.5876528","127.6363952","단월면, 양평군, 경기도, 12528, 대한민국","node","415153306",""
"대한민국 경기도 양평군 서종면","OK","37.6077900","127.4094200","서종면, 양평군, 경기도, 12501, 대한민국","node","415153529",""
"대한민국 경기도 양평군 양동면","OK","37.4466098","127.7392521","양동면, 양평군, 경기도, 12539, 대한민국","node","415154801",""
"대한민국 경기도 양평군 양서면","OK","37.5433928","127.3231712","양서면, 양평군, 경기도, 12585, 대한민국","node","415153521",""
"대한민국 경기도 양평군 양평읍","OK","37.4868673","127.4939730","양평읍, 양평군, 경기도, 12562, 대한민국","node","415154779",""
"대한민국 경기도 양평군 옥천면","OK","37.5179878","127.4560689","옥천면, 양평군, 경기도, 12507, 대한민국","node","4920826560",""
"대한민국 경기도 양평군 용문면","OK","37.5022823","127.5915757","용문면, 양평군, 경기도, 12515, 대한민국","node","415153313",""
"대한민국 경기도 양평군 지평면","OK","37.4476065","127.6425328","지평면, 양평군, 경기도, 12541, 대한민국","node","415154794",""
"대한민국 경기도 양평군 청운면","OK","37.5522302","127.7433406","청운면, 양평군, 경기도, 12530, 대한민국","node","415153370",""
"대한민국 경기도 여주시 가남읍","OK","37.2128600","127.5772400","가남읍, 여주시, 경기도, 12656, 대한민국","node","415155885",""
"대한민국 경기도 여주시 강천면","OK","37.2754700","127.7166200","강천면, 여주시, 경기도, 12616, 대한민국","node","415154818",""
"대한민국 경기도 여주시 금사면","OK","37.3990700","127.5023300","금사면, 여주시, 경기도, 12601, 대한민국","node","415154762",""
"대한민국 경기도 여주시 대신면","OK","37.3829300","127.5979900","대신면, 여주시, 경기도, 12608, 대한민국","node","415154732",""
"대한민국 경기도 여주시 북내면","OK","37.3470100","127.6806200","북내면, 여주시, 경기도, 12614, 대한민국","node","415154826",""
"대한민국 경기도 여주시 산북면","OK","37.4069039","127.4486074","산북면, 여주시, 경기도, 12603, 대한민국","node","415155146",""
"대한민국 경기도 여주시 세종대왕면","OK","37.2907700","127.5734000","세종대왕면, 여주시, 경기도, 12641, 대한민국","node","415154699",""
"대한민국 경기도 여주시 여흥동","OK","37.2950808","127.6398834","여흥동 행정복지센터, 148, 여흥로, 상동, 여주시, 경기도, 12628, 대한민국","node","7825497218",""
"대한민국 경기도 여주시 오학동","OK","37.3109191","127.6455998","오학동, 현암3리, 여주시, 경기도, 12637, 대한민국","node","415154719",""
"대한민국 경기도 여주시 점동면","OK","37.1912700","127.6815200","점동면, 여주시, 경기도, 12666, 대한민국","node","415155897",""
"대한민국 경기도 여주시 중앙동","OK","37.2986860","127.6289512","중앙동 행정복지센터, 26, 여흥로11번길, 하동, 여주시, 경기도, 12623, 대한민국","node","7825497217",""
"대한민국 경기도 여주시 흥천면","OK","37.3465800","127.5314200","흥천면, 여주시, 경기도, 12607, 대한민국","node","415154758",""
"대한민국 경기도 연천군 군남면","OK","38.0727312","127.0362672","군남면, 연천군, 경기도, 대한민국","relation","8727150",""
"대한민국 경기도 연천군 미산면","OK","38.0341500","126.9781600","미산면, 연천군, 경기도, 대한민국","relation","8727153",""
"대한민국 경기도 연천군 백학면","OK","38.0246253","126.8987729","백학면, 연천군, 경기도, 11048, 대한민국","relation","8727155",""
"대한민국 경기도 연천군 신서면","OK","38.1955620","127.1022950","신서면, 연천군, 경기도, 11000, 대한민국","relation","8727149",""
"대한민국 경기도 연천군 연천읍","OK","38.1039198","127.0756497","연천읍, 연천군, 경기도, 대한민국","relation","8727148",""
"대한민국 경기도 연천군 왕징면","OK","38.0958056","126.9337624","왕징면, 연천군, 경기도, 11044, 대한민국","relation","8727152",""
"대한민국 경기도 연천군 장남면","OK","37.9910400","126.8469600","장남면, 연천군, 경기도, 11050, 대한민국","relation","8727154",""
"대한민국 경기도 연천군 전곡읍","OK","37.9950067","127.0374364","전곡읍, 연천군, 경기도, 대한민국","relation","8727147",""
"대한민국 경기도 연천군 중면","OK","38.1588167","127.0174264","중면, 연천군, 경기도, 11004, 대한민국","relation","8727151",""
"대한민국 경기도 연천군 청산면","OK","38.0148200","127.1058100","청산면, 연천군, 경기도, 대한민국","relation","8727146",""
"대한민국 경기도 오산시 남촌동","OK","37.1545903","127.0634894","남촌동 행정복지센터, 55-5, 청학로, 청학동, 오산시, 경기도, 18119, 대한민국","node","368902029",""
"대한민국 경기도 오산시 대원동","OK","37.1386110","127.0717379","대원동 행정복지센터, 28, 오산로132번길, 갈곶동, 오산시, 경기도, 18143, 대한민국","node","368902021",""
"대한민국 경기도 오산시 세마동","OK","37.1883126","127.0408128","세마동 행정복지센터, 419, 독산성로, 세교동, 오산시, 경기도, 18105, 대한민국","node","7822517708",""
"대한민국 경기도 오산시 신장동","OK","37.1766365","127.0545602","신장동 행정복지센터, 45, 수청로, 내삼미동, 오산시, 경기도, 18108, 대한민국","way","468565757",""
"대한민국 경기도 오산시 중앙동","OK","37.1523481","127.0731353","중앙동 행정복지센터, 307, 경기대로, 은계동, 오산시, 경기도, 18135, 대한민국","node","368902033",""
"대한민국 경기도 오산시 초평동","OK","37.1400664","127.0440104","초평동 행정복지센터, 77, 초평중앙로, 탑동, 오산시, 경기도, 18127, 대한민국","node","368902026",""
"대한민국 경기도 용인시 기흥구 구갈동","OK","37.2748500","127.1225900","구갈동, 기흥구, 용인시, 경기도, 17066, 대한민국","node","415155226",""
"대한민국 경기도 용인시 기흥구 구성동","OK","37.2967589","127.1190441","구성동 행정복지센터, 17, 구성로77번길, 마북동, 기흥구, 용인시, 경기도, 16917, 대한민국","way","424516090",""
"대한민국 경기도 용인시 기흥구 기흥동","OK","37.2314789","127.1155335","기흥동 행정복지센터, 12-14, 고매로43번길, 공세동, 기흥구, 용인시, 경기도, 17085, 대한민국","way","469017699",""
"대한민국 경기도 용인시 기흥구 동백동","OK","37.2857563","127.1594247","동백동, 기흥구, 용인시, 경기도, 17000, 대한민국","node","4686284673",""
"대한민국 경기도 용인시 기흥구 마북동","OK","37.3003279","127.1170325","마북동, 기흥구, 용인시, 경기도, 16909, 대한민국","node","415155239",""
"대한민국 경기도 용인시 기흥구 보라동","OK","37.2527118","127.1143984","보라동, 기흥구, 용인시, 경기도, 17079, 대한민국","node","415156446",""
"대한민국 경기도 용인시 기흥구 보정동","OK","37.3185389","127.1156843","보정동, 기흥구, 용인시, 경기도, 16898, 대한민국","node","415155240",""
"대한민국 경기도 용인시 기흥구 상갈동","OK","37.2649800","127.1147000","상갈동, 기흥구, 용인시, 경기도, 17068, 대한민국","node","415155224",""
"대한민국 경기도 용인시 기흥구 상하동","OK","37.2636069","127.1400337","상하동, 기흥구, 용인시, 경기도, 17070, 대한민국","node","415155228",""
"대한민국 경기도 용인시 기흥구 서농동","OK","37.2380035","127.0682692","서농동 행정복지센터, 79, 서천서로, 서천동, 기흥구, 용인시, 경기도, 17109, 대한민국","way","801815061",""
"대한민국 경기도 용인시 기흥구 신갈동","OK","37.2784708","127.1023373","신갈동, 기흥구, 용인시, 경기도, 16969, 대한민국","node","415155223",""
"대한민국 경기도 용인시 기흥구 영덕동","OK","37.2730290","127.0812559","영덕동, 기흥구, 용인시, 경기도, 16950, 대한민국","node","415155216",""
"대한민국 경기도 용인시 수지구 동천동","OK","37.3403800","127.0856400","동천동, 신봉동, 수지구, 용인시, 경기도, 16822, 대한민국","node","415155214",""
"대한민국 경기도 용인시 수지구 상현동","OK","37.3031800","127.0770400","상현동, 신봉동, 수지구, 용인시, 경기도, 16862, 대한민국","node","415155218",""
"대한민국 경기도 용인시 수지구 성복동","OK","37.3160035","127.0710645","성복동 수호수 느티나무, 신봉동, 수지구, 용인시, 경기도, 대한민국","way","469067481",""
"대한민국 경기도 용인시 수지구 신봉동","OK","37.3206926","127.0833645","신봉동, 수지구, 용인시, 경기도, 16845, 대한민국","node","8530589799",""
"대한민국 경기도 용인시 수지구 죽전동","OK","37.3292000","127.1163100","죽전동, 신봉동, 수지구, 용인시, 경기도, 16872, 대한민국","node","415155241",""
"대한민국 경기도 용인시 수지구 풍덕천동","OK","37.3239700","127.0949500","풍덕천동, 신봉동, 수지구, 용인시, 경기도, 16837, 대한민국","node","415155238",""
"대한민국 경기도 용인시 처인구 남사읍","OK","37.1157224","127.1504900","남사읍 행정복지센터, 22, 봉무로15번길, 처인구, 용인시, 경기도, 17118, 대한민국","node","7816846161",""
"대한민국 경기도 용인시 처인구 동부동","OK","37.2328948","127.2191825","동부동 행정복지센터, 1574, 중부대로, 마평동, 처인구, 용인시, 경기도, 17144, 대한민국","way","478289677",""
"대한민국 경기도 용인시 처인구 모현읍","OK","37.3297000","127.2170300","모현읍, 처인구, 용인시, 경기도, 대한민국","relation","14068557",""
"대한민국 경기도 용인시 처인구 백암면","OK","37.1634125","127.3754054","백암면 행정복지센터, 189, 백암로, 처인구, 용인시, 경기도, 17178, 대한민국","node","7816846158",""
"대한민국 경기도 용인시 처인구 삼가동","OK","37.2406000","127.1660600","삼가동, 처인구, 용인시, 경기도, 17091, 대한민국","node","415156453",""
"대한민국 경기도 용인시 처인구 양지읍","OK","37.2354917","127.2798585","양지읍 행정복지센터, 5, 양지로105번길, 처인구, 용인시, 경기도, 17158, 대한민국","node","7816846157",""
"대한민국 경기도 용인시 처인구 역북동","OK","37.2357419","127.1886075","역북동, 처인구, 용인시, 경기도, 17055, 대한민국","node","415156461",""
"대한민국 경기도 용인시 처인구 원삼면","OK","37.1665125","127.3133844","원삼면 행정복지센터, 64, 원양로, 용인 반도체클러스터 일반산업단지, 처인구, 용인시, 경기도, 17168, 대한민국","way","988839843",""
"대한민국 경기도 용인시 처인구 유림동","OK","37.2573755","127.2125964","유림동.방축, 백옥대로, 유방동, 처인구, 용인시, 경기도, 17041, 대한민국","node","13403781296",""
"대한민국 경기도 용인시 처인구 이동읍","OK","37.1411028","127.1962022","이동읍 행정복지센터, 673, 경기동로, 처인구, 용인시, 경기도, 17136, 대한민국","node","7816846160",""
"대한민국 경기도 용인시 처인구 중앙동","NOT_FOUND","","","","","",""
"대한민국 경기도 용인시 처인구 포곡읍","OK","37.2778094","127.2308608","포곡읍 행정복지센터, 258, 포곡로, 처인구, 용인시, 경기도, 17028, 대한민국","node","7816846163",""
"대한민국 경기도 의왕시 고천동","OK","37.3414144","126.9872221","고천동, 의왕시, 경기도, 대한민국","relation","7778140",""
"대한민국 경기도 의왕시 내손동","OK","37.3821161","126.9790943","내손동, 내손2동, 의왕시, 경기도, 16031, 대한민국","node","4705475457",""
"대한민국 경기도 의왕시 부곡동","OK","37.3237611","126.9568136","부곡동, 의왕시, 경기도, 대한민국","relation","7456875",""
"대한민국 경기도 의왕시 오전동","OK","37.3610269","126.9826253","오전동, 의왕시, 경기도, 대한민국","relation","7778139",""
"대한민국 경기도 의왕시 청계동","OK","37.3843639","127.0117299","청계동, 의왕시, 경기도, 대한민국","relation","8814616",""
"대한민국 경기도 의정부시 가능동","OK","37.7495468","127.0322159","가능동, 의정부시, 경기도, 대한민국","relation","15572150",""
"대한민국 경기도 의정부시 고산동","OK","37.7314300","127.1043300","고산동, 의정부시, 경기도, 11801, 대한민국","node","415154148",""
"대한민국 경기도 의정부시 녹양동","OK","37.7632835","127.0341847","녹양동, 의정부시, 경기도, 대한민국","relation","15571726",""
"대한민국 경기도 의정부시 송산동","OK","37.7199369","127.1017226","고산동.빼뻘, 송산로, 용현동, 의정부시, 경기도, 11799, 대한민국","node","357865975",""
"대한민국 경기도 의정부시 신곡동","OK","37.7374524","127.0600135","신곡동, 신곡2동, 의정부시, 경기도, 11747, 대한민국","node","415154140",""
"대한민국 경기도 의정부시 의정부동","OK","37.7393544","127.0464579","의정부동, 의정부1동, 의정부시, 경기도, 11696, 대한민국","node","415154141",""
"대한민국 경기도 의정부시 자금동","OK","37.7620045","127.0816396","자금동, 의정부시, 경기도, 대한민국","relation","18146452",""
"대한민국 경기도 의정부시 장암동","OK","37.7069742","127.0617178","장암동, 의정부시, 경기도, 대한민국","relation","15572154",""
"대한민국 경기도 의정부시 호원동","OK","37.7174363","127.0396935","호원동, 호원1동, 의정부시, 경기도, 11641, 대한민국","node","415154137",""
"대한민국 경기도 의정부시 흥선동","OK","37.7365815","127.0174955","흥선동, 의정부시, 경기도, 대한민국","relation","15572152",""
"대한민국 경기도 이천시 관고동","OK","37.2865789","127.4204930","관고동, 이천시, 경기도, 대한민국","relation","20275030",""
"대한민국 경기도 이천시 대월면","OK","37.2144300","127.5004400","대월면, 이천시, 경기도, 대한민국","relation","20275033",""
"대한민국 경기도 이천시 마장면","OK","37.2497263","127.3634125","마장면, 이천시, 경기도, 대한민국","relation","20275040",""
"대한민국 경기도 이천시 모가면","OK","37.1730510","127.4662734","모가면, 이천시, 경기도, 17408, 대한민국","relation","20275034",""
"대한민국 경기도 이천시 백사면","OK","37.3244400","127.4862800","백사면, 이천시, 경기도, 대한민국","relation","20275039",""
"대한민국 경기도 이천시 부발읍","OK","37.2834010","127.4872796","부발읍, 이천시, 경기도, 대한민국","relation","20275036",""
"대한민국 경기도 이천시 설성면","OK","37.1401200","127.5247100","설성면, 이천시, 경기도, 17411, 대한민국","relation","20275041",""
"대한민국 경기도 이천시 신둔면","OK","37.3105300","127.4072900","신둔면, 이천시, 경기도, 대한민국","relation","20275038",""
"대한민국 경기도 이천시 율면","OK","37.0937144","127.5482665","율면, 이천시, 경기도, 17423, 대한민국","relation","20275042",""
"대한민국 경기도 이천시 장호원읍","OK","37.1318100","127.5969800","장호원읍, 이천시, 경기도, 대한민국","relation","20275035",""
"대한민국 경기도 이천시 중리동","OK","37.2380787","127.4588829","중리동, 이천시, 경기도, 대한민국","relation","20275028",""
"대한민국 경기도 이천시 증포동","OK","37.2886953","127.4558688","증포동, 이천시, 경기도, 대한민국","relation","20275029",""
"대한민국 경기도 이천시 창전동","OK","37.2830213","127.4473830","창전동, 이천시, 경기도, 대한민국","relation","20275032",""
"대한민국 경기도 이천시 호법면","OK","37.2170000","127.4184300","호법면, 이천시, 경기도, 대한민국","relation","20275037",""
"대한민국 경기도 파주시 광탄면","OK","37.7797029","126.8821362","광탄면, 파주시, 경기도, 대한민국","relation","8530818",""
"대한민국 경기도 파주시 교하동","OK","37.7260940","126.7019257","교하동, 파주시, 경기도, 대한민국","relation","8530812",""
"대한민국 경기도 파주시 금촌동","OK","37.7584627","126.7697535","금촌동, 금촌1동, 파주시, 경기도, 10926, 대한민국","node","415152746",""
"대한민국 경기도 파주시 문산읍","OK","37.8637399","126.7819766","문산읍, 파주시, 경기도, 대한민국","relation","8530821",""
"대한민국 경기도 파주시 법원읍","OK","37.8656000","126.8905700","법원읍, 파주시, 경기도, 대한민국","relation","8530807",""
"대한민국 경기도 파주시 운정동","NOT_FOUND","","","","","",""
"대한민국 경기도 파주시 월롱면","OK","37.7978400","126.7909200","월롱면, 파주시, 경기도, 대한민국","relation","8530816",""
"대한민국 경기도 파주시 장단면","OK","37.8769367","126.7123046","장단면, 파주시, 경기도, 대한민국","relation","8528010",""
"대한민국 경기도 파주시 적성면","OK","37.9661500","126.9245393","적성면, 파주시, 경기도, 대한민국","relation","8530822",""
"대한민국 경기도 파주시 조리읍","OK","37.7532481","126.8140871","조리읍, 파주시, 경기도, 대한민국","relation","8530808",""
"대한민국 경기도 파주시 탄현면","OK","37.8091900","126.7101500","탄현면, 파주시, 경기도, 대한민국","relation","8530820",""
"대한민국 경기도 파주시 파주읍","OK","37.8292632","126.8164928","파주읍, 파주시, 경기도, 대한민국","relation","8530817",""
"대한민국 경기도 파주시 파평면","OK","37.9141511","126.8527670","파평면, 파주시, 경기도, 대한민국","relation","8530823",""
"대한민국 경기도 평택시 고덕동","OK","37.0480854","127.0363555","고덕동, 평택시, 경기도, 18007, 대한민국","node","415156315",""
"대한민국 경기도 평택시 고덕면","OK","37.0334835","127.0132264","고덕면, 평택시, 경기도, 18021, 대한민국","node","415156317",""
"대한민국 경기도 평택시 동삭동","OK","37.0152300","127.0998600","동삭동, 평택시, 경기도, 17848, 대한민국","node","415156337",""
"대한민국 경기도 평택시 비전동","OK","37.0008941","127.1007780","비전동, 평택시, 경기도, 17851, 대한민국","node","415158075",""
"대한민국 경기도 평택시 서정동","OK","37.0678815","127.0546499","서정동, 송탄, 당현리, 평택시, 경기도, 17772, 대한민국","node","415156318",""
"대한민국 경기도 평택시 서탄면","OK","37.1088408","127.0277445","서탄면, 평택시, 경기도, 17704, 대한민국","node","4685395175",""
"대한민국 경기도 평택시 세교동","OK","37.0061508","127.0834733","세교동, 평택시, 경기도, 17835, 대한민국","node","415156338",""
"대한민국 경기도 평택시 송북동","OK","37.0816418","127.0602516","송북동 행정복지센터, 113, 지산2로, 독곡동, 송탄, 신리, 평택시, 경기도, 17756, 대한민국","node","368902058",""
"대한민국 경기도 평택시 송탄동","OK","37.0444047","127.0948511","송탄동 행정복지센터, 117, 방여울로, 가재동, 평택시, 경기도, 17742, 대한민국","node","368902042",""
"대한민국 경기도 평택시 신장동","OK","37.0816300","127.0495700","신장동, 송탄, 당현리, 평택시, 경기도, 17758, 대한민국","node","415156320",""
"대한민국 경기도 평택시 신평동","NOT_FOUND","","","","","",""
"대한민국 경기도 평택시 안중읍","OK","36.9871501","126.9271689","안중읍, 평택시, 경기도, 17936, 대한민국","node","415157856",""
"대한민국 경기도 평택시 오성면","OK","37.0102258","126.9842484","오성면, 평택시, 경기도, 17819, 대한민국","node","4685395169",""
"대한민국 경기도 평택시 용이동","OK","37.0000400","127.1421400","용이동, 평택시, 경기도, 17867, 대한민국","node","415158086",""
"대한민국 경기도 평택시 원평동","OK","36.9892586","127.0804766","원평동 행정복지센터, 9, 원평2로, 통복동, 신궁리, 평택시, 경기도, 17921, 대한민국","way","827781344",""
"대한민국 경기도 평택시 중앙동","OK","37.0553622","127.0560079","중앙동 행정복지센터, 16, 서정역로, 장당동, 송탄, 고덕동, 평택시, 경기도, 17783, 대한민국","node","7819627771",""
"대한민국 경기도 평택시 지산동","OK","37.0787341","127.0672852","지산동, 송탄, 진위면, 평택시, 경기도, 17727, 대한민국","node","4685017607",""
"대한민국 경기도 평택시 진위면","OK","37.1088700","127.0840700","진위면, 평택시, 경기도, 17712, 대한민국","node","415156419",""
"대한민국 경기도 평택시 청북읍","OK","37.0392736","126.9330358","청북읍, 평택시, 경기도, 17812, 대한민국","node","415156240",""
"대한민국 경기도 평택시 통복동","OK","36.9896300","127.0777500","통복동, 신궁리, 평택시, 경기도, 17921, 대한민국","node","415158073",""
"대한민국 경기도 평택시 팽성읍","OK","36.9612668","127.0439500","팽성읍, 평택시, 경기도, 17982, 대한민국","node","415158065",""
"대한민국 경기도 평택시 포승읍","OK","36.9808400","126.8653400","포승읍, 평택시, 경기도, 17965, 대한민국","node","415157908",""
"대한민국 경기도 평택시 현덕면","OK","36.9483725","126.9237016","현덕면, 평택시, 경기도, 17946, 대한민국","node","415157917",""
"대한민국 경기도 포천시 가산면","OK","37.8359533","127.1919212","가산면, 포천시, 경기도, 11164, 대한민국","node","415152961",""
"대한민국 경기도 포천시 관인면","OK","38.1370600","127.2397700","관인면, 포천시, 경기도, 11101, 대한민국","node","415152237",""
"대한민국 경기도 포천시 군내면","OK","37.8772300","127.2219800","군내면, 포천시, 경기도, 11155, 대한민국","node","415152957",""
"대한민국 경기도 포천시 내촌면","OK","37.7981539","127.2341011","내촌면, 포천시, 경기도, 11189, 대한민국","node","415152949",""
"대한민국 경기도 포천시 선단동","OK","37.8642666","127.1466017","선단동, 포천시, 경기도, 대한민국","relation","18347526",""
"대한민국 경기도 포천시 소흘읍","OK","37.8039536","127.1496410","소흘읍, 포천시, 경기도, 11182, 대한민국","node","415152890",""
"대한민국 경기도 포천시 신북면","OK","37.9456000","127.1783800","신북면, 포천시, 경기도, 대한민국","relation","14271209",""
"대한민국 경기도 포천시 영북면","OK","38.0769600","127.2746200","영북면, 포천시, 경기도, 11107, 대한민국","node","415152099",""
"대한민국 경기도 포천시 영중면","OK","38.0061106","127.2444728","영중면, 포천시, 경기도, 11129, 대한민국","node","415152243",""
"대한민국 경기도 포천시 이동면","OK","38.0387563","127.3658983","이동면, 포천시, 경기도, 11113, 대한민국","node","415152102",""
"대한민국 경기도 포천시 일동면","OK","37.9599732","127.3215602","일동면, 포천시, 경기도, 11116, 대한민국","node","415152729",""
"대한민국 경기도 포천시 창수면","OK","38.0202500","127.1755700","창수면, 포천시, 경기도, 11134, 대한민국","node","415152246",""
"대한민국 경기도 포천시 포천동","OK","37.8915944","127.1801797","포천동, 포천시, 경기도, 대한민국","relation","18347993",""
"대한민국 경기도 포천시 화현면","OK","37.8971547","127.2817387","화현면, 포천시, 경기도, 11123, 대한민국","node","415152720",""
"대한민국 경기도 하남시 감북동","OK","37.5187770","127.1565830","감북동, 하남시, 경기도, 대한민국","relation","13316466",""
"대한민국 경기도 하남시 감일동","OK","37.5000721","127.1682337","감일동, 하남시, 경기도, 대한민국","relation","13316465",""
"대한민국 경기도 하남시 덕풍동","OK","37.5451587","127.2021787","덕풍동, 덕풍3동, 하남시, 경기도, 12936, 대한민국","node","415154182",""
"대한민국 경기도 하남시 미사동","OK","37.5698900","127.2054400","미사동, 미사리, 미사1동, 하남시, 경기도, 12900, 대한민국","node","415154193",""
"대한민국 경기도 하남시 신장동","OK","37.5426986","127.2133852","신장동, 신장2동, 하남시, 경기도, 12950, 대한민국","node","415154183",""
"대한민국 경기도 하남시 위례동","OK","37.4822575","127.1616045","위례동, 하남시, 경기도, 대한민국","relation","13316464",""
"대한민국 경기도 하남시 천현동","OK","37.5131064","127.2458999","천현동, 하남시, 경기도, 대한민국","relation","13316269",""
"대한민국 경기도 하남시 초이동","OK","37.5318250","127.1749883","초이동, 하남시, 경기도, 대한민국","relation","13316270",""
"대한민국 경기도 하남시 춘궁동","OK","37.5064520","127.1977057","춘궁동, 하남시, 경기도, 대한민국","relation","13305815",""
"대한민국 경기도 화성시 동탄구 동탄동","NOT_FOUND","","","","","",""
"대한민국 경기도 화성시 만세구 남양읍","OK","37.2098661","126.8219260","남양읍, 만세구, 화성시, 경기도, 대한민국","relation","20619572",""
"대한민국 경기도 화성시 만세구 마도면","OK","37.2055325","126.7696540","마도면 행정복지센터, 389, 마도북로, 만세구, 화성시, 경기도, 18537, 대한민국","node","4633874406",""
"대한민국 경기도 화성시 만세구 새솔동","OK","37.2814080","126.8189116","새솔동, 만세구, 화성시, 경기도, 대한민국","relation","20619539",""
"대한민국 경기도 화성시 만세구 서신면","OK","37.1665592","126.7087827","서신면 행정복지센터, 1702, 궁평항로, 만세구, 화성시, 경기도, 18555, 대한민국","node","4639341823",""
"대한민국 경기도 화성시 만세구 송산면","OK","37.2178997","126.7391529","송산면 행정복지센터, 12, 매봉산길, 수노을그린팰리스 2차, 만세구, 화성시, 경기도, 18549, 대한민국","way","472035844",""
"대한민국 경기도 화성시 만세구 양감면","OK","37.0815708","126.9455851","양감면 행정복지센터, 7, 초록로, 만세구, 화성시, 경기도, 18633, 대한민국","node","414873701",""
"대한민국 경기도 화성시 만세구 우정읍","OK","37.0898420","126.8154337","우정읍 행정복지센터, 109-14, 쌍봉로, 만세구, 화성시, 경기도, 18563, 대한민국","node","414885599",""
"대한민국 경기도 화성시 만세구 장안면","OK","37.0797371","126.8313313","장안면 행정복지센터, 1460-7, 포승장안로, 만세구, 화성시, 경기도, 18584, 대한민국","way","468942869",""
"대한민국 경기도 화성시 만세구 팔탄면","OK","37.1362666","126.8789260","팔탄면 체육센터, 서해안고속도로, 만세구, 화성시, 경기도, 18577, 대한민국","way","1122662793",""
"대한민국 경기도 화성시 만세구 향남읍","OK","37.1324577","126.9203262","향남읍 행정복지센터, 89, 발안로, 만세구, 화성시, 경기도, 18592, 대한민국","way","469217759",""
"대한민국 경기도 화성시 병점구 반월동","OK","37.2301800","127.0649700","반월동, 병점구, 화성시, 경기도, 대한민국","relation","14361744",""
"대한민국 경기도 화성시 병점구 병점동","OK","37.2072052","127.0419929","병점동, 병점2동, 병점구, 화성시, 경기도, 18410, 대한민국","node","415156422",""
"대한민국 경기도 화성시 병점구 진안동","OK","37.2154948","127.0378136","진안동, 병점구, 화성시, 경기도, 18392, 대한민국","node","3880267935",""
"대한민국 경기도 화성시 병점구 화산동","OK","37.2061527","127.0148452","화산동 행정복지센터, 16, 화산중앙로, 송산동, 병점구, 화성시, 경기도, 18360, 대한민국","node","7819627776",""
"대한민국 경기도 화성시 효행구 기배동","OK","37.2243819","126.9859687","기배동, 효행구, 화성시, 경기도, 대한민국","relation","20506580",""
"대한민국 경기도 화성시 효행구 매송면","OK","37.2554048","126.9086701","매송면, 효행구, 화성시, 경기도, 대한민국","relation","20618763",""
"대한민국 경기도 화성시 효행구 봉담읍","OK","37.1948200","126.9428800","봉담읍, 효행구, 화성시, 경기도, 대한민국","relation","20618744",""
"대한민국 경기도 화성시 효행구 비봉면","OK","37.2348300","126.8696200","비봉면, 효행구, 화성시, 경기도, 대한민국","relation","20618762",""
"대한민국 경기도 화성시 효행구 정남면","OK","37.1603631","126.9713854","정남면, 효행구, 화성시, 경기도, 대한민국","relation","20506599",""
"대한민국 서울특별시 강남구 개포동","OK","37.4891184","127.0660366","개포동, 개포로, 달터마을, 개포2동, 강남구, 서울특별시, 06329, 대한민국","node","6312484730",""
"대한민국 서울특별시 강남구 논현동","OK","37.5123018","127.0294935","논현동, 논현1동, 강남구, 서울특별시, 06112, 대한민국","node","415153961",""
"대한민국 서울특별시 강남구 대치동","OK","37.4989205","127.0657857","대치동, 강남구, 서울특별시, 대한민국","relation","3880708",""
"대한민국 서울특별시 강남구 도곡동","OK","37.4878395","127.0438569","도곡동, 도곡1동, 강남구, 서울특별시, 06274, 대한민국","node","415155291",""
"대한민국 서울특별시 강남구 삼성동","OK","37.5152233","127.0549741","삼성동, 강남구, 서울특별시, 대한민국","relation","3880726",""
"대한민국 서울특별시 강남구 세곡동","OK","37.4708898","127.1033677","세곡동, 강남구, 서울특별시, 대한민국","relation","3880739",""
"대한민국 서울특별시 강남구 수서동","OK","37.4844500","127.0983800","수서동, 강남구, 서울특별시, 대한민국","relation","3880740",""
"대한민국 서울특별시 강남구 신사동","OK","37.5223206","127.0277019","신사동, 강남구, 서울특별시, 대한민국","relation","5598056",""
"대한민국 서울특별시 강남구 압구정동","OK","37.5300432","127.0313346","압구정동, 강남구, 서울특별시, 대한민국","relation","5598057",""
"대한민국 서울특별시 강남구 역삼동","OK","37.4998800","127.0385600","역삼동, 역삼2동, 강남구, 서울특별시, 06220, 대한민국","node","415155292",""
"대한민국 서울특별시 강남구 일원동","OK","37.4875400","127.0870500","일원동, 일원본동, 강남구, 서울특별시, 06351, 대한민국","node","415155297",""
"대한민국 서울특별시 강남구 일원본동","OK","37.4827959","127.0861900","일원본동, 강남구, 서울특별시, 대한민국","relation","3880734",""
"대한민국 서울특별시 강남구 청담동","OK","37.5257536","127.0523217","청담동, 강남구, 서울특별시, 대한민국","relation","3880711",""
"대한민국 서울특별시 강동구 강일동","OK","37.5672300","127.1713000","강일동, 강동구, 서울특별시, 05211, 대한민국","node","415154073",""
"대한민국 서울특별시 강동구 고덕동","OK","37.5652800","127.1576100","고덕동, 고덕2동, 강동구, 서울특별시, 05203, 대한민국","node","415154072",""
"대한민국 서울특별시 강동구 길동","OK","37.5383683","127.1402049","길동, 양재대로, 길동, 강동구, 서울특별시, 05342, 대한민국","node","6039313602",""
"대한민국 서울특별시 강동구 둔촌동","OK","37.5278024","127.1362433","둔촌동, 양재대로, 성내3동, 강동구, 서울특별시, 05376, 대한민국","node","6039313056",""
"대한민국 서울특별시 강동구 명일동","OK","37.5484100","127.1515800","명일동, 명일2동, 강동구, 서울특별시, 05272, 대한민국","node","415154071",""
"대한민국 서울특별시 강동구 상일동","OK","37.5567762","127.1667789","상일동, 고덕로, 고덕동, 상일1동, 강동구, 서울특별시, 05224, 대한민국","node","6039313589",""
"대한민국 서울특별시 강동구 성내동","OK","37.5299800","127.1287500","성내동, 성내1동, 강동구, 서울특별시, 05394, 대한민국","node","415154058",""
"대한민국 서울특별시 강동구 암사동","OK","37.5582352","127.1308542","암사동, 암사3동, 강동구, 서울특별시, 05239, 대한민국","node","415154070",""
"대한민국 서울특별시 강동구 천호동","OK","37.5429400","127.1273300","천호동, 천호2동, 강동구, 서울특별시, 05324, 대한민국","node","415154057",""
"대한민국 서울특별시 강북구 미아동","OK","37.6220808","127.0209076","미아동, 강북구, 서울특별시, 대한민국","relation","3883103",""
"대한민국 서울특별시 강북구 번동","OK","37.6292271","127.0374758","번동, 강북구, 서울특별시, 대한민국","relation","3883104",""
"대한민국 서울특별시 강북구 삼각산동","OK","37.6161991","127.0171852","삼각산동, 강북구, 서울특별시, 대한민국","relation","3883111",""
"대한민국 서울특별시 강북구 삼양동","OK","37.6245054","127.0134256","삼양동, 강북구, 서울특별시, 대한민국","relation","3883112",""
"대한민국 서울특별시 강북구 송중동","OK","37.6173962","127.0341128","송중동, 강북구, 서울특별시, 대한민국","relation","3883113",""
"대한민국 서울특별시 강북구 송천동","OK","37.6183872","127.0252978","송천동, 강북구, 서울특별시, 대한민국","relation","3883114",""
"대한민국 서울특별시 강북구 수유동","OK","37.6365970","127.0043825","수유동, 강북구, 서울특별시, 대한민국","relation","3883105",""
"대한민국 서울특별시 강북구 우이동","OK","37.6575291","127.0089505","우이동, 강북구, 서울특별시, 대한민국","relation","3883106",""
"대한민국 서울특별시 강북구 인수동","OK","37.6370627","127.0012170","인수동, 강북구, 서울특별시, 대한민국","relation","3883117",""
"대한민국 서울특별시 강서구 가양동","OK","37.5678839","126.8498488","가양동, 강서구, 서울특별시, 대한민국","relation","3881438",""
"대한민국 서울특별시 강서구 공항동","OK","37.5559097","126.7932758","공항동, 강서구, 서울특별시, 대한민국","relation","3880524",""
"대한민국 서울특별시 강서구 등촌동","OK","37.5520560","126.8615649","등촌동, 강서구, 서울특별시, 대한민국","relation","3881451",""
"대한민국 서울특별시 강서구 발산동","NOT_FOUND","","","","","",""
"대한민국 서울특별시 강서구 방화동","OK","37.5768200","126.8142200","방화동, 방화3동, 강서구, 서울특별시, 07511, 대한민국","node","415153596",""
"대한민국 서울특별시 강서구 염창동","OK","37.5553472","126.8725283","염창동, 강서구, 서울특별시, 대한민국","relation","3880538",""
"대한민국 서울특별시 강서구 우장산동","OK","37.5502949","126.8412122","우장산동, 강서구, 서울특별시, 대한민국","relation","3880550",""
"대한민국 서울특별시 강서구 화곡동","OK","37.5421340","126.8441752","화곡동, 강서구, 서울특별시, 대한민국","relation","3881439",""
"대한민국 서울특별시 강서구 화곡본동","OK","37.5430162","126.8488954","화곡본동, 강서구, 서울특별시, 대한민국","relation","3880557",""
"대한민국 서울특별시 관악구 낙성대동","OK","37.4682402","126.9590265","낙성대동, 관악구, 서울특별시, 대한민국","relation","3878896",""
"대한민국 서울특별시 관악구 난곡동","OK","37.4707433","126.9202974","난곡동, 관악구, 서울특별시, 대한민국","relation","3878789",""
"대한민국 서울특별시 관악구 난향동","OK","37.4617772","126.9186527","난향동, 관악구, 서울특별시, 대한민국","relation","3878843",""
"대한민국 서울특별시 관악구 남현동","OK","37.4620535","126.9793641","남현동, 관악구, 서울특별시, 대한민국","relation","9645444",""
"대한민국 서울특별시 관악구 대학동","OK","37.4533083","126.9525963","대학동, 관악구, 서울특별시, 대한민국","relation","3878844",""
"대한민국 서울특별시 관악구 미성동","OK","37.4742580","126.9151197","미성동, 관악구, 서울특별시, 대한민국","relation","3878790",""
"대한민국 서울특별시 관악구 보라매동","OK","37.4909111","126.9318486","보라매동, 관악구, 서울특별시, 대한민국","relation","3878901",""
"대한민국 서울특별시 관악구 삼성동","OK","37.4633268","126.9292176","삼성동, 관악구, 서울특별시, 대한민국","relation","3878845",""
"대한민국 서울특별시 관악구 서림동","OK","37.4726426","126.9403939","서림동, 관악구, 서울특별시, 대한민국","relation","3878846",""
"대한민국 서울특별시 관악구 서원동","OK","37.4798326","126.9337832","서원동, 관악구, 서울특별시, 대한민국","relation","2424062",""
"대한민국 서울특별시 관악구 성현동","OK","37.4898358","126.9515644","성현동, 관악구, 서울특별시, 대한민국","relation","3878883",""
"대한민국 서울특별시 관악구 신림동","OK","37.4868970","126.9281770","신림동, 관악구, 서울특별시, 대한민국","relation","3878791",""
"대한민국 서울특별시 관악구 신사동","OK","37.4857442","126.9186975","신사동, 관악구, 서울특별시, 대한민국","relation","3775530",""
"대한민국 서울특별시 관악구 신원동","OK","37.4793846","126.9269359","신원동, 관악구, 서울특별시, 대한민국","relation","3878792",""
"대한민국 서울특별시 관악구 은천동","OK","37.4873111","126.9430350","은천동, 관악구, 서울특별시, 대한민국","relation","2424060",""
"대한민국 서울특별시 관악구 인헌동","OK","37.4694855","126.9670581","인헌동, 관악구, 서울특별시, 대한민국","relation","3878898",""
"대한민국 서울특별시 관악구 조원동","OK","37.4831117","126.9079604","조원동, 관악구, 서울특별시, 대한민국","relation","3775531",""
"대한민국 서울특별시 관악구 중앙동","OK","37.4840096","126.9507216","중앙동, 관악구, 서울특별시, 대한민국","relation","3878890",""
"대한민국 서울특별시 관악구 청룡동","OK","37.4774977","126.9460227","청룡동, 관악구, 서울특별시, 대한민국","relation","2424059",""
"대한민국 서울특별시 관악구 청림동","OK","37.4894120","126.9591931","청림동, 관악구, 서울특별시, 대한민국","relation","3878891",""
"대한민국 서울특별시 관악구 행운동","OK","37.4807633","126.9590554","행운동, 관악구, 서울특별시, 대한민국","relation","3878892",""
"대한민국 서울특별시 광진구 광장동","OK","37.5476923","127.1047902","광장동, 광진구, 서울특별시, 대한민국","relation","9623786",""
"대한민국 서울특별시 광진구 구의동","OK","37.5444896","127.0874678","구의동, 광진구, 서울특별시, 대한민국","relation","3881560",""
"대한민국 서울특별시 광진구 군자동","OK","37.5531697","127.0737738","군자동, 광진구, 서울특별시, 대한민국","relation","9623788",""
"대한민국 서울특별시 광진구 능동","OK","37.5544400","127.0815600","능동, 광진구, 서울특별시, 대한민국","relation","3881562",""
"대한민국 서울특별시 광진구 자양동","OK","37.5316905","127.0749477","자양동, 광진구, 서울특별시, 대한민국","relation","3881563",""
"대한민국 서울특별시 광진구 중곡동","OK","37.5634435","127.0880808","중곡동, 광진구, 서울특별시, 대한민국","relation","3881564",""
"대한민국 서울특별시 광진구 화양동","OK","37.5435296","127.0721435","화양동, 광진구, 서울특별시, 대한민국","relation","9623787",""
"대한민국 서울특별시 구로구 가리봉동","OK","37.4838745","126.8889756","가리봉동, 구로구, 서울특별시, 대한민국","relation","3880463",""
"대한민국 서울특별시 구로구 개봉동","OK","37.4946193","126.8562104","개봉동, 구로구, 서울특별시, 대한민국","relation","3881382",""
"대한민국 서울특별시 구로구 고척동","OK","37.5023851","126.8628501","고척동, 구로구, 서울특별시, 대한민국","relation","3881411",""
"대한민국 서울특별시 구로구 구로동","OK","37.4945849","126.8845477","구로동, 구로2동, 구로구, 서울특별시, 08285, 대한민국","node","1992113838",""
"대한민국 서울특별시 구로구 수궁동","OK","37.4995850","126.8271431","수궁동, 구로구, 서울특별시, 대한민국","relation","3880479",""
"대한민국 서울특별시 구로구 신도림동","OK","37.5105701","126.8831597","신도림동, 구로구, 서울특별시, 대한민국","relation","9641503",""
"대한민국 서울특별시 구로구 오류동","OK","37.4943466","126.8445367","오류동, 13, 경인로20길, 오류1동, 구로구, 서울특별시, 08272, 대한민국","node","355172808",""
"대한민국 서울특별시 구로구 항동","OK","37.4813204","126.8244434","항동, 오류2동, 구로구, 서울특별시, 08361, 대한민국","node","1992113841",""
"대한민국 서울특별시 금천구 가산동","OK","37.4753253","126.8863954","가산동, 금천구, 서울특별시, 대한민국","relation","3879573",""
"대한민국 서울특별시 금천구 독산동","OK","37.4683990","126.8979571","독산동, 독산4동, 금천구, 서울특별시, 08579, 대한민국","node","1992113830",""
"대한민국 서울특별시 금천구 시흥동","OK","37.4507049","126.9085555","시흥동, 시흥5동, 금천구, 서울특별시, 08574, 대한민국","node","1992113862",""
"대한민국 서울특별시 노원구 3동","OK","37.6440741","127.0661279","중계2·3동, 노원구, 서울특별시, 대한민국","relation","3882991",""
"대한민국 서울특별시 노원구 4동","OK","37.6760502","127.0834473","상계3·4동, 노원구, 서울특별시, 대한민국","relation","9626656",""
"대한민국 서울특별시 노원구 7동","OK","37.6465470","127.0594817","상계6·7동, 노원구, 서울특별시, 대한민국","relation","3882984",""
"대한민국 서울특별시 노원구 공릉동","OK","37.6302152","127.0872902","공릉동, 노원구, 서울특별시, 대한민국","relation","3882972",""
"대한민국 서울특별시 노원구 상계동","OK","37.6672700","127.0724200","상계동, 상계5동, 노원구, 서울특별시, 01657, 대한민국","node","415154101",""
"대한민국 서울특별시 노원구 월계동","OK","37.6298479","127.0541062","월계동, 노원구, 서울특별시, 대한민국","relation","3882974",""
"대한민국 서울특별시 노원구 중계동","OK","37.6509815","127.0810259","중계동, 노원구, 서울특별시, 대한민국","relation","3882975",""
"대한민국 서울특별시 노원구 중계본동","OK","37.6481008","127.0844256","중계본동, 노원구, 서울특별시, 대한민국","relation","3882993",""
"대한민국 서울특별시 노원구 하계동","OK","37.6382503","127.0738302","하계동, 노원구, 서울특별시, 대한민국","relation","3882976",""
"대한민국 서울특별시 도봉구 도봉동","OK","37.6852654","127.0303548","도봉동, 도봉구, 서울특별시, 대한민국","relation","3883054",""
"대한민국 서울특별시 도봉구 방학동","OK","37.6643214","127.0333780","방학동, 도봉구, 서울특별시, 대한민국","relation","3883055",""
"대한민국 서울특별시 도봉구 쌍문동","OK","37.6529346","127.0249366","쌍문동, 도봉구, 서울특별시, 대한민국","relation","3883056",""
"대한민국 서울특별시 도봉구 창동","OK","37.6531817","127.0476987","창동, 77, 마들로11길, 창4동, 도봉구, 서울특별시, 01413, 대한민국","node","8111056262",""
"대한민국 서울특별시 동대문구 답십리동","OK","37.5700200","127.0546700","답십리동, 답십리1동, 동대문구, 서울특별시, 02601, 대한민국","node","415154038",""
"대한민국 서울특별시 동대문구 신설동","OK","37.5760544","127.0246657","신설동, 지하1, 왕산로, 신설동, 용신동, 동대문구, 서울특별시, 02582, 대한민국","node","2028051082",""
"대한민국 서울특별시 동대문구 용두동","OK","37.5761600","127.0347600","용두동, 용신동, 동대문구, 서울특별시, 02585, 대한민국","node","415154016",""
"대한민국 서울특별시 동대문구 이문동","OK","37.6002100","127.0612400","이문동, 이문2동, 동대문구, 서울특별시, 02404, 대한민국","node","415154107",""
"대한민국 서울특별시 동대문구 장안동","OK","37.5710500","127.0680600","장안동, 장안1동, 동대문구, 서울특별시, 02624, 대한민국","node","415154040",""
"대한민국 서울특별시 동대문구 전농동","OK","37.5806000","127.0554300","전농동, 전농1동, 동대문구, 서울특별시, 02544, 대한민국","node","415154037",""
"대한민국 서울특별시 동대문구 제기동","OK","37.5783784","127.0344672","제기동, 지하93, 왕산로, 제기동, 용신동, 동대문구, 서울특별시, 02568, 대한민국","node","355172758",""
"대한민국 서울특별시 동대문구 청량리동","OK","37.5882073","127.0462518","청량리동, 동대문구, 서울특별시, 대한민국","relation","3882165",""
"대한민국 서울특별시 동대문구 회기동","OK","37.5943300","127.0517800","회기동, 동대문구, 서울특별시, 대한민국","relation","3882166",""
"대한민국 서울특별시 동대문구 휘경동","OK","37.5877300","127.0652600","휘경동, 휘경2동, 동대문구, 서울특별시, 02500, 대한민국","node","415154039",""
"대한민국 서울특별시 동작구 노량진동","OK","37.5126131","126.9421240","노량진동, 동작구, 서울특별시, 대한민국","relation","3881345",""
"대한민국 서울특별시 동작구 대방동","OK","37.5067997","126.9291349","대방동, 동작구, 서울특별시, 대한민국","relation","3879506",""
"대한민국 서울특별시 동작구 사당동","OK","37.4850800","126.9704949","사당동, 동작구, 서울특별시, 대한민국","relation","3881346",""
"대한민국 서울특별시 동작구 상도동","OK","37.4988159","126.9441045","상도동, 상도4동, 동작구, 서울특별시, 07036, 대한민국","node","1992113857",""
"대한민국 서울특별시 동작구 신대방동","OK","37.4914562","126.9166688","신대방동, 동작구, 서울특별시, 대한민국","relation","3881348",""
"대한민국 서울특별시 동작구 흑석동","OK","37.5058344","126.9632085","흑석동, 동작구, 서울특별시, 대한민국","relation","9645441",""
"대한민국 서울특별시 마포구 공덕동","OK","37.5499270","126.9592897","공덕동, 마포구, 서울특별시, 대한민국","relation","3884273",""
"대한민국 서울특별시 마포구 대흥동","OK","37.5510043","126.9419496","대흥동, 마포구, 서울특별시, 대한민국","relation","3884274",""
"대한민국 서울특별시 마포구 도화동","OK","37.5386394","126.9492428","도화동, 마포구, 서울특별시, 대한민국","relation","3884275",""
"대한민국 서울특별시 마포구 망원동","OK","37.5560241","126.9009751","망원동, 마포구, 서울특별시, 대한민국","relation","3884276",""
"대한민국 서울특별시 마포구 상암동","OK","37.5715723","126.8728063","상암동, 마포구, 서울특별시, 대한민국","relation","3884277",""
"대한민국 서울특별시 마포구 서강동","OK","37.5468923","126.9260216","서강동, 마포구, 서울특별시, 대한민국","relation","3884278",""
"대한민국 서울특별시 마포구 서교동","OK","37.5550711","126.9238244","서교동, 마포구, 서울특별시, 대한민국","relation","3884279",""
"대한민국 서울특별시 마포구 성산동","OK","37.5677500","126.9026300","성산동, 성산2동, 마포구, 서울특별시, 03937, 대한민국","node","415153649",""
"대한민국 서울특별시 마포구 신수동","OK","37.5462035","126.9359375","신수동, 마포구, 서울특별시, 대한민국","relation","3884281",""
"대한민국 서울특별시 마포구 아현동","OK","37.5505624","126.9525116","아현동, 마포구, 서울특별시, 대한민국","relation","3884282",""
"대한민국 서울특별시 마포구 연남동","OK","37.5626596","126.9226107","연남동, 마포구, 서울특별시, 대한민국","relation","3884283",""
"대한민국 서울특별시 마포구 염리동","OK","37.5501812","126.9479037","염리동, 마포구, 서울특별시, 대한민국","relation","3884285",""
"대한민국 서울특별시 마포구 용강동","OK","37.5415852","126.9426315","용강동, 마포구, 서울특별시, 대한민국","relation","3884286",""
"대한민국 서울특별시 마포구 합정동","OK","37.5477846","126.9095636","합정동, 마포구, 서울특별시, 대한민국","relation","3884287",""
"대한민국 서울특별시 서대문구 남가좌동","OK","37.5766371","126.9210650","남가좌동, 서대문구, 서울특별시, 대한민국","relation","3887528",""
"대한민국 서울특별시 서대문구 북가좌동","OK","37.5789959","126.9103438","북가좌동, 서대문구, 서울특별시, 대한민국","relation","3887529",""
"대한민국 서울특별시 서대문구 북아현동","OK","37.5635510","126.9543303","북아현동, 서대문구, 서울특별시, 대한민국","relation","8554900",""
"대한민국 서울특별시 서대문구 신촌동","OK","37.5662284","126.9428990","신촌동, 서대문구, 서울특별시, 대한민국","relation","3887531",""
"대한민국 서울특별시 서대문구 연희동","OK","37.5723400","126.9308400","연희동, 서대문구, 서울특별시, 대한민국","relation","3887532",""
"대한민국 서울특별시 서대문구 천연동","OK","37.5682303","126.9605136","천연동, 서대문구, 서울특별시, 대한민국","relation","8855694",""
"대한민국 서울특별시 서대문구 충현동","OK","37.5647114","126.9585282","충현동, 서대문구, 서울특별시, 대한민국","relation","3887534",""
"대한민국 서울특별시 서대문구 홍은동","OK","37.5933933","126.9375964","홍은동, 서대문구, 서울특별시, 대한민국","relation","3887535",""
"대한민국 서울특별시 서대문구 홍제동","OK","37.5871000","126.9467600","홍제동, 홍제2동, 서대문구, 서울특별시, 03630, 대한민국","node","415153750",""
"대한민국 서울특별시 서초구 내곡동","OK","37.4534615","127.0664442","내곡동, 안골, 서초구, 서울특별시, 대한민국","relation","3880646",""
"대한민국 서울특별시 서초구 반포동","OK","37.5040052","127.0017984","반포동, 서초구, 서울특별시, 대한민국","relation","3880689",""
"대한민국 서울특별시 서초구 반포본동","OK","37.5050467","126.9862564","반포본동, 서초구, 서울특별시, 대한민국","relation","3880667",""
"대한민국 서울특별시 서초구 방배동","OK","37.4787937","126.9929225","방배동, 서초구, 서울특별시, 대한민국","relation","3880696",""
"대한민국 서울특별시 서초구 방배본동","OK","37.4900190","126.9912367","방배본동, 서초구, 서울특별시, 대한민국","relation","3880672",""
"대한민국 서울특별시 서초구 서초동","OK","37.4884513","127.0164398","서초동, 서초구, 서울특별시, 대한민국","relation","3880697",""
"대한민국 서울특별시 서초구 양재동","OK","37.4690298","127.0387937","양재동, 서초구, 서울특별시, 대한민국","relation","3880699",""
"대한민국 서울특별시 서초구 잠원동","OK","37.5182544","127.0124028","잠원동, 서초구, 서울특별시, 대한민국","relation","3880677",""
"대한민국 서울특별시 성동구 3가동","OK","37.5528065","127.0200950","금호2·3가동, 성동구, 서울특별시, 대한민국","relation","3882075",""
"대한민국 서울특별시 성동구 금호1가동","OK","37.5528394","127.0264877","금호1가동, 성동구, 서울특별시, 대한민국","relation","3882074",""
"대한민국 서울특별시 성동구 금호4가동","OK","37.5444238","127.0247548","금호4가동, 성동구, 서울특별시, 대한민국","relation","3882076",""
"대한민국 서울특별시 성동구 마장동","OK","37.5674300","127.0404500","마장동, 성동구, 서울특별시, 대한민국","relation","3882064",""
"대한민국 서울특별시 성동구 사근동","OK","37.5589948","127.0480281","사근동, 성동구, 서울특별시, 대한민국","relation","3882065",""
"대한민국 서울특별시 성동구 성수1가제1동","NOT_FOUND","","","","","",""
"대한민국 서울특별시 성동구 성수1가제2동","OK","37.5464308","127.0447955","성수1가제2동 주민센터, 왕십리로, 성수동1가, 성수1가2동, 성동구, 서울특별시, 04778, 대한민국","node","12697281597",""
"대한민국 서울특별시 성동구 성수2가제1동","NOT_FOUND","","","","","",""
"대한민국 서울특별시 성동구 성수2가제3동","NOT_FOUND","","","","","",""
"대한민국 서울특별시 성동구 송정동","OK","37.5537483","127.0684835","송정동, 성동구, 서울특별시, 대한민국","relation","3882067",""
"대한민국 서울특별시 성동구 옥수동","OK","37.5417600","127.0164800","옥수동, 성동구, 서울특별시, 대한민국","relation","3882068",""
"대한민국 서울특별시 성동구 왕십리도선동","OK","37.5665195","127.0290193","왕십리도선동, 성동구, 서울특별시, 대한민국","relation","3882081",""
"대한민국 서울특별시 성동구 왕십리동","NOT_FOUND","","","","","",""
"대한민국 서울특별시 성동구 용답동","OK","37.5613328","127.0580146","용답동, 성동구, 서울특별시, 대한민국","relation","3882070",""
"대한민국 서울특별시 성동구 응봉동","OK","37.5523600","127.0335600","응봉동, 성동구, 서울특별시, 대한민국","relation","3882071",""
"대한민국 서울특별시 성동구 행당동","OK","37.5578300","127.0357100","행당동, 행당1동, 성동구, 서울특별시, 04745, 대한민국","node","415154022",""
"대한민국 서울특별시 성북구 길음동","OK","37.6085308","127.0201946","길음동, 길음1동, 성북구, 서울특별시, 02715, 대한민국","node","415154127",""
"대한민국 서울특별시 성북구 돈암동","OK","37.5978554","127.0209865","돈암동, 돈암1동, 성북구, 서울특별시, 대한민국","relation","3883188",""
"대한민국 서울특별시 성북구 동선동","OK","37.5936463","127.0182330","동선동, 성북구, 서울특별시, 대한민국","relation","3883189",""
"대한민국 서울특별시 성북구 보문동","OK","37.5832222","127.0182317","보문동, 성북구, 서울특별시, 대한민국","relation","3883190",""
"대한민국 서울특별시 성북구 삼선동","OK","37.5863988","127.0113018","삼선동, 성북구, 서울특별시, 대한민국","relation","3883191",""
"대한민국 서울특별시 성북구 석관동","OK","37.6078902","127.0614852","석관동, 성북구, 서울특별시, 대한민국","relation","3883192",""
"대한민국 서울특별시 성북구 성북동","OK","37.5955200","126.9921500","성북동, 성북구, 서울특별시, 대한민국","relation","3883193",""
"대한민국 서울특별시 성북구 안암동","OK","37.5876085","127.0270968","안암동, 성북구, 서울특별시, 대한민국","relation","3883194",""
"대한민국 서울특별시 성북구 월곡동","NOT_FOUND","","","","","",""
"대한민국 서울특별시 성북구 장위동","OK","37.6160221","127.0502500","장위동, 성북구, 서울특별시, 대한민국","relation","3883196",""
"대한민국 서울특별시 성북구 정릉동","OK","37.6167954","126.9972998","정릉동, 성북구, 서울특별시, 대한민국","relation","3883197",""
"대한민국 서울특별시 성북구 종암동","OK","37.5963100","127.0333300","종암동, 성북구, 서울특별시, 대한민국","relation","3883198",""
"대한민국 서울특별시 송파구 가락동","OK","37.4947008","127.1191293","가락동, 송파구, 서울특별시, 대한민국","relation","3880769",""
"대한민국 서울특별시 송파구 가락본동","OK","37.4969696","127.1198946","가락본동, 송파구, 서울특별시, 대한민국","relation","3880784",""
"대한민국 서울특별시 송파구 거여동","OK","37.4906870","127.1469121","거여동, 송파구, 서울특별시, 대한민국","relation","3880770",""
"대한민국 서울특별시 송파구 마천동","OK","37.4980300","127.1516700","마천동, 마천2동, 송파구, 서울특별시, 05751, 대한민국","node","415155311",""
"대한민국 서울특별시 송파구 문정동","OK","37.4850937","127.1193144","문정동, 송파구, 서울특별시, 대한민국","relation","3880772",""
"대한민국 서울특별시 송파구 방이동","OK","37.5113307","127.1187808","방이동, 송파구, 서울특별시, 대한민국","relation","3880773",""
"대한민국 서울특별시 송파구 삼전동","OK","37.5014521","127.0901512","삼전동, 송파구, 서울특별시, 대한민국","relation","3880774",""
"대한민국 서울특별시 송파구 석촌동","OK","37.5024827","127.1034950","석촌동, 송파구, 서울특별시, 대한민국","relation","3880775",""
"대한민국 서울특별시 송파구 송파동","OK","37.5044007","127.1156551","송파동, 송파구, 서울특별시, 대한민국","relation","3880776",""
"대한민국 서울특별시 송파구 오금동","OK","37.5035500","127.1337900","오금동, 송파구, 서울특별시, 대한민국","relation","3880777",""
"대한민국 서울특별시 송파구 오륜동","OK","37.5163300","127.1257200","오륜동, 송파구, 서울특별시, 대한민국","relation","3880778",""
"대한민국 서울특별시 송파구 위례동","OK","37.4800987","127.1427225","위례동, 송파구, 서울특별시, 대한민국","relation","11117000",""
"대한민국 서울특별시 송파구 잠실동","OK","37.5122807","127.0855986","잠실동, 잠실2동, 송파구, 서울특별시, 05555, 대한민국","node","415154053",""
"대한민국 서울특별시 송파구 잠실본동","OK","37.5051271","127.0830446","잠실본동, 송파구, 서울특별시, 대한민국","relation","3880800",""
"대한민국 서울특별시 송파구 장지동","OK","37.4798337","127.1310225","장지동, 송파구, 서울특별시, 대한민국","relation","3880780",""
"대한민국 서울특별시 송파구 풍납동","OK","37.5338756","127.1151268","풍납동, 송파구, 서울특별시, 대한민국","relation","3880781",""
"대한민국 서울특별시 양천구 목동","OK","37.5261241","126.8645174","목동, 오목로, 목1동, 양천구, 서울특별시, 07937, 대한민국","node","6039313992",""
"대한민국 서울특별시 양천구 신월동","OK","37.5290495","126.8335466","신월동, 양천구, 서울특별시, 대한민국","relation","3881421",""
"대한민국 서울특별시 양천구 신정동","OK","37.5163163","126.8634455","신정동, 양천구, 서울특별시, 대한민국","relation","3881428",""
"대한민국 서울특별시 영등포구 당산동","OK","37.5346241","126.9065487","당산동, 당산2동, 영등포구, 서울특별시, 07223, 대한민국","node","415153619",""
"대한민국 서울특별시 영등포구 대림동","OK","37.4967202","126.9011231","대림동, 영등포구, 서울특별시, 대한민국","relation","3881358",""
"대한민국 서울특별시 영등포구 도림동","OK","37.5082619","126.8993866","도림동, 영등포구, 서울특별시, 대한민국","relation","9645420",""
"대한민국 서울특별시 영등포구 문래동","OK","37.5158226","126.8922546","문래동, 영등포구, 서울특별시, 대한민국","relation","3879663",""
"대한민국 서울특별시 영등포구 신길동","OK","37.5065214","126.9119108","신길동, 영등포구, 서울특별시, 대한민국","relation","3881372",""
"대한민국 서울특별시 영등포구 양평동","OK","37.5384352","126.8934868","양평동, 영등포구, 서울특별시, 대한민국","relation","3881373",""
"대한민국 서울특별시 영등포구 여의동","OK","37.5284646","126.9300522","여의동, 영등포구, 서울특별시, 대한민국","relation","3879672",""
"대한민국 서울특별시 영등포구 영등포동","OK","37.5222786","126.9078574","영등포동, 영등포구, 서울특별시, 대한민국","relation","3879673",""
"대한민국 서울특별시 영등포구 영등포본동","OK","37.5136772","126.9102027","영등포본동, 영등포구, 서울특별시, 대한민국","relation","3882299",""
"대한민국 서울특별시 용산구 남영동","OK","37.5450805","126.9748884","남영동, 용산구, 서울특별시, 대한민국","relation","3884154",""
"대한민국 서울특별시 용산구 보광동","OK","37.5267109","127.0002165","보광동, 용산구, 서울특별시, 대한민국","relation","3884155",""
"대한민국 서울특별시 용산구 서빙고동","OK","37.5176908","126.9912397","서빙고동, 용산구, 서울특별시, 대한민국","relation","3884156",""
"대한민국 서울특별시 용산구 용문동","OK","37.5380978","126.9586211","용문동, 용산구, 서울특별시, 대한민국","relation","3884157",""
"대한민국 서울특별시 용산구 용산2가동","OK","37.5388210","126.9836884","용산2가동, 용산구, 서울특별시, 대한민국","relation","3884168",""
"대한민국 서울특별시 용산구 원효로동","OK","37.5355383","126.9535053","원효로동, 용산구, 서울특별시, 대한민국","relation","3884159",""
"대한민국 서울특별시 용산구 이촌동","OK","37.5192594","126.9665446","이촌동, 용산구, 서울특별시, 대한민국","relation","3884160",""
"대한민국 서울특별시 용산구 이태원동","OK","37.5384200","126.9920000","이태원동, 이태원2동, 용산구, 서울특별시, 04344, 대한민국","node","415153778",""
"대한민국 서울특별시 용산구 청파동","OK","37.5484522","126.9672724","청파동, 용산구, 서울특별시, 대한민국","relation","3884162",""
"대한민국 서울특별시 용산구 한강로동","OK","37.5306543","126.9674196","한강로동, 용산구, 서울특별시, 대한민국","relation","3884163",""
"대한민국 서울특별시 용산구 한남동","OK","37.5382200","127.0074000","한남동, 용산구, 서울특별시, 대한민국","relation","3884164",""
"대한민국 서울특별시 용산구 효창동","OK","37.5434100","126.9603700","효창동, 용산구, 서울특별시, 대한민국","relation","3884166",""
"대한민국 서울특별시 용산구 후암동","OK","37.5501100","126.9802800","후암동, 용산구, 서울특별시, 대한민국","relation","3884167",""
"대한민국 서울특별시 은평구 갈현동","OK","37.6208998","126.9127557","갈현동, 은평구, 서울특별시, 대한민국","relation","3886360",""
"대한민국 서울특별시 은평구 구산동","OK","37.6122812","126.9082658","구산동, 은평구, 서울특별시, 대한민국","relation","3886361",""
"대한민국 서울특별시 은평구 녹번동","OK","37.6040879","126.9317233","녹번동, 은평구, 서울특별시, 대한민국","relation","3886362",""
"대한민국 서울특별시 은평구 대조동","OK","37.6126100","126.9227835","대조동, 은평구, 서울특별시, 대한민국","relation","3886363",""
"대한민국 서울특별시 은평구 불광동","OK","37.6194236","126.9354046","불광동, 은평구, 서울특별시, 대한민국","relation","3886364",""
"대한민국 서울특별시 은평구 수색동","OK","37.5851873","126.8948584","수색동, 은평구, 서울특별시, 대한민국","relation","3886365",""
"대한민국 서울특별시 은평구 신사동","OK","37.5957252","126.9085503","신사동, 은평구, 서울특별시, 대한민국","relation","3886366",""
"대한민국 서울특별시 은평구 역촌동","OK","37.6049941","126.9148856","역촌동, 은평구, 서울특별시, 대한민국","relation","3886367",""
"대한민국 서울특별시 은평구 응암동","OK","37.5926573","126.9216114","응암동, 은평구, 서울특별시, 대한민국","relation","3886368",""
"대한민국 서울특별시 은평구 증산동","OK","37.5831882","126.9055622","증산동, 은평구, 서울특별시, 대한민국","relation","3886369",""
"대한민국 서울특별시 은평구 진관동","OK","37.6421169","126.9354305","진관동, 은평구, 서울특별시, 대한민국","relation","3886370",""
"대한민국 서울특별시 종로구 4가동","OK","37.5779119","126.9930777","종로1·2·3·4가동, 종로구, 서울특별시, 대한민국","relation","3883995",""
"대한민국 서울특별시 종로구 6가동","OK","37.5730770","127.0037308","종로5·6가동, 종로구, 서울특별시, 대한민국","relation","3883996",""
"대한민국 서울특별시 종로구 가회동","OK","37.5840597","126.9864644","가회동, 종로구, 서울특별시, 대한민국","relation","3883981",""
"대한민국 서울특별시 종로구 교남동","OK","37.5716654","126.9633904","교남동, 종로구, 서울특별시, 대한민국","relation","3883982",""
"대한민국 서울특별시 종로구 무악동","OK","37.5767200","126.9581200","무악동, 종로구, 서울특별시, 03024, 대한민국","node","415153803",""
"대한민국 서울특별시 종로구 부암동","OK","37.5949602","126.9657272","부암동, 종로구, 서울특별시, 대한민국","relation","3883984",""
"대한민국 서울특별시 종로구 사직동","OK","37.5738317","126.9703028","사직동, 종로구, 서울특별시, 대한민국","relation","3883985",""
"대한민국 서울특별시 종로구 삼청동","OK","37.5896400","126.9811200","삼청동, 종로구, 서울특별시, 03050, 대한민국","node","415153762",""
"대한민국 서울특별시 종로구 숭인동","OK","37.5764800","127.0184800","숭인동, 숭인1동, 종로구, 서울특별시, 03110, 대한민국","node","415154004",""
"대한민국 서울특별시 종로구 이화동","OK","37.5766300","127.0051500","이화동, 종로구, 서울특별시, 03100, 대한민국","node","415153985",""
"대한민국 서울특별시 종로구 창신동","OK","37.5759500","127.0131300","창신동, 창신3동, 종로구, 서울특별시, 03103, 대한민국","node","415154003",""
"대한민국 서울특별시 종로구 청운효자동","OK","37.5849757","126.9684832","청운효자동, 종로구, 서울특별시, 대한민국","relation","3883990",""
"대한민국 서울특별시 종로구 평창동","OK","37.6159731","126.9676478","평창동, 종로구, 서울특별시, 대한민국","relation","3883991",""
"대한민국 서울특별시 종로구 혜화동","OK","37.5875500","127.0021700","혜화동, 종로구, 서울특별시, 03076, 대한민국","node","415153990",""
"대한민국 서울특별시 중구 광희동","OK","37.5655625","127.0071401","광희동, 중구, 서울특별시, 대한민국","relation","3884088",""
"대한민국 서울특별시 중구 다산동","OK","37.5548536","127.0080699","다산동, 중구, 서울특별시, 대한민국","relation","3884089",""
"대한민국 서울특별시 중구 동화동","OK","37.5607687","127.0175424","동화동, 중구, 서울특별시, 대한민국","relation","3884090",""
"대한민국 서울특별시 중구 명동","OK","37.5613134","126.9850861","명동, 중구, 서울특별시, 대한민국","relation","3884091",""
"대한민국 서울특별시 중구 소공동","OK","37.5636592","126.9794961","소공동, 중구, 서울특별시, 04531, 대한민국","node","415153896",""
"대한민국 서울특별시 중구 신당동","OK","37.5651969","127.0132200","신당동, 중구, 서울특별시, 대한민국","relation","3884093",""
"대한민국 서울특별시 중구 약수동","OK","37.5496054","127.0101079","약수동, 중구, 서울특별시, 대한민국","relation","3884094",""
"대한민국 서울특별시 중구 을지로동","OK","37.5664192","126.9968622","을지로동, 중구, 서울특별시, 대한민국","relation","3884095",""
"대한민국 서울특별시 중구 장충동","OK","37.5557749","127.0029706","장충동, 중구, 서울특별시, 대한민국","relation","3884096",""
"대한민국 서울특별시 중구 중림동","OK","37.5567609","126.9663037","중림동, 중구, 서울특별시, 대한민국","relation","3884097",""
"대한민국 서울특별시 중구 청구동","OK","37.5565812","127.0147653","청구동, 중구, 서울특별시, 대한민국","relation","3884098",""
"대한민국 서울특별시 중구 필동","OK","37.5567795","126.9926577","필동, 중구, 서울특별시, 대한민국","relation","3884099",""
"대한민국 서울특별시 중구 황학동","OK","37.5675499","127.0217200","황학동, 중구, 서울특별시, 대한민국","relation","3884100",""
"대한민국 서울특별시 중구 회현동","OK","37.5570967","126.9762286","회현동, 중구, 서울특별시, 대한민국","relation","3884101",""
"대한민국 서울특별시 중랑구 8동","OK","37.6024751","127.1070410","8동, 망우로81길, 경남아파트 (37), 망우동, 망우본동, 중랑구, 서울특별시, 02062, 대한민국","way","1024377975",""
"대한민국 서울특별시 중랑구 망우동","OK","37.6008638","127.1076269","망우동, 중랑구, 서울특별시, 대한민국","relation","3882921",""
"대한민국 서울특별시 중랑구 망우본동","OK","37.6028465","127.1089737","망우본동, 중랑구, 서울특별시, 대한민국","relation","3882927",""
"대한민국 서울특별시 중랑구 면목동","OK","37.5817944","127.0910424","면목동, 중랑구, 서울특별시, 대한민국","relation","3882922",""
"대한민국 서울특별시 중랑구 면목본동","OK","37.5892468","127.0892776","면목본동, 중랑구, 서울특별시, 대한민국","relation","3882929",""
"대한민국 서울특별시 중랑구 묵동","OK","37.6127705","127.0785200","묵동, 중랑구, 서울특별시, 대한민국","relation","3882923",""
"대한민국 서울특별시 중랑구 상봉동","OK","37.6001644","127.0909024","상봉동, 중랑구, 서울특별시, 대한민국","relation","3882924",""
"대한민국 서울특별시 중랑구 신내동","OK","37.6107129","127.0931277","신내동, 중랑구, 서울특별시, 대한민국","relation","3882925",""
"대한민국 서울특별시 중랑구 중화동","OK","37.6005135","127.0793787","중화동, 중랑구, 서울특별시, 대한민국","relation","3882926",""
"대한민국 인천광역시 강화군 강화읍","OK","37.7482072","126.4835323","강화읍, 강화군, 인천광역시, 대한민국","relation","7853473",""
"대한민국 인천광역시 강화군 교동면","OK","37.7884282","126.2696329","교동면, 강화군, 인천광역시, 대한민국","relation","7853478",""
"대한민국 인천광역시 강화군 길상면","OK","37.6265000","126.4988400","길상면, 강화군, 인천광역시, 대한민국","relation","7853469",""
"대한민국 인천광역시 강화군 내가면","OK","37.7191220","126.3858798","내가면, 강화군, 인천광역시, 대한민국","relation","7853474",""
"대한민국 인천광역시 강화군 불은면","OK","37.6782700","126.4927200","불은면, 강화군, 인천광역시, 대한민국","relation","7853471",""
"대한민국 인천광역시 강화군 삼산면","OK","37.7083200","126.3038246","삼산면, 강화군, 인천광역시, 대한민국","relation","7853479",""
"대한민국 인천광역시 강화군 서도면","OK","37.6531305","126.2238429","서도면, 강화군, 인천광역시, 대한민국","relation","7853480",""
"대한민국 인천광역시 강화군 선원면","OK","37.7166400","126.4893700","선원면, 강화군, 인천광역시, 대한민국","relation","7853472",""
"대한민국 인천광역시 강화군 송해면","OK","37.7759204","126.4623744","송해면, 강화군, 인천광역시, 23019, 대한민국","relation","7853475",""
"대한민국 인천광역시 강화군 양도면","OK","37.6676800","126.4284500","양도면, 강화군, 인천광역시, 대한민국","relation","7853470",""
"대한민국 인천광역시 강화군 양사면","OK","37.8026812","126.4060337","양사면, 강화군, 인천광역시, 23011, 대한민국","relation","7853477",""
"대한민국 인천광역시 강화군 하점면","OK","37.7684050","126.4048539","하점면, 강화군, 인천광역시, 대한민국","relation","7853476",""
"대한민국 인천광역시 강화군 화도면","OK","37.6165073","126.4189198","화도면, 강화군, 인천광역시, 대한민국","relation","7853468",""
"대한민국 인천광역시 검단구 검단동","OK","37.6132558","126.6487956","검단동, 검단구, 인천광역시, 대한민국","relation","8059619",""
"대한민국 인천광역시 검단구 당하동","OK","37.5854662","126.6805067","당하동, 검단구, 인천광역시, 대한민국","relation","19416399",""
"대한민국 인천광역시 검단구 마전동","OK","37.5969838","126.6676253","마전동, 당하동, 검단구, 인천광역시, 22640, 대한민국","node","415153392",""
"대한민국 인천광역시 검단구 불로대곡동","OK","37.6177446","126.6791275","불로대곡동, 검단구, 인천광역시, 대한민국","relation","8059618",""
"대한민국 인천광역시 검단구 아라동","OK","37.5913583","126.7119120","아라동, 검단구, 인천광역시, 대한민국","relation","13590577",""
"대한민국 인천광역시 검단구 오류왕길동","OK","37.5810833","126.6106940","오류왕길동, 검단구, 인천광역시, 대한민국","relation","17034267",""
"대한민국 인천광역시 검단구 원당동","OK","37.5924107","126.6938209","원당동, 검단구, 인천광역시, 대한민국","relation","8059617",""
"대한민국 인천광역시 계양구 계산동","OK","37.5432316","126.7198961","계산동, 계양구, 인천광역시, 대한민국","relation","4159622",""
"대한민국 인천광역시 계양구 계양동","NOT_FOUND","","","","","",""
"대한민국 인천광역시 계양구 작전동","OK","37.5304086","126.7257911","작전동, 작전2동, 계양구, 인천광역시, 21115, 대한민국","node","415153476",""
"대한민국 인천광역시 계양구 작전서운동","OK","37.5308718","126.7469442","작전서운동, 계양구, 인천광역시, 407-063, 대한민국","relation","4195162",""
"대한민국 인천광역시 계양구 효성동","OK","37.5293934","126.7065108","효성동, 효성1동, 계양구, 인천광역시, 21098, 대한민국","node","415153471",""
"대한민국 인천광역시 남동구 간석동","OK","37.4669753","126.7050548","간석동, 남동구, 인천광역시, 대한민국","relation","8857513",""
"대한민국 인천광역시 남동구 구월동","OK","37.4473875","126.7062890","구월동, 남동구, 인천광역시, 대한민국","relation","8857846",""
"대한민국 인천광역시 남동구 남촌도림동","OK","37.4283270","126.7215478","남촌도림동, 남동구, 인천광역시, 대한민국","relation","8138895",""
"대한민국 인천광역시 남동구 논현고잔동","OK","37.3936073","126.7031795","논현고잔동, 남동구, 인천광역시, 대한민국","relation","8138892",""
"대한민국 인천광역시 남동구 논현동","OK","37.4031099","126.7261793","논현동, 논현1동, 남동구, 인천광역시, 21653, 대한민국","node","415154892",""
"대한민국 인천광역시 남동구 만수동","OK","37.4529100","126.7358300","만수동, 만수1동, 남동구, 인천광역시, 21541, 대한민국","node","415154909",""
"대한민국 인천광역시 남동구 서창동","OK","37.4321061","126.7491895","서창동, 장수서창동, 남동구, 인천광역시, 21604, 대한민국","node","4751254211",""
"대한민국 인천광역시 남동구 장수서창동","OK","37.4471592","126.7589506","장수서창동, 남동구, 인천광역시, 대한민국","relation","8138897",""
"대한민국 인천광역시 미추홀구 3동","OK","37.4595010","126.6658828","3동, 수봉로163번길, 우진맨션아파트, 주안2동, 미추홀구, 인천광역시, 22156, 대한민국","way","939153316",""
"대한민국 인천광역시 미추홀구 4동","OK","37.4523591","126.6596359","용현1·4동, 미추홀구, 인천광역시, 대한민국","relation","8144617",""
"대한민국 인천광역시 미추홀구 관교동","OK","37.4433241","126.6908239","관교동, 미추홀구, 인천광역시, 22241, 대한민국","relation","8144605",""
"대한민국 인천광역시 미추홀구 도화동","OK","37.4713487","126.6617180","도화동, 도화2·3동, 미추홀구, 인천광역시, 22102, 대한민국","node","415154900",""
"대한민국 인천광역시 미추홀구 문학동","OK","37.4378379","126.6829082","문학동, 미추홀구, 인천광역시, 대한민국","relation","8144606",""
"대한민국 인천광역시 미추홀구 숭의동","OK","37.4636414","126.6505708","숭의동, 미추홀구, 인천광역시, 대한민국","relation","8144602",""
"대한민국 인천광역시 미추홀구 용현동","OK","37.4508937","126.6492456","용현동, 용현1·4동, 미추홀구, 인천광역시, 22188, 대한민국","node","415154888",""
"대한민국 인천광역시 미추홀구 주안동","OK","37.4587798","126.6797890","주안동, 주안1동, 미추홀구, 인천광역시, 22139, 대한민국","node","415154904",""
"대한민국 인천광역시 미추홀구 학익동","OK","37.4400661","126.6564528","학익동, 학익1동, 미추홀구, 인천광역시, 22205, 대한민국","node","415154889",""
"대한민국 인천광역시 부평구 갈산동","OK","37.5154100","126.7267600","갈산동, 부평구, 인천광역시, 대한민국","relation","6683640",""
"대한민국 인천광역시 부평구 부개동","OK","37.4937932","126.7380537","부개동, 부평구, 인천광역시, 대한민국","relation","6683637",""
"대한민국 인천광역시 부평구 부평동","OK","37.4906976","126.7238170","부평동, 부평구, 인천광역시, 대한민국","relation","6683638",""
"대한민국 인천광역시 부평구 산곡동","OK","37.4991807","126.7024188","산곡동, 부평구, 인천광역시, 대한민국","relation","6683646",""
"대한민국 인천광역시 부평구 삼산동","OK","37.5151336","126.7418482","삼산동, 부평구, 인천광역시, 대한민국","relation","6683645",""
"대한민국 인천광역시 부평구 십정동","OK","37.4766289","126.6974314","십정동, 부평구, 인천광역시, 대한민국","relation","6683647",""
"대한민국 인천광역시 부평구 일신동","OK","37.4808392","126.7479615","일신동, 부평구, 인천광역시, 대한민국","relation","6683643",""
"대한민국 인천광역시 부평구 청천동","OK","37.5188330","126.7080961","청천동, 청천2동, 부평구, 인천광역시, 21311, 대한민국","node","415153473",""
"대한민국 인천광역시 서해구 가정동","OK","37.5265430","126.6740693","가정동, 서해구, 인천광역시, 대한민국","relation","8857515",""
"대한민국 인천광역시 서해구 가좌동","OK","37.4881988","126.6764228","가좌동, 서해구, 인천광역시, 대한민국","relation","8857514",""
"대한민국 인천광역시 서해구 검암경서동","OK","37.5583760","126.6562938","검암경서동, 서해구, 인천광역시, 대한민국","relation","19416398",""
"대한민국 인천광역시 서해구 석남동","OK","37.5066407","126.6705375","석남동, 서해구, 인천광역시, 대한민국","relation","8859678",""
"대한민국 인천광역시 서해구 신현원창동","OK","37.5392720","126.5882090","신현원창동, 서해구, 인천광역시, 대한민국","relation","8059607",""
"대한민국 인천광역시 서해구 연희동","OK","37.5486392","126.6826642","연희동, 서해구, 인천광역시, 대한민국","relation","8059614",""
"대한민국 인천광역시 서해구 청라동","OK","37.5330681","126.6299034","청라동, 청라3동, 서해구, 인천광역시, 22758, 대한민국","node","7097724015",""
"대한민국 인천광역시 연수구 동춘동","OK","37.4046979","126.6650924","동춘동, 동춘1동, 연수구, 인천광역시, 21971, 대한민국","node","415154828",""
"대한민국 인천광역시 연수구 선학동","OK","37.4278854","126.6963107","선학동, 연수구, 인천광역시, 21938, 대한민국","relation","8101731",""
"대한민국 인천광역시 연수구 송도동","OK","37.3851499","126.6457433","송도동, 송도1동, 연수구, 인천광역시, 22000, 대한민국","node","4751255622",""
"대한민국 인천광역시 연수구 연수동","OK","37.4190772","126.6860232","연수동, 연수구, 인천광역시, 대한민국","relation","8101732",""
"대한민국 인천광역시 연수구 옥련동","OK","37.4242577","126.6478206","옥련동, 연수구, 인천광역시, 대한민국","relation","8101736",""
"대한민국 인천광역시 연수구 청학동","OK","37.4234771","126.6645224","청학동, 연수구, 인천광역시, 대한민국","relation","8101734",""
"대한민국 인천광역시 영종구 영종동","OK","37.5043470","126.5389436","영종동, 영종구, 인천광역시, 대한민국","relation","7854697",""
"대한민국 인천광역시 영종구 용유동","OK","37.4090800","126.4325567","용유동, 영종구, 인천광역시, 대한민국","relation","7854695",""
"대한민국 인천광역시 영종구 운서동","OK","37.4844700","126.4862600","운서동, 공항신도시, 영종구, 인천광역시, 대한민국","relation","7854696",""
"대한민국 인천광역시 옹진군 대청면","OK","37.8330448","124.7035999","대청면, 옹진군, 인천광역시, 대한민국","relation","8294436",""
"대한민국 인천광역시 옹진군 덕적면","OK","37.2317714","126.1155044","덕적면, 옹진군, 인천광역시, 대한민국","relation","8294439",""
"대한민국 인천광역시 옹진군 백령면","OK","37.9486074","124.6798095","백령면, 옹진군, 인천광역시, 대한민국","relation","8294437",""
"대한민국 인천광역시 옹진군 북도면","OK","37.5311860","126.4067084","북도면, 옹진군, 인천광역시, 대한민국","relation","8294442",""
"대한민국 인천광역시 옹진군 연평면","OK","37.6687698","125.6946955","연평면, 옹진군, 인천광역시, 대한민국","relation","8294438",""
"대한민국 인천광역시 옹진군 영흥면","OK","37.2532931","126.4642048","영흥면, 옹진군, 인천광역시, 대한민국","relation","8294441",""
"대한민국 인천광역시 옹진군 자월면","OK","37.2504608","126.3084438","자월면, 옹진군, 인천광역시, 대한민국","relation","8294440",""
"대한민국 인천광역시 제물포구 2동","OK","37.4527796","126.6050965","2동, 축항대로86번길, 항동7가, 연안동, 제물포구, 인천광역시, 22348, 대한민국","way","673906390",""
"대한민국 인천광역시 제물포구 개항동","OK","37.4797781","126.6242542","개항동 어울터, 참외전로37번길, 송월동1가, 송월동, 제물포구, 인천광역시, 22308, 대한민국","node","11379638484",""
"대한민국 인천광역시 제물포구 금창동","OK","37.4716038","126.6403114","금창동, 제물포구, 인천광역시, 대한민국","relation","6683641",""
"대한민국 인천광역시 제물포구 도원동","OK","37.4672333","126.6399999","도원동, 제물포구, 인천광역시, 22327, 대한민국","relation","7854701",""
"대한민국 인천광역시 제물포구 동인천동","OK","37.4753702","126.6279210","동인천동, 제물포구, 인천광역시, 대한민국","relation","7854704",""
"대한민국 인천광역시 제물포구 만석동","OK","37.4857038","126.6225567","만석동, 중구, 제물포구, 인천광역시, 대한민국","relation","6683644",""
"대한민국 인천광역시 제물포구 송림동","OK","37.4773577","126.6487611","송림동, 동구, 제물포구, 인천광역시, 대한민국","relation","6683649",""
"대한민국 인천광역시 제물포구 송현동","OK","37.4863200","126.6412510","송현동, 제물포구, 인천광역시, 대한민국","relation","6683648",""
"대한민국 인천광역시 제물포구 신포동","OK","37.4673141","126.6208741","신포동, 제물포구, 인천광역시, 대한민국","relation","7854699",""
"대한민국 인천광역시 제물포구 신흥동","OK","37.4659300","126.6373200","신흥동, 동구, 제물포구, 인천광역시, 대한민국","relation","7854702",""
"대한민국 인천광역시 제물포구 연안동","OK","37.4521981","126.5941411","연안동, 제물포구, 인천광역시, 대한민국","relation","7854698",""
"대한민국 인천광역시 제물포구 율목동","OK","37.4700935","126.6350444","율목동, 제물포구, 인천광역시, 22319, 대한민국","relation","7854703",""
"대한민국 인천광역시 제물포구 화수동","OK","37.4824887","126.6320161","화수동, 화수1·화평동, 제물포구, 인천광역시, 22516, 대한민국","node","415154836",""
"대한민국 인천광역시 제물포구 화평동","OK","37.4792400","126.6308200","화평동, 화수1·화평동, 제물포구, 인천광역시, 22549, 대한민국","node","415154864",""
"대한민국 충청남도 아산 도고면","OK","36.7573924","126.8895814","도고면, 아산시, 충청남도, 31550, 대한민국","node","415159936",""
"대한민국 충청남도 아산 둔포면","OK","36.9158923","127.0383651","둔포면, 아산시, 충청남도, 31405, 대한민국","node","415158046",""
"대한민국 충청남도 아산 배방읍","OK","36.7656300","127.0662549","배방읍, 아산시, 충청남도, 31487, 대한민국","node","415157947",""
"대한민국 충청남도 아산 선장면","OK","36.7945000","126.8693900","선장면, 아산시, 충청남도, 31546, 대한민국","node","415157804",""
"대한민국 충청남도 아산 송악면","OK","36.7305737","127.0097967","송악면, 아산시, 충청남도, 31557, 대한민국","node","415159960",""
"대한민국 충청남도 아산 신창면","OK","36.7908700","126.9341100","신창면, 아산시, 충청남도, 31536, 대한민국","node","415157875",""
"대한민국 충청남도 아산 염치읍","OK","36.8200300","126.9862700","염치읍, 아산시, 충청남도, 31445, 대한민국","node","415157897",""
"대한민국 충청남도 아산 영인면","OK","36.8808400","126.9578000","영인면, 아산시, 충청남도, 31425, 대한민국","node","415157861",""
"대한민국 충청남도 아산 온양동","NOT_FOUND","","","","","",""
"대한민국 충청남도 아산 음봉면","OK","36.8595400","127.0495500","음봉면, 아산시, 충청남도, 31413, 대한민국","node","415158048",""
"대한민국 충청남도 아산 인주면","OK","36.8637000","126.8923500","인주면, 아산시, 충청남도, 31434, 대한민국","node","415157784",""
"대한민국 충청남도 아산 탕정면","OK","36.8093757","127.0686422","탕정면, 아산시, 충청남도, 31454, 대한민국","node","415157939",""
"대한민국 충청남도 천안 광덕면","OK","36.6809200","127.1072000","광덕면, 천안시, 충청남도, 31221, 대한민국","node","415160074",""
"대한민국 충청남도 천안 동면","OK","36.7835300","127.3637700","동면, 천안시, 충청남도, 31258, 대한민국","node","415157591",""
"대한민국 충청남도 천안 목천읍","OK","36.7843300","127.2149200","목천읍, 천안시, 충청남도, 31233, 대한민국","node","415158150",""
"대한민국 충청남도 천안 문성동","OK","36.8109640","127.1503014","문성동 행정복지센터, 15, 문화로, 문화동, 동남구, 천안시, 충청남도, 31128, 대한민국","way","199110029",""
"대한민국 충청남도 천안 백석동","OK","36.8242631","127.1178826","백석동, 서북구, 천안시, 충청남도, 대한민국","relation","2484259",""
"대한민국 충청남도 천안 병천면","OK","36.7827400","127.3109500","병천면, 천안시, 충청남도, 31254, 대한민국","node","415157586",""
"대한민국 충청남도 천안 봉명동","OK","36.8065649","127.1373904","봉명동, 동남구, 천안시, 충청남도, 대한민국","relation","2508099",""
"대한민국 충청남도 천안 부성동","NOT_FOUND","","","","","",""
"대한민국 충청남도 천안 북면","OK","36.8242200","127.2689100","북면, 천안시, 충청남도, 31238, 대한민국","node","415157578",""
"대한민국 충청남도 천안 불당동","OK","36.8119683","127.1089675","불당동, 서북구, 천안시, 충청남도, 대한민국","relation","2484262",""
"대한민국 충청남도 천안 성거읍","OK","36.8780677","127.1975680","성거읍, 서북구, 천안시, 충청남도, 대한민국","relation","2561572",""
"대한민국 충청남도 천안 성남면","OK","36.7355600","127.2358000","성남면, 천안시, 충청남도, 31245, 대한민국","node","415160095",""
"대한민국 충청남도 천안 성정동","OK","36.8175265","127.1412257","성정동, 성정1동, 서북구, 천안시, 충청남도, 31142, 대한민국","node","4682896869",""
"대한민국 충청남도 천안 성환읍","OK","36.9158842","127.1251269","성환읍, 서북구, 천안시, 충청남도, 대한민국","relation","2733843",""
"대한민국 충청남도 천안 수신면","OK","36.7256400","127.2837600","수신면, 천안시, 충청남도, 31251, 대한민국","node","415159679",""
"대한민국 충청남도 천안 신방동","OK","36.7840779","127.1253344","신방동, 동남구, 천안시, 충청남도, 31178, 대한민국","node","415157952",""
"대한민국 충청남도 천안 신안동","OK","36.8173807","127.1604107","신안동 행정복지센터, 16-6, 신부3길, 신부동, 동남구, 천안시, 충청남도, 31125, 대한민국","way","795652308",""
"대한민국 충청남도 천안 쌍용동","OK","36.8025052","127.1325712","쌍용동, 동남구, 천안시, 충청남도, 대한민국","relation","2508095",""
"대한민국 충청남도 천안 원성동","OK","36.8090900","127.1609600","원성동, 동남구, 천안시, 충청남도, 31127, 대한민국","node","415157966",""
"대한민국 충청남도 천안 일봉동","OK","36.8009985","127.1419924","일봉동 행정복지센터, 48, 신용로, 다가동, 동남구, 천안시, 충청남도, 31154, 대한민국","way","815634376",""
"대한민국 충청남도 천안 입장면","OK","36.9078420","127.2231241","입장면, 서북구, 천안시, 충청남도, 대한민국","relation","2733858",""
"대한민국 충청남도 천안 중앙동","OK","36.8000473","127.1525799","중앙동 행정복지센터, 17, 원성천1길, 영성동, 동남구, 천안시, 충청남도, 31131, 대한민국","way","816888873",""
"대한민국 충청남도 천안 직산읍","OK","36.8781020","127.1489664","직산읍, 서북구, 천안시, 충청남도, 대한민국","relation","2728930",""
"대한민국 충청남도 천안 청룡동","OK","36.7860806","127.1567320","청룡동 행정복지센터, 99, 청수14로, 청당동, 동남구, 천안시, 충청남도, 31198, 대한민국","way","479990337",""
"대한민국 충청남도 천안 풍세면","OK","36.7384900","127.1250000","풍세면, 천안시, 충청남도, 31216, 대한민국","node","415160068",""
