"File","Pattern","Title","Description"
"massage/seoul/mapo-gu/마포구-출장마사지-공덕-연남-합정-오피스-근무와-프리랜서-일정-어깨-허리-피로-방문-홈케어/index.html","피로을","마포구 출장마사지 - 공덕·연남 오피스 근무와 프리랜서 일정 어깨·허리 피로 방문 홈케어 | 몽라운지","마포구 공덕·연남·합정 생활권에서 오피스 근무와 프리랜서 일정 뒤 어깨·허리 피로을 느끼는 경우, 가까운 방문 홈케어 정보를 찾는 순서와 지역 선택 기준을 정리한 몽라운지 안내입니다."
"massage/seoul/jungnang-gu/중랑구-출장마사지-사가정-중화-면목-매장-운영과-반복적인-손-사용-손목-허리-피로-방문-홈케어/index.html","피로을","중랑구 출장마사지 - 사가정·중화 매장 운영과 반복적인 손 사용 손목·허리 피로 방문 홈케어 | 몽라운지","중랑구 사가정·중화·면목 생활권에서 매장 운영과 반복적인 손 사용 뒤 손목·허리 피로을 느끼는 경우, 가까운 방문 홈케어 정보를 찾는 순서와 지역 선택 기준을 정리한 몽라운지 안내입니다."
"massage/seoul/dongjak-gu/동작구-출장마사지-상도-흑석-사당-긴-통근과-계단-이동이-이어진-날-허리-골반-주변-피로-방문-홈케어/index.html","피로을","동작구 출장마사지 - 상도·흑석 긴 통근과 계단 이동이 이어진 날 허리·골반 주변 피로 방문 홈케어 | 몽라운지","동작구 상도·흑석·사당 생활권에서 긴 통근과 계단 이동이 이어진 날 뒤 허리·골반 주변 피로을 느끼는 경우, 가까운 방문 홈케어 정보를 찾는 순서와 지역 선택 기준을 정리한 몽라운지 안내입니다."
"massage/seoul/geumcheon-gu/금천구-출장마사지-독산-시흥-가산-제조-교대-일정이-길어진-날-허리-어깨-피로-방문-홈케어/index.html","피로을","금천구 출장마사지 - 독산·시흥 제조·교대 일정이 길어진 날 허리·어깨 피로 방문 홈케어 | 몽라운지","금천구 독산·시흥·가산 생활권에서 제조·교대 일정이 길어진 날 뒤 허리·어깨 피로을 느끼는 경우, 가까운 방문 홈케어 정보를 찾는 순서와 지역 선택 기준을 정리한 몽라운지 안내입니다."
"massage/seoul/gangbuk-gu/강북구-출장마사지-미아사거리-수유-번동-판매-미용-업무로-오래-서-있는-날-종아리-발-손목-피로-방문-홈케어/index.html","피로을","강북구 출장마사지 - 미아사거리·수유 판매·미용 업무로 오래 서 있는 날 종아리·발·손목 피로 방문 홈케어 | 몽라운지","강북구 미아사거리·수유·번동 생활권에서 판매·미용 업무로 오래 서 있는 날 뒤 종아리·발·손목 피로을 느끼는 경우, 가까운 방문 홈케어 정보를 찾는 순서와 지역 선택 기준을 정리한 몽라운지 안내입니다."
"massage/seoul/seocho-gu/서초구-출장마사지-양재-서초-강남대로-야근과-회의가-길어진-날-목-어깨-눈의-피로-방문-홈케어/index.html","피로을","서초구 출장마사지 - 양재·서초 야근과 회의가 길어진 날 목·어깨·눈의 피로 방문 홈케어 | 몽라운지","서초구 양재·서초·강남대로 생활권에서 야근과 회의가 길어진 날 뒤 목·어깨·눈의 피로을 느끼는 경우, 가까운 방문 홈케어 정보를 찾는 순서와 지역 선택 기준을 정리한 몽라운지 안내입니다."
"massage/seoul/dobong-gu/도봉구-출장마사지-방학-도봉-창동-생활-이동과-집안일이-겹친-날-허리-무릎-주변-피로-방문-홈케어/index.html","피로을","도봉구 출장마사지 - 방학·도봉 생활 이동과 집안일이 겹친 날 허리·무릎 주변 피로 방문 홈케어 | 몽라운지","도봉구 방학·도봉·창동 생활권에서 생활 이동과 집안일이 겹친 날 뒤 허리·무릎 주변 피로을 느끼는 경우, 가까운 방문 홈케어 정보를 찾는 순서와 지역 선택 기준을 정리한 몽라운지 안내입니다."
"massage/seoul/gwanak-gu/관악구-출장마사지-서울대입구-샤로수길-신림-프리랜서-작업과-창업-일정-눈-목-어깨-피로-방문-홈케어/index.html","피로을","관악구 출장마사지 - 서울대입구·샤로수길 프리랜서 작업과 창업 일정 눈·목·어깨 피로 방문 홈케어 | 몽라운지","관악구 서울대입구·샤로수길·신림 생활권에서 프리랜서 작업과 창업 일정 뒤 눈·목·어깨 피로을 느끼는 경우, 가까운 방문 홈케어 정보를 찾는 순서와 지역 선택 기준을 정리한 몽라운지 안내입니다."
"massage/seoul/seongdong-gu/성동구-출장마사지-왕십리-행당-성수-통근과-약속이-이어진-하루-전신-피로-방문-홈케어/index.html","피로을","성동구 출장마사지 - 왕십리·행당 통근과 약속이 이어진 하루 전신 피로 방문 홈케어 | 몽라운지","성동구 왕십리·행당·성수 생활권에서 통근과 약속이 이어진 하루 뒤 전신 피로을 느끼는 경우, 가까운 방문 홈케어 정보를 찾는 순서와 지역 선택 기준을 정리한 몽라운지 안내입니다."
"massage/seoul/yeongdeungpo-gu/영등포구-출장마사지-문래-영등포-여의도-판매-제조-오피스-일정이-겹친-날-다리-손목-피로-방문-홈케어/index.html","피로을","영등포구 출장마사지 - 문래·영등포 판매·제조·오피스 일정이 겹친 날 다리·손목 피로 방문 홈케어 | 몽라운지","영등포구 문래·영등포·여의도 생활권에서 판매·제조·오피스 일정이 겹친 날 뒤 다리·손목 피로을 느끼는 경우, 가까운 방문 홈케어 정보를 찾는 순서와 지역 선택 기준을 정리한 몽라운지 안내입니다."
"massage/seoul/songpa-gu/송파구-출장마사지-문정-법조타운-잠실-야근과-장시간-화면-업무-어깨-목-눈의-피로-방문-홈케어/index.html","피로을","송파구 출장마사지 - 문정·법조타운 야근과 장시간 화면 업무 어깨·목·눈의 피로 방문 홈케어 | 몽라운지","송파구 문정·법조타운·잠실 생활권에서 야근과 장시간 화면 업무 뒤 어깨·목·눈의 피로을 느끼는 경우, 가까운 방문 홈케어 정보를 찾는 순서와 지역 선택 기준을 정리한 몽라운지 안내입니다."
"massage/seoul/eunpyeong-gu/은평구-출장마사지-응암-역촌-불광-생활-이동과-장보기-일정-허리-어깨-피로-방문-홈케어/index.html","피로을","은평구 출장마사지 - 응암·역촌 생활 이동과 장보기 일정 허리·어깨 피로 방문 홈케어 | 몽라운지","은평구 응암·역촌·불광 생활권에서 생활 이동과 장보기 일정 뒤 허리·어깨 피로을 느끼는 경우, 가까운 방문 홈케어 정보를 찾는 순서와 지역 선택 기준을 정리한 몽라운지 안내입니다."
"massage/seoul/jung-gu/중구-출장마사지-신당-동대문시장-을지로-야간-영업과-장시간-서-있는-일정-다리-허리-피로-방문-홈케어/index.html","피로을","중구 출장마사지 - 신당·동대문시장 야간 영업과 장시간 서 있는 일정 다리·허리 피로 방문 홈케어 | 몽라운지","중구 신당·동대문시장·을지로 생활권에서 야간 영업과 장시간 서 있는 일정 뒤 다리·허리 피로을 느끼는 경우, 가까운 방문 홈케어 정보를 찾는 순서와 지역 선택 기준을 정리한 몽라운지 안내입니다."
"massage/seoul/gangseo-gu/강서구-출장마사지-가양-등촌-마곡-육아와-집안일이-길어진-날-어깨-손목-허리-피로-방문-홈케어/index.html","피로을","강서구 출장마사지 - 가양·등촌 육아와 집안일이 길어진 날 어깨·손목·허리 피로 방문 홈케어 | 몽라운지","강서구 가양·등촌·마곡 생활권에서 육아와 집안일이 길어진 날 뒤 어깨·손목·허리 피로을 느끼는 경우, 가까운 방문 홈케어 정보를 찾는 순서와 지역 선택 기준을 정리한 몽라운지 안내입니다."
"massage/gyeonggi/goyang/고양시-출장마사지-일산-대화-백석-전시-행사와-장시간-보행-일정-다리-어깨-피로-방문-홈케어/index.html","피로을","고양시 출장마사지 - 일산·대화 전시·행사와 장시간 보행 일정 다리·어깨 피로 방문 홈케어 | 몽라운지","고양시 일산·대화·백석 생활권에서 전시·행사와 장시간 보행 일정 뒤 다리·어깨 피로을 느끼는 경우, 가까운 방문 홈케어 정보를 찾는 순서와 지역 선택 기준을 정리한 몽라운지 안내입니다."
"massage/gyeonggi/uijeongbu/의정부시-출장마사지-민락-회룡-의정부역-통근과-생활-이동이-겹친-날-허리-다리-피로-방문-홈케어/index.html","피로을","의정부시 출장마사지 - 민락·회룡 통근과 생활 이동이 겹친 날 허리·다리 피로 방문 홈케어 | 몽라운지","의정부시 민락·회룡·의정부역 생활권에서 통근과 생활 이동이 겹친 날 뒤 허리·다리 피로을 느끼는 경우, 가까운 방문 홈케어 정보를 찾는 순서와 지역 선택 기준을 정리한 몽라운지 안내입니다."
"massage/gyeonggi/ansan/안산시-출장마사지-중앙-고잔-선부-산업단지-통근과-현장-일정-어깨-허리-피로-방문-홈케어/index.html","피로을","안산시 출장마사지 - 중앙·고잔 산업단지 통근과 현장 일정 어깨·허리 피로 방문 홈케어 | 몽라운지","안산시 중앙·고잔·선부 생활권에서 산업단지 통근과 현장 일정 뒤 어깨·허리 피로을 느끼는 경우, 가까운 방문 홈케어 정보를 찾는 순서와 지역 선택 기준을 정리한 몽라운지 안내입니다."
"massage/gyeonggi/suwon/수원시-출장마사지-광교-인계-수원역-출퇴근과-상권-이동이-길어진-날-어깨-허리-피로-방문-홈케어/index.html","피로을","수원시 출장마사지 - 광교·인계 출퇴근과 상권 이동이 길어진 날 어깨·허리 피로 방문 홈케어 | 몽라운지","수원시 광교·인계·수원역 생활권에서 출퇴근과 상권 이동이 길어진 날 뒤 어깨·허리 피로을 느끼는 경우, 가까운 방문 홈케어 정보를 찾는 순서와 지역 선택 기준을 정리한 몽라운지 안내입니다."
"massage/gyeonggi/anseong/안성시-출장마사지-공도-석정-대덕-산업-통근과-장시간-운전-허리-다리-피로-방문-홈케어/index.html","피로을","안성시 출장마사지 - 공도·석정 산업 통근과 장시간 운전 허리·다리 피로 방문 홈케어 | 몽라운지","안성시 공도·석정·대덕 생활권에서 산업 통근과 장시간 운전 뒤 허리·다리 피로을 느끼는 경우, 가까운 방문 홈케어 정보를 찾는 순서와 지역 선택 기준을 정리한 몽라운지 안내입니다."
"massage/gyeonggi/uiwang/의왕시-출장마사지-내손-포일-오전-오피스-통근과-장시간-앉은-업무-목-허리-피로-방문-홈케어/index.html","피로을","의왕시 출장마사지 - 내손·포일 오피스 통근과 장시간 앉은 업무 목·허리 피로 방문 홈케어 | 몽라운지","의왕시 내손·포일·오전 생활권에서 오피스 통근과 장시간 앉은 업무 뒤 목·허리 피로을 느끼는 경우, 가까운 방문 홈케어 정보를 찾는 순서와 지역 선택 기준을 정리한 몽라운지 안내입니다."
"massage/gyeonggi/gwacheon/과천시-출장마사지-중앙-별양-정부과천청사-오피스-통근과-회의-일정-목-어깨-피로-방문-홈케어/index.html","피로을","과천시 출장마사지 - 중앙·별양 오피스 통근과 회의 일정 목·어깨 피로 방문 홈케어 | 몽라운지","과천시 중앙·별양·정부과천청사 생활권에서 오피스 통근과 회의 일정 뒤 목·어깨 피로을 느끼는 경우, 가까운 방문 홈케어 정보를 찾는 순서와 지역 선택 기준을 정리한 몽라운지 안내입니다."
"massage/gyeonggi/gimpo/김포시-출장마사지-장기-구래-마산-신도시-통근과-대중교통-이동-어깨-다리-피로-방문-홈케어/index.html","피로을","김포시 출장마사지 - 장기·구래 신도시 통근과 대중교통 이동 어깨·다리 피로 방문 홈케어 | 몽라운지","김포시 장기·구래·마산 생활권에서 신도시 통근과 대중교통 이동 뒤 어깨·다리 피로을 느끼는 경우, 가까운 방문 홈케어 정보를 찾는 순서와 지역 선택 기준을 정리한 몽라운지 안내입니다."
"massage/gyeonggi/yeoju/여주시-출장마사지-오학-홍문-여주역-쇼핑-업무와-차량-이동이-겹친-날-다리-허리-피로-방문-홈케어/index.html","피로을","여주시 출장마사지 - 오학·홍문 쇼핑·업무와 차량 이동이 겹친 날 다리·허리 피로 방문 홈케어 | 몽라운지","여주시 오학·홍문·여주역 생활권에서 쇼핑·업무와 차량 이동이 겹친 날 뒤 다리·허리 피로을 느끼는 경우, 가까운 방문 홈케어 정보를 찾는 순서와 지역 선택 기준을 정리한 몽라운지 안내입니다."
"massage/gyeonggi/pocheon/포천시-출장마사지-소흘-송우리-포천동-장거리-차량-이동과-현장-일정-허리-어깨-피로-방문-홈케어/index.html","피로을","포천시 출장마사지 - 소흘·송우리 장거리 차량 이동과 현장 일정 허리·어깨 피로 방문 홈케어 | 몽라운지","포천시 소흘·송우리·포천동 생활권에서 장거리 차량 이동과 현장 일정 뒤 허리·어깨 피로을 느끼는 경우, 가까운 방문 홈케어 정보를 찾는 순서와 지역 선택 기준을 정리한 몽라운지 안내입니다."
"massage/gyeonggi/dongducheon/동두천시-출장마사지-지행-생연-보산-광역-통근과-생활-이동이-긴-날-어깨-허리-피로-방문-홈케어/index.html","피로을","동두천시 출장마사지 - 지행·생연 광역 통근과 생활 이동이 긴 날 어깨·허리 피로 방문 홈케어 | 몽라운지","동두천시 지행·생연·보산 생활권에서 광역 통근과 생활 이동이 긴 날 뒤 어깨·허리 피로을 느끼는 경우, 가까운 방문 홈케어 정보를 찾는 순서와 지역 선택 기준을 정리한 몽라운지 안내입니다."
"massage/gyeonggi/yeoncheon/연천군-출장마사지-전곡-연천읍-청산-장거리-운전과-외곽-이동-허리-다리-피로-방문-홈케어/index.html","피로을","연천군 출장마사지 - 전곡·연천읍 장거리 운전과 외곽 이동 허리·다리 피로 방문 홈케어 | 몽라운지","연천군 전곡·연천읍·청산 생활권에서 장거리 운전과 외곽 이동 뒤 허리·다리 피로을 느끼는 경우, 가까운 방문 홈케어 정보를 찾는 순서와 지역 선택 기준을 정리한 몽라운지 안내입니다."
"massage/gyeonggi/guri/구리시-출장마사지-인창-갈매-수택-서울-통근과-생활-이동이-긴-날-목-허리-피로-방문-홈케어/index.html","피로을","구리시 출장마사지 - 인창·갈매 서울 통근과 생활 이동이 긴 날 목·허리 피로 방문 홈케어 | 몽라운지","구리시 인창·갈매·수택 생활권에서 서울 통근과 생활 이동이 긴 날 뒤 목·허리 피로을 느끼는 경우, 가까운 방문 홈케어 정보를 찾는 순서와 지역 선택 기준을 정리한 몽라운지 안내입니다."
"massage/gyeonggi/yangpyeong/양평군-출장마사지-양평읍-용문-양서-주말-차량-이동과-외출-일정-허리-다리-피로-방문-홈케어/index.html","피로을","양평군 출장마사지 - 양평읍·용문 주말 차량 이동과 외출 일정 허리·다리 피로 방문 홈케어 | 몽라운지","양평군 양평읍·용문·양서 생활권에서 주말 차량 이동과 외출 일정 뒤 허리·다리 피로을 느끼는 경우, 가까운 방문 홈케어 정보를 찾는 순서와 지역 선택 기준을 정리한 몽라운지 안내입니다."
"massage/gyeonggi/icheon/이천시-출장마사지-창전-부발-증포-물류-산업-업무와-장시간-이동-어깨-허리-피로-방문-홈케어/index.html","피로을","이천시 출장마사지 - 창전·부발 물류·산업 업무와 장시간 이동 어깨·허리 피로 방문 홈케어 | 몽라운지","이천시 창전·부발·증포 생활권에서 물류·산업 업무와 장시간 이동 뒤 어깨·허리 피로을 느끼는 경우, 가까운 방문 홈케어 정보를 찾는 순서와 지역 선택 기준을 정리한 몽라운지 안내입니다."
"massage/gyeonggi/pyeongtaek/평택시-출장마사지-고덕-송탄-평택역-교대-근무와-장시간-이동-다리-어깨-피로-방문-홈케어/index.html","피로을","평택시 출장마사지 - 고덕·송탄 교대 근무와 장시간 이동 다리·어깨 피로 방문 홈케어 | 몽라운지","평택시 고덕·송탄·평택역 생활권에서 교대 근무와 장시간 이동 뒤 다리·어깨 피로을 느끼는 경우, 가까운 방문 홈케어 정보를 찾는 순서와 지역 선택 기준을 정리한 몽라운지 안내입니다."
"massage/gyeonggi/osan/오산시-출장마사지-세교-오산역-원동-출퇴근과-환승-이동이-길어진-날-목-다리-피로-방문-홈케어/index.html","피로을","오산시 출장마사지 - 세교·오산역 출퇴근과 환승 이동이 길어진 날 목·다리 피로 방문 홈케어 | 몽라운지","오산시 세교·오산역·원동 생활권에서 출퇴근과 환승 이동이 길어진 날 뒤 목·다리 피로을 느끼는 경우, 가까운 방문 홈케어 정보를 찾는 순서와 지역 선택 기준을 정리한 몽라운지 안내입니다."
"massage/gyeonggi/gunpo/군포시-출장마사지-산본-금정-당동-지하철-통근과-장시간-보행-다리-허리-피로-방문-홈케어/index.html","피로을","군포시 출장마사지 - 산본·금정 지하철 통근과 장시간 보행 다리·허리 피로 방문 홈케어 | 몽라운지","군포시 산본·금정·당동 생활권에서 지하철 통근과 장시간 보행 뒤 다리·허리 피로을 느끼는 경우, 가까운 방문 홈케어 정보를 찾는 순서와 지역 선택 기준을 정리한 몽라운지 안내입니다."
"massage/gyeonggi/hanam/하남시-출장마사지-미사-감일-덕풍-신도시-생활과-집안-정리-일정-어깨-허리-피로-방문-홈케어/index.html","피로을","하남시 출장마사지 - 미사·감일 신도시 생활과 집안 정리 일정 어깨·허리 피로 방문 홈케어 | 몽라운지","하남시 미사·감일·덕풍 생활권에서 신도시 생활과 집안 정리 일정 뒤 어깨·허리 피로을 느끼는 경우, 가까운 방문 홈케어 정보를 찾는 순서와 지역 선택 기준을 정리한 몽라운지 안내입니다."
"massage/gyeonggi/gapyeong/가평군-출장마사지-가평읍-청평-설악-여행-숙박과-장시간-이동-다리-허리-피로-방문-홈케어/index.html","피로을","가평군 출장마사지 - 가평읍·청평 여행·숙박과 장시간 이동 다리·허리 피로 방문 홈케어 | 몽라운지","가평군 가평읍·청평·설악 생활권에서 여행·숙박과 장시간 이동 뒤 다리·허리 피로을 느끼는 경우, 가까운 방문 홈케어 정보를 찾는 순서와 지역 선택 기준을 정리한 몽라운지 안내입니다."
"massage/gyeonggi/hwaseong/화성시-출장마사지-동탄-병점-향남-신도시-생활과-가족-일정-어깨-허리-피로-방문-홈케어/index.html","피로을","화성시 출장마사지 - 동탄·병점 신도시 생활과 가족 일정 어깨·허리 피로 방문 홈케어 | 몽라운지","화성시 동탄·병점·향남 생활권에서 신도시 생활과 가족 일정 뒤 어깨·허리 피로을 느끼는 경우, 가까운 방문 홈케어 정보를 찾는 순서와 지역 선택 기준을 정리한 몽라운지 안내입니다."
"massage/gyeonggi/gwangmyeong/광명시-출장마사지-광명역-철산-하안-출장과-광역-이동이-겹친-날-다리-허리-피로-방문-홈케어/index.html","피로을","광명시 출장마사지 - 광명역·철산 출장과 광역 이동이 겹친 날 다리·허리 피로 방문 홈케어 | 몽라운지","광명시 광명역·철산·하안 생활권에서 출장과 광역 이동이 겹친 날 뒤 다리·허리 피로을 느끼는 경우, 가까운 방문 홈케어 정보를 찾는 순서와 지역 선택 기준을 정리한 몽라운지 안내입니다."
"massage/gyeonggi/yangju/양주시-출장마사지-옥정-덕계-회천-가족-일정과-차량-이동이-겹친-날-허리-다리-피로-방문-홈케어/index.html","피로을","양주시 출장마사지 - 옥정·덕계 가족 일정과 차량 이동이 겹친 날 허리·다리 피로 방문 홈케어 | 몽라운지","양주시 옥정·덕계·회천 생활권에서 가족 일정과 차량 이동이 겹친 날 뒤 허리·다리 피로을 느끼는 경우, 가까운 방문 홈케어 정보를 찾는 순서와 지역 선택 기준을 정리한 몽라운지 안내입니다."
"massage/gyeonggi/bucheon/부천시-출장마사지-중동-상동-부천역-쇼핑-서비스-업무로-오래-선-날-다리-발-피로-방문-홈케어/index.html","피로을","부천시 출장마사지 - 중동·상동 쇼핑·서비스 업무로 오래 선 날 다리·발 피로 방문 홈케어 | 몽라운지","부천시 중동·상동·부천역 생활권에서 쇼핑·서비스 업무로 오래 선 날 뒤 다리·발 피로을 느끼는 경우, 가까운 방문 홈케어 정보를 찾는 순서와 지역 선택 기준을 정리한 몽라운지 안내입니다."
"massage/gyeonggi/yongin/용인시-출장마사지-죽전-기흥-수지-긴-통근과-차량-이동이-겹친-날-허리-다리-피로-방문-홈케어/index.html","피로을","용인시 출장마사지 - 죽전·기흥 긴 통근과 차량 이동이 겹친 날 허리·다리 피로 방문 홈케어 | 몽라운지","용인시 죽전·기흥·수지 생활권에서 긴 통근과 차량 이동이 겹친 날 뒤 허리·다리 피로을 느끼는 경우, 가까운 방문 홈케어 정보를 찾는 순서와 지역 선택 기준을 정리한 몽라운지 안내입니다."
"massage/gyeonggi/namyangju/남양주시-출장마사지-다산-별내-진접-차량-이동과-외곽-통근이-긴-날-허리-다리-피로-방문-홈케어/index.html","피로을","남양주시 출장마사지 - 다산·별내 차량 이동과 외곽 통근이 긴 날 허리·다리 피로 방문 홈케어 | 몽라운지","남양주시 다산·별내·진접 생활권에서 차량 이동과 외곽 통근이 긴 날 뒤 허리·다리 피로을 느끼는 경우, 가까운 방문 홈케어 정보를 찾는 순서와 지역 선택 기준을 정리한 몽라운지 안내입니다."
"massage/gyeonggi/gwangju-gyeonggi/광주시-출장마사지-태전-경안-곤지암-차량-이동과-생활권-이동이-긴-날-허리-어깨-피로-방문-홈케어/index.html","피로을","광주시 출장마사지 - 태전·경안 차량 이동과 생활권 이동이 긴 날 허리·어깨 피로 방문 홈케어 | 몽라운지","광주시 태전·경안·곤지암 생활권에서 차량 이동과 생활권 이동이 긴 날 뒤 허리·어깨 피로을 느끼는 경우, 가까운 방문 홈케어 정보를 찾는 순서와 지역 선택 기준을 정리한 몽라운지 안내입니다."
"massage/gyeonggi/paju/파주시-출장마사지-운정-금촌-문산-차량-통근과-장시간-운전-허리-어깨-피로-방문-홈케어/index.html","피로을","파주시 출장마사지 - 운정·금촌 차량 통근과 장시간 운전 허리·어깨 피로 방문 홈케어 | 몽라운지","파주시 운정·금촌·문산 생활권에서 차량 통근과 장시간 운전 뒤 허리·어깨 피로을 느끼는 경우, 가까운 방문 홈케어 정보를 찾는 순서와 지역 선택 기준을 정리한 몽라운지 안내입니다."
"massage/incheon/namdong-gu/남동구-출장마사지-구월-논현-간석-오피스와-쇼핑-일정이-겹친-날-다리-어깨-피로-방문-홈케어/index.html","피로을","남동구 출장마사지 - 구월·논현 오피스와 쇼핑 일정이 겹친 날 다리·어깨 피로 방문 홈케어 | 몽라운지","남동구 구월·논현·간석 생활권에서 오피스와 쇼핑 일정이 겹친 날 뒤 다리·어깨 피로을 느끼는 경우, 가까운 방문 홈케어 정보를 찾는 순서와 지역 선택 기준을 정리한 몽라운지 안내입니다."
"massage/incheon/yeongjong-gu/영종구-출장마사지-영종-운서-공항신도시-공항-이동과-여행-일정이-이어진-날-다리-허리-피로-방문-홈케어/index.html","피로을","영종구 출장마사지 - 영종·운서 공항 이동과 여행 일정이 이어진 날 다리·허리 피로 방문 홈케어 | 몽라운지","영종구 영종·운서·공항신도시 생활권에서 공항 이동과 여행 일정이 이어진 날 뒤 다리·허리 피로을 느끼는 경우, 가까운 방문 홈케어 정보를 찾는 순서와 지역 선택 기준을 정리한 몽라운지 안내입니다."
"massage/incheon/geomdan-gu/검단구-출장마사지-검단신도시-원당-불로-입주-이사와-신도시-정리-일정-어깨-허리-피로-방문-홈케어/index.html","피로을","검단구 출장마사지 - 검단신도시·원당 입주·이사와 신도시 정리 일정 어깨·허리 피로 방문 홈케어 | 몽라운지","검단구 검단신도시·원당·불로 생활권에서 입주·이사와 신도시 정리 일정 뒤 어깨·허리 피로을 느끼는 경우, 가까운 방문 홈케어 정보를 찾는 순서와 지역 선택 기준을 정리한 몽라운지 안내입니다."
"massage/incheon/michuhol-gu/미추홀구-출장마사지-주안-용현-도화-통근과-대학가-이동이-길어진-날-목-허리-피로-방문-홈케어/index.html","피로을","미추홀구 출장마사지 - 주안·용현 통근과 대학가 이동이 길어진 날 목·허리 피로 방문 홈케어 | 몽라운지","미추홀구 주안·용현·도화 생활권에서 통근과 대학가 이동이 길어진 날 뒤 목·허리 피로을 느끼는 경우, 가까운 방문 홈케어 정보를 찾는 순서와 지역 선택 기준을 정리한 몽라운지 안내입니다."
"massage/incheon/ongjin-gun/옹진군-출장마사지-영흥-백령-덕적-섬-이동과-숙박-일정이-길어진-날-다리-허리-피로-방문-홈케어/index.html","피로을","옹진군 출장마사지 - 영흥·백령 섬 이동과 숙박 일정이 길어진 날 다리·허리 피로 방문 홈케어 | 몽라운지","옹진군 영흥·백령·덕적 생활권에서 섬 이동과 숙박 일정이 길어진 날 뒤 다리·허리 피로을 느끼는 경우, 가까운 방문 홈케어 정보를 찾는 순서와 지역 선택 기준을 정리한 몽라운지 안내입니다."
"massage/incheon/bupyeong-gu/부평구-출장마사지-부평-삼산-갈산-쇼핑-서비스-업무로-오래-선-날-다리-손목-피로-방문-홈케어/index.html","피로을","부평구 출장마사지 - 부평·삼산 쇼핑·서비스 업무로 오래 선 날 다리·손목 피로 방문 홈케어 | 몽라운지","부평구 부평·삼산·갈산 생활권에서 쇼핑·서비스 업무로 오래 선 날 뒤 다리·손목 피로을 느끼는 경우, 가까운 방문 홈케어 정보를 찾는 순서와 지역 선택 기준을 정리한 몽라운지 안내입니다."
"massage/incheon/seohae-gu/서해구-출장마사지-청라-가정-석남-신도시-통근과-가족-일정이-겹친-날-허리-어깨-피로-방문-홈케어/index.html","피로을","서해구 출장마사지 - 청라·가정 신도시 통근과 가족 일정이 겹친 날 허리·어깨 피로 방문 홈케어 | 몽라운지","서해구 청라·가정·석남 생활권에서 신도시 통근과 가족 일정이 겹친 날 뒤 허리·어깨 피로을 느끼는 경우, 가까운 방문 홈케어 정보를 찾는 순서와 지역 선택 기준을 정리한 몽라운지 안내입니다."
"massage/incheon/yeonsu-gu/연수구-출장마사지-송도-연수-동춘-오피스-업무와-국제업무-일정이-길어진-날-목-눈-어깨-피로-방문-홈케어/index.html","피로을","연수구 출장마사지 - 송도·연수 오피스 업무와 국제업무 일정이 길어진 날 목·눈·어깨 피로 방문 홈케어 | 몽라운지","연수구 송도·연수·동춘 생활권에서 오피스 업무와 국제업무 일정이 길어진 날 뒤 목·눈·어깨 피로을 느끼는 경우, 가까운 방문 홈케어 정보를 찾는 순서와 지역 선택 기준을 정리한 몽라운지 안내입니다."
"massage/incheon/ganghwa-gun/강화군-출장마사지-강화읍-길상-불은-당일-여행과-차량-이동이-길어진-날-다리-허리-피로-방문-홈케어/index.html","피로을","강화군 출장마사지 - 강화읍·길상 당일 여행과 차량 이동이 길어진 날 다리·허리 피로 방문 홈케어 | 몽라운지","강화군 강화읍·길상·불은 생활권에서 당일 여행과 차량 이동이 길어진 날 뒤 다리·허리 피로을 느끼는 경우, 가까운 방문 홈케어 정보를 찾는 순서와 지역 선택 기준을 정리한 몽라운지 안내입니다."
"massage/incheon/gyeyang-gu/계양구-출장마사지-계산-작전-임학-출퇴근과-환승-이동이-길어진-날-목-허리-피로-방문-홈케어/index.html","피로을","계양구 출장마사지 - 계산·작전 출퇴근과 환승 이동이 길어진 날 목·허리 피로 방문 홈케어 | 몽라운지","계양구 계산·작전·임학 생활권에서 출퇴근과 환승 이동이 길어진 날 뒤 목·허리 피로을 느끼는 경우, 가까운 방문 홈케어 정보를 찾는 순서와 지역 선택 기준을 정리한 몽라운지 안내입니다."
"massage/incheon/jemulpo-gu/제물포구-출장마사지-동인천-월미-송현-시장-관광과-장시간-보행-일정-다리-허리-피로-방문-홈케어/index.html","피로을","제물포구 출장마사지 - 동인천·월미 시장·관광과 장시간 보행 일정 다리·허리 피로 방문 홈케어 | 몽라운지","제물포구 동인천·월미·송현 생활권에서 시장·관광과 장시간 보행 일정 뒤 다리·허리 피로을 느끼는 경우, 가까운 방문 홈케어 정보를 찾는 순서와 지역 선택 기준을 정리한 몽라운지 안내입니다."
