"지역","업체수","파일","결과"
"안산시","4","E:\mong-lounge-site\massage\gyeonggi\ansan\안산시-출장마사지-중앙-고잔-선부-산업단지-통근과-현장-일정-어깨-허리-피로-방문-홈케어\index.html","수정"
"수원시","4","E:\mong-lounge-site\massage\gyeonggi\suwon\수원시-출장마사지-광교-인계-수원역-출퇴근과-상권-이동이-길어진-날-어깨-허리-피로-방문-홈케어\index.html","수정"
"성남시","4","E:\mong-lounge-site\massage\gyeonggi\seongnam\성남시-출장마사지-판교-정자-야탑-IT-오피스-업무와-긴-화면-작업-목-손목의-뻐근함-방문-홈케어\index.html","수정"
"화성시","4","E:\mong-lounge-site\massage\gyeonggi\hwaseong\화성시-출장마사지-동탄-병점-향남-신도시-생활과-가족-일정-어깨-허리-피로-방문-홈케어\index.html","수정"
"안양시","4","E:\mong-lounge-site\massage\gyeonggi\anyang\안양시-출장마사지-평촌-범계-안양역-오피스-통근과-장시간-앉은-업무-목-허리-뻐근함-방문-홈케어\index.html","수정"
"부천시","4","E:\mong-lounge-site\massage\gyeonggi\bucheon\부천시-출장마사지-중동-상동-부천역-쇼핑-서비스-업무로-오래-선-날-다리-발-피로-방문-홈케어\index.html","수정"
"용인시","4","E:\mong-lounge-site\massage\gyeonggi\yongin\용인시-출장마사지-죽전-기흥-수지-긴-통근과-차량-이동이-겹친-날-허리-다리-피로-방문-홈케어\index.html","수정"
"지역","2","E:\mong-lounge-site\massage\other\daejeon\대전-지역-출장마사지-둔산-유성-대전역-생활권-방문-홈케어\index.html","수정"
"지역","2","E:\mong-lounge-site\massage\other\cheongju\청주-지역-출장마사지-복대-오창-성안길-생활권-방문-홈케어\index.html","수정"
"지역","2","E:\mong-lounge-site\massage\other\cheonan\천안-지역-출장마사지-불당-두정-천안역-생활권-방문-홈케어\index.html","수정"
"지역","1","E:\mong-lounge-site\massage\other\changwon\창원-지역-출장마사지-상남-중앙-진해-생활권-방문-홈케어\index.html","수정"
"지역","1","E:\mong-lounge-site\massage\other\daegu\대구-지역-출장마사지-동성로-수성-성서-생활권-방문-홈케어\index.html","수정"
"지역","2","E:\mong-lounge-site\massage\other\jeonju\전주-지역-출장마사지-효자-혁신-한옥마을-생활권-방문-홈케어\index.html","수정"
"지역","1","E:\mong-lounge-site\massage\other\gwangju\광주-지역-출장마사지-상무-수완-충장로-생활권-방문-홈케어\index.html","수정"
