"File","Title","Class","Noindex","HasCanonical","HasOGTitle","HasOGDescription"
"blank-one-shop.html","1인샵 | 몽라운지","기능/보조페이지","True","False","False","False"
"blank-swedish.html","스웨디시 | 몽라운지","기능/보조페이지","True","False","False","False"
"blank-women.html","여성전용 | 몽라운지","기능/보조페이지","True","False","False","False"
"blank-region-daejeon.html","대전 지역 안내 | 몽라운지","기능/보조페이지","True","False","False","False"
"blank-region-cheongju.html","청주 지역 안내 | 몽라운지","기능/보조페이지","True","False","False","False"
"blank-region-cheonan.html","천안 지역 안내 | 몽라운지","기능/보조페이지","True","False","False","False"
"blank-region-sejong.html","세종 지역 안내 | 몽라운지","기능/보조페이지","True","False","False","False"
"blank-region-changwon.html","창원 지역 안내 | 몽라운지","기능/보조페이지","True","False","False","False"
"blank-region-daegu.html","대구 지역 안내 | 몽라운지","기능/보조페이지","True","False","False","False"
"blank-region-gongju.html","공주 지역 안내 | 몽라운지","기능/보조페이지","True","False","False","False"
"blank-region-gyeryong.html","계룡 지역 안내 | 몽라운지","기능/보조페이지","True","False","False","False"
"blank-region-jeonju.html","전주 지역 안내 | 몽라운지","기능/보조페이지","True","False","False","False"
"blank-region-gwangju.html","광주 지역 안내 | 몽라운지","기능/보조페이지","True","False","False","False"
"blank-region-iksan.html","익산 지역 안내 | 몽라운지","기능/보조페이지","True","False","False","False"
"blank-region-gunsan.html","군산 지역 안내 | 몽라운지","기능/보조페이지","True","False","False","False"
"blank-region-asan.html","아산 지역 안내 | 몽라운지","기능/보조페이지","True","False","False","False"
"blank-region-gimhae.html","김해 지역 안내 | 몽라운지","기능/보조페이지","True","False","False","False"
"dong-check.html","몽라운지 지역별 읍·면·동 확인","기능/보조페이지","True","False","False","False"
"blank-waxing.html","왁싱 | 몽라운지","기능/보조페이지","True","False","False","False"
"gapyeong/index.html","가평군 상세페이지 이동 | 몽라운지","이동/연결페이지","True","True","False","False"
"mapo-gu/index.html","마포구 상세페이지 이동 | 몽라운지","이동/연결페이지","True","True","False","False"
"dobong-gu/index.html","도봉구 상세페이지 이동 | 몽라운지","이동/연결페이지","True","True","False","False"
"hanam/index.html","하남시 상세페이지 이동 | 몽라운지","이동/연결페이지","True","True","False","False"
"yeoju/index.html","여주시 상세페이지 이동 | 몽라운지","이동/연결페이지","True","True","False","False"
"yangju/index.html","양주시 상세페이지 이동 | 몽라운지","이동/연결페이지","True","True","False","False"
"pocheon/index.html","포천시 상세페이지 이동 | 몽라운지","이동/연결페이지","True","True","False","False"
"ansan/index.html","안산시 상세페이지 이동 | 몽라운지","이동/연결페이지","True","True","False","False"
"nowon-gu/index.html","노원구 상세페이지 이동 | 몽라운지","이동/연결페이지","True","True","False","False"
"goyang/index.html","고양시 상세페이지 이동 | 몽라운지","이동/연결페이지","True","True","False","False"
"jung-gu/index.html","중구 상세페이지 이동 | 몽라운지","이동/연결페이지","True","True","False","False"
"siheung/index.html","시흥시 상세페이지 이동 | 몽라운지","이동/연결페이지","True","True","False","False"
"namyangju/index.html","남양주시 상세페이지 이동 | 몽라운지","이동/연결페이지","True","True","False","False"
"bupyeong-gu/index.html","부평구 상세페이지 이동 | 몽라운지","이동/연결페이지","True","True","False","False"
"seongnam/index.html","성남시 상세페이지 이동 | 몽라운지","이동/연결페이지","True","True","False","False"
"seongbuk-gu/index.html","성북구 상세페이지 이동 | 몽라운지","이동/연결페이지","True","True","False","False"
"geomdan-gu/index.html","검단구 상세페이지 이동 | 몽라운지","이동/연결페이지","True","True","False","False"
"yeoncheon/index.html","연천군 상세페이지 이동 | 몽라운지","이동/연결페이지","True","True","False","False"
"seodaemun-gu/index.html","서대문구 상세페이지 이동 | 몽라운지","이동/연결페이지","True","True","False","False"
"gwacheon/index.html","과천시 상세페이지 이동 | 몽라운지","이동/연결페이지","True","True","False","False"
"suwon/index.html","수원시 상세페이지 이동 | 몽라운지","이동/연결페이지","True","True","False","False"
"yeongdeungpo-gu/index.html","영등포구 상세페이지 이동 | 몽라운지","이동/연결페이지","True","True","False","False"
"gangbuk-gu/index.html","강북구 상세페이지 이동 | 몽라운지","이동/연결페이지","True","True","False","False"
"osan/index.html","오산시 상세페이지 이동 | 몽라운지","이동/연결페이지","True","True","False","False"
"yongsan-gu/index.html","용산구 상세페이지 이동 | 몽라운지","이동/연결페이지","True","True","False","False"
"jungnang-gu/index.html","중랑구 상세페이지 이동 | 몽라운지","이동/연결페이지","True","True","False","False"
"gimpo/index.html","김포시 상세페이지 이동 | 몽라운지","이동/연결페이지","True","True","False","False"
"gwanak-gu/index.html","관악구 상세페이지 이동 | 몽라운지","이동/연결페이지","True","True","False","False"
"yongin/index.html","용인시 상세페이지 이동 | 몽라운지","이동/연결페이지","True","True","False","False"
"yeongjong-gu/index.html","영종구 상세페이지 이동 | 몽라운지","이동/연결페이지","True","True","False","False"
"gunpo/index.html","군포시 상세페이지 이동 | 몽라운지","이동/연결페이지","True","True","False","False"
"seocho-gu/index.html","서초구 상세페이지 이동 | 몽라운지","이동/연결페이지","True","True","False","False"
"michuhol-gu/index.html","미추홀구 상세페이지 이동 | 몽라운지","이동/연결페이지","True","True","False","False"
"guro-gu/index.html","구로구 상세페이지 이동 | 몽라운지","이동/연결페이지","True","True","False","False"
"eunpyeong-gu/index.html","은평구 상세페이지 이동 | 몽라운지","이동/연결페이지","True","True","False","False"
"guri/index.html","구리시 상세페이지 이동 | 몽라운지","이동/연결페이지","True","True","False","False"
"hwaseong/index.html","화성시 상세페이지 이동 | 몽라운지","이동/연결페이지","True","True","False","False"
"uijeongbu/index.html","의정부시 상세페이지 이동 | 몽라운지","이동/연결페이지","True","True","False","False"
"yangpyeong/index.html","양평군 상세페이지 이동 | 몽라운지","이동/연결페이지","True","True","False","False"
"gangdong-gu/index.html","강동구 상세페이지 이동 | 몽라운지","이동/연결페이지","True","True","False","False"
"gangdong-gu/cheonho-amsa-riverside/index.html","강동구 상세페이지 이동 | 몽라운지","이동/연결페이지","True","True","False","False"
"gangdong-gu/godeok-sangil-residential/index.html","강동구 상세페이지 이동 | 몽라운지","이동/연결페이지","True","True","False","False"
"bucheon/index.html","부천시 상세페이지 이동 | 몽라운지","이동/연결페이지","True","True","False","False"
"uiwang/index.html","의왕시 상세페이지 이동 | 몽라운지","이동/연결페이지","True","True","False","False"
"dongducheon/index.html","동두천시 상세페이지 이동 | 몽라운지","이동/연결페이지","True","True","False","False"
"gangseo-gu/index.html","강서구 상세페이지 이동 | 몽라운지","이동/연결페이지","True","True","False","False"
"namdong-gu/index.html","남동구 상세페이지 이동 | 몽라운지","이동/연결페이지","True","True","False","False"
"seohae-gu/index.html","서해구 상세페이지 이동 | 몽라운지","이동/연결페이지","True","True","False","False"
"jongno-gu/index.html","종로구 상세페이지 이동 | 몽라운지","이동/연결페이지","True","True","False","False"
"gyeyang-gu/index.html","계양구 상세페이지 이동 | 몽라운지","이동/연결페이지","True","True","False","False"
"gwangmyeong/index.html","광명시 상세페이지 이동 | 몽라운지","이동/연결페이지","True","True","False","False"
"jemulpo-gu/index.html","제물포구 상세페이지 이동 | 몽라운지","이동/연결페이지","True","True","False","False"
"pyeongtaek/index.html","평택시 상세페이지 이동 | 몽라운지","이동/연결페이지","True","True","False","False"
"anyang/index.html","안양시 상세페이지 이동 | 몽라운지","이동/연결페이지","True","True","False","False"
"icheon/index.html","이천시 상세페이지 이동 | 몽라운지","이동/연결페이지","True","True","False","False"
"ganghwa-gun/index.html","강화군 상세페이지 이동 | 몽라운지","이동/연결페이지","True","True","False","False"
"seongdong-gu/index.html","성동구 상세페이지 이동 | 몽라운지","이동/연결페이지","True","True","False","False"
"gwangjin-gu/index.html","광진구 상세페이지 이동 | 몽라운지","이동/연결페이지","True","True","False","False"
"yangcheon-gu/index.html","양천구 상세페이지 이동 | 몽라운지","이동/연결페이지","True","True","False","False"
"ongjin-gun/index.html","옹진군 상세페이지 이동 | 몽라운지","이동/연결페이지","True","True","False","False"
"yeonsu-gu/index.html","연수구 상세페이지 이동 | 몽라운지","이동/연결페이지","True","True","False","False"
"paju/index.html","파주시 상세페이지 이동 | 몽라운지","이동/연결페이지","True","True","False","False"
"anseong/index.html","안성시 상세페이지 이동 | 몽라운지","이동/연결페이지","True","True","False","False"
"geumcheon-gu/index.html","금천구 상세페이지 이동 | 몽라운지","이동/연결페이지","True","True","False","False"
"dongdaemun-gu/index.html","동대문구 상세페이지 이동 | 몽라운지","이동/연결페이지","True","True","False","False"
"gangnam-gu/index.html","강남구 상세페이지 이동 | 몽라운지","이동/연결페이지","True","True","False","False"
"gwangju-gyeonggi/index.html","광주시 상세페이지 이동 | 몽라운지","이동/연결페이지","True","True","False","False"
"songpa-gu/index.html","송파구 상세페이지 이동 | 몽라운지","이동/연결페이지","True","True","False","False"
"dongjak-gu/index.html","동작구 상세페이지 이동 | 몽라운지","이동/연결페이지","True","True","False","False"
