"지역","링크텍스트","원본페이지"
"계룡","금암동","E:\mong-lounge-site\massage\other\gyeryong\계룡-지역-출장마사지-금암-엄사-계룡역-생활권-방문-홈케어\index.html"
"계룡","두마면","E:\mong-lounge-site\massage\other\gyeryong\계룡-지역-출장마사지-금암-엄사-계룡역-생활권-방문-홈케어\index.html"
"계룡","신도안면","E:\mong-lounge-site\massage\other\gyeryong\계룡-지역-출장마사지-금암-엄사-계룡역-생활권-방문-홈케어\index.html"
"계룡","엄사면","E:\mong-lounge-site\massage\other\gyeryong\계룡-지역-출장마사지-금암-엄사-계룡역-생활권-방문-홈케어\index.html"
"공주","계룡면","E:\mong-lounge-site\massage\other\gongju\공주-지역-출장마사지-신관-공주역-금강-생활권-방문-홈케어\index.html"
"공주","금학동","E:\mong-lounge-site\massage\other\gongju\공주-지역-출장마사지-신관-공주역-금강-생활권-방문-홈케어\index.html"
"공주","반포면","E:\mong-lounge-site\massage\other\gongju\공주-지역-출장마사지-신관-공주역-금강-생활권-방문-홈케어\index.html"
"공주","사곡면","E:\mong-lounge-site\massage\other\gongju\공주-지역-출장마사지-신관-공주역-금강-생활권-방문-홈케어\index.html"
"공주","신관동","E:\mong-lounge-site\massage\other\gongju\공주-지역-출장마사지-신관-공주역-금강-생활권-방문-홈케어\index.html"
"공주","신풍면","E:\mong-lounge-site\massage\other\gongju\공주-지역-출장마사지-신관-공주역-금강-생활권-방문-홈케어\index.html"
"공주","옥룡동","E:\mong-lounge-site\massage\other\gongju\공주-지역-출장마사지-신관-공주역-금강-생활권-방문-홈케어\index.html"
"공주","우성면","E:\mong-lounge-site\massage\other\gongju\공주-지역-출장마사지-신관-공주역-금강-생활권-방문-홈케어\index.html"
"공주","웅진동","E:\mong-lounge-site\massage\other\gongju\공주-지역-출장마사지-신관-공주역-금강-생활권-방문-홈케어\index.html"
"공주","월송동","E:\mong-lounge-site\massage\other\gongju\공주-지역-출장마사지-신관-공주역-금강-생활권-방문-홈케어\index.html"
"공주","유구읍","E:\mong-lounge-site\massage\other\gongju\공주-지역-출장마사지-신관-공주역-금강-생활권-방문-홈케어\index.html"
"공주","의당면","E:\mong-lounge-site\massage\other\gongju\공주-지역-출장마사지-신관-공주역-금강-생활권-방문-홈케어\index.html"
"공주","이인면","E:\mong-lounge-site\massage\other\gongju\공주-지역-출장마사지-신관-공주역-금강-생활권-방문-홈케어\index.html"
"공주","정안면","E:\mong-lounge-site\massage\other\gongju\공주-지역-출장마사지-신관-공주역-금강-생활권-방문-홈케어\index.html"
"공주","중학동","E:\mong-lounge-site\massage\other\gongju\공주-지역-출장마사지-신관-공주역-금강-생활권-방문-홈케어\index.html"
"공주","탄천면","E:\mong-lounge-site\massage\other\gongju\공주-지역-출장마사지-신관-공주역-금강-생활권-방문-홈케어\index.html"
"광주광역시","건국동","E:\mong-lounge-site\massage\other\gwangju\buk-gu\광주-북구-출장마사지-동별-생활권-지역안내\index.html"
"광주광역시","계림동","E:\mong-lounge-site\massage\other\gwangju\dong-gu\광주-동구-출장마사지-동별-생활권-지역안내\index.html"
"광주광역시","광산구","E:\mong-lounge-site\massage\other\gwangju\광주-지역-출장마사지-상무-수완-충장로-생활권-방문-홈케어\index.html"
"광주광역시","광천동","E:\mong-lounge-site\massage\other\gwangju\seo-gu\광주-서구-출장마사지-동별-생활권-지역안내\index.html"
"광주광역시","금호동","E:\mong-lounge-site\massage\other\gwangju\seo-gu\광주-서구-출장마사지-동별-생활권-지역안내\index.html"
"광주광역시","남구","E:\mong-lounge-site\massage\other\gwangju\광주-지역-출장마사지-상무-수완-충장로-생활권-방문-홈케어\index.html"
"광주광역시","농성동","E:\mong-lounge-site\massage\other\gwangju\seo-gu\광주-서구-출장마사지-동별-생활권-지역안내\index.html"
"광주광역시","대촌동","E:\mong-lounge-site\massage\other\gwangju\nam-gu\광주-남구-출장마사지-동별-생활권-지역안내\index.html"
"광주광역시","도산동","E:\mong-lounge-site\massage\other\gwangju\gwangsan-gu\광주-광산구-출장마사지-동별-생활권-지역안내\index.html"
"광주광역시","동곡동","E:\mong-lounge-site\massage\other\gwangju\gwangsan-gu\광주-광산구-출장마사지-동별-생활권-지역안내\index.html"
"광주광역시","동구","E:\mong-lounge-site\massage\other\gwangju\광주-지역-출장마사지-상무-수완-충장로-생활권-방문-홈케어\index.html"
"광주광역시","동림동","E:\mong-lounge-site\massage\other\gwangju\buk-gu\광주-북구-출장마사지-동별-생활권-지역안내\index.html"
"광주광역시","동명동","E:\mong-lounge-site\massage\other\gwangju\dong-gu\광주-동구-출장마사지-동별-생활권-지역안내\index.html"
"광주광역시","동천동","E:\mong-lounge-site\massage\other\gwangju\seo-gu\광주-서구-출장마사지-동별-생활권-지역안내\index.html"
"광주광역시","두암동","E:\mong-lounge-site\massage\other\gwangju\buk-gu\광주-북구-출장마사지-동별-생활권-지역안내\index.html"
"광주광역시","매곡동","E:\mong-lounge-site\massage\other\gwangju\buk-gu\광주-북구-출장마사지-동별-생활권-지역안내\index.html"
"광주광역시","문화동","E:\mong-lounge-site\massage\other\gwangju\buk-gu\광주-북구-출장마사지-동별-생활권-지역안내\index.html"
"광주광역시","문흥동","E:\mong-lounge-site\massage\other\gwangju\buk-gu\광주-북구-출장마사지-동별-생활권-지역안내\index.html"
"광주광역시","방림동","E:\mong-lounge-site\massage\other\gwangju\nam-gu\광주-남구-출장마사지-동별-생활권-지역안내\index.html"
"광주광역시","백운동","E:\mong-lounge-site\massage\other\gwangju\nam-gu\광주-남구-출장마사지-동별-생활권-지역안내\index.html"
"광주광역시","본량동","E:\mong-lounge-site\massage\other\gwangju\gwangsan-gu\광주-광산구-출장마사지-동별-생활권-지역안내\index.html"
"광주광역시","봉선동","E:\mong-lounge-site\massage\other\gwangju\nam-gu\광주-남구-출장마사지-동별-생활권-지역안내\index.html"
"광주광역시","북구","E:\mong-lounge-site\massage\other\gwangju\광주-지역-출장마사지-상무-수완-충장로-생활권-방문-홈케어\index.html"
"광주광역시","비아동","E:\mong-lounge-site\massage\other\gwangju\gwangsan-gu\광주-광산구-출장마사지-동별-생활권-지역안내\index.html"
"광주광역시","사직동","E:\mong-lounge-site\massage\other\gwangju\nam-gu\광주-남구-출장마사지-동별-생활권-지역안내\index.html"
"광주광역시","산수동","E:\mong-lounge-site\massage\other\gwangju\dong-gu\광주-동구-출장마사지-동별-생활권-지역안내\index.html"
"광주광역시","삼각동","E:\mong-lounge-site\massage\other\gwangju\buk-gu\광주-북구-출장마사지-동별-생활권-지역안내\index.html"
"광주광역시","삼도동","E:\mong-lounge-site\massage\other\gwangju\gwangsan-gu\광주-광산구-출장마사지-동별-생활권-지역안내\index.html"
"광주광역시","상무동","E:\mong-lounge-site\massage\other\gwangju\seo-gu\광주-서구-출장마사지-동별-생활권-지역안내\index.html"
"광주광역시","서구","E:\mong-lounge-site\massage\other\gwangju\광주-지역-출장마사지-상무-수완-충장로-생활권-방문-홈케어\index.html"
"광주광역시","서남동","E:\mong-lounge-site\massage\other\gwangju\dong-gu\광주-동구-출장마사지-동별-생활권-지역안내\index.html"
"광주광역시","서창동","E:\mong-lounge-site\massage\other\gwangju\seo-gu\광주-서구-출장마사지-동별-생활권-지역안내\index.html"
"광주광역시","석곡동","E:\mong-lounge-site\massage\other\gwangju\buk-gu\광주-북구-출장마사지-동별-생활권-지역안내\index.html"
"광주광역시","송암동","E:\mong-lounge-site\massage\other\gwangju\nam-gu\광주-남구-출장마사지-동별-생활권-지역안내\index.html"
"광주광역시","송정동","E:\mong-lounge-site\massage\other\gwangju\gwangsan-gu\광주-광산구-출장마사지-동별-생활권-지역안내\index.html"
"광주광역시","수완동","E:\mong-lounge-site\massage\other\gwangju\gwangsan-gu\광주-광산구-출장마사지-동별-생활권-지역안내\index.html"
"광주광역시","신가동","E:\mong-lounge-site\massage\other\gwangju\gwangsan-gu\광주-광산구-출장마사지-동별-생활권-지역안내\index.html"
"광주광역시","신안동","E:\mong-lounge-site\massage\other\gwangju\buk-gu\광주-북구-출장마사지-동별-생활권-지역안내\index.html"
"광주광역시","신용동","E:\mong-lounge-site\massage\other\gwangju\buk-gu\광주-북구-출장마사지-동별-생활권-지역안내\index.html"
"광주광역시","신창동","E:\mong-lounge-site\massage\other\gwangju\gwangsan-gu\광주-광산구-출장마사지-동별-생활권-지역안내\index.html"
"광주광역시","신흥동","E:\mong-lounge-site\massage\other\gwangju\gwangsan-gu\광주-광산구-출장마사지-동별-생활권-지역안내\index.html"
"광주광역시","양동","E:\mong-lounge-site\massage\other\gwangju\seo-gu\광주-서구-출장마사지-동별-생활권-지역안내\index.html"
"광주광역시","양림동","E:\mong-lounge-site\massage\other\gwangju\nam-gu\광주-남구-출장마사지-동별-생활권-지역안내\index.html"
"광주광역시","양산동","E:\mong-lounge-site\massage\other\gwangju\buk-gu\광주-북구-출장마사지-동별-생활권-지역안내\index.html"
"광주광역시","어룡동","E:\mong-lounge-site\massage\other\gwangju\gwangsan-gu\광주-광산구-출장마사지-동별-생활권-지역안내\index.html"
"광주광역시","오치동","E:\mong-lounge-site\massage\other\gwangju\buk-gu\광주-북구-출장마사지-동별-생활권-지역안내\index.html"
"광주광역시","용봉동","E:\mong-lounge-site\massage\other\gwangju\buk-gu\광주-북구-출장마사지-동별-생활권-지역안내\index.html"
"광주광역시","우산동","E:\mong-lounge-site\massage\other\gwangju\buk-gu\광주-북구-출장마사지-동별-생활권-지역안내\index.html"
"광주광역시","우산동","E:\mong-lounge-site\massage\other\gwangju\gwangsan-gu\광주-광산구-출장마사지-동별-생활권-지역안내\index.html"
"광주광역시","운남동","E:\mong-lounge-site\massage\other\gwangju\gwangsan-gu\광주-광산구-출장마사지-동별-생활권-지역안내\index.html"
"광주광역시","운암동","E:\mong-lounge-site\massage\other\gwangju\buk-gu\광주-북구-출장마사지-동별-생활권-지역안내\index.html"
"광주광역시","월곡동","E:\mong-lounge-site\massage\other\gwangju\gwangsan-gu\광주-광산구-출장마사지-동별-생활권-지역안내\index.html"
"광주광역시","월산동","E:\mong-lounge-site\massage\other\gwangju\nam-gu\광주-남구-출장마사지-동별-생활권-지역안내\index.html"
"광주광역시","유덕동","E:\mong-lounge-site\massage\other\gwangju\seo-gu\광주-서구-출장마사지-동별-생활권-지역안내\index.html"
"광주광역시","일곡동","E:\mong-lounge-site\massage\other\gwangju\buk-gu\광주-북구-출장마사지-동별-생활권-지역안내\index.html"
"광주광역시","임곡동","E:\mong-lounge-site\massage\other\gwangju\gwangsan-gu\광주-광산구-출장마사지-동별-생활권-지역안내\index.html"
"광주광역시","임동","E:\mong-lounge-site\massage\other\gwangju\buk-gu\광주-북구-출장마사지-동별-생활권-지역안내\index.html"
"광주광역시","주월동","E:\mong-lounge-site\massage\other\gwangju\nam-gu\광주-남구-출장마사지-동별-생활권-지역안내\index.html"
"광주광역시","중앙동","E:\mong-lounge-site\massage\other\gwangju\buk-gu\광주-북구-출장마사지-동별-생활권-지역안내\index.html"
"광주광역시","중흥동","E:\mong-lounge-site\massage\other\gwangju\buk-gu\광주-북구-출장마사지-동별-생활권-지역안내\index.html"
"광주광역시","지산동","E:\mong-lounge-site\massage\other\gwangju\dong-gu\광주-동구-출장마사지-동별-생활권-지역안내\index.html"
"광주광역시","지원동","E:\mong-lounge-site\massage\other\gwangju\dong-gu\광주-동구-출장마사지-동별-생활권-지역안내\index.html"
"광주광역시","진월동","E:\mong-lounge-site\massage\other\gwangju\nam-gu\광주-남구-출장마사지-동별-생활권-지역안내\index.html"
"광주광역시","첨단동","E:\mong-lounge-site\massage\other\gwangju\gwangsan-gu\광주-광산구-출장마사지-동별-생활권-지역안내\index.html"
"광주광역시","충장동","E:\mong-lounge-site\massage\other\gwangju\dong-gu\광주-동구-출장마사지-동별-생활권-지역안내\index.html"
"광주광역시","치평동","E:\mong-lounge-site\massage\other\gwangju\seo-gu\광주-서구-출장마사지-동별-생활권-지역안내\index.html"
"광주광역시","평동","E:\mong-lounge-site\massage\other\gwangju\gwangsan-gu\광주-광산구-출장마사지-동별-생활권-지역안내\index.html"
"광주광역시","풍암동","E:\mong-lounge-site\massage\other\gwangju\seo-gu\광주-서구-출장마사지-동별-생활권-지역안내\index.html"
"광주광역시","풍향동","E:\mong-lounge-site\massage\other\gwangju\buk-gu\광주-북구-출장마사지-동별-생활권-지역안내\index.html"
"광주광역시","하남동","E:\mong-lounge-site\massage\other\gwangju\gwangsan-gu\광주-광산구-출장마사지-동별-생활권-지역안내\index.html"
"광주광역시","학동","E:\mong-lounge-site\massage\other\gwangju\dong-gu\광주-동구-출장마사지-동별-생활권-지역안내\index.html"
"광주광역시","학운동","E:\mong-lounge-site\massage\other\gwangju\dong-gu\광주-동구-출장마사지-동별-생활권-지역안내\index.html"
"광주광역시","화정동","E:\mong-lounge-site\massage\other\gwangju\seo-gu\광주-서구-출장마사지-동별-생활권-지역안내\index.html"
"광주광역시","효덕동","E:\mong-lounge-site\massage\other\gwangju\nam-gu\광주-남구-출장마사지-동별-생활권-지역안내\index.html"
"김해","내외동","E:\mong-lounge-site\massage\other\gimhae\김해-지역-출장마사지-내외-장유-봉황-생활권-방문-홈케어\index.html"
"김해","대동면","E:\mong-lounge-site\massage\other\gimhae\김해-지역-출장마사지-내외-장유-봉황-생활권-방문-홈케어\index.html"
"김해","동상동","E:\mong-lounge-site\massage\other\gimhae\김해-지역-출장마사지-내외-장유-봉황-생활권-방문-홈케어\index.html"
"김해","부원동","E:\mong-lounge-site\massage\other\gimhae\김해-지역-출장마사지-내외-장유-봉황-생활권-방문-홈케어\index.html"
"김해","북부동","E:\mong-lounge-site\massage\other\gimhae\김해-지역-출장마사지-내외-장유-봉황-생활권-방문-홈케어\index.html"
"김해","불암동","E:\mong-lounge-site\massage\other\gimhae\김해-지역-출장마사지-내외-장유-봉황-생활권-방문-홈케어\index.html"
"김해","삼안동","E:\mong-lounge-site\massage\other\gimhae\김해-지역-출장마사지-내외-장유-봉황-생활권-방문-홈케어\index.html"
"김해","상동면","E:\mong-lounge-site\massage\other\gimhae\김해-지역-출장마사지-내외-장유-봉황-생활권-방문-홈케어\index.html"
"김해","생림면","E:\mong-lounge-site\massage\other\gimhae\김해-지역-출장마사지-내외-장유-봉황-생활권-방문-홈케어\index.html"
"김해","장유동","E:\mong-lounge-site\massage\other\gimhae\김해-지역-출장마사지-내외-장유-봉황-생활권-방문-홈케어\index.html"
"김해","주촌면","E:\mong-lounge-site\massage\other\gimhae\김해-지역-출장마사지-내외-장유-봉황-생활권-방문-홈케어\index.html"
"김해","진례면","E:\mong-lounge-site\massage\other\gimhae\김해-지역-출장마사지-내외-장유-봉황-생활권-방문-홈케어\index.html"
"김해","진영읍","E:\mong-lounge-site\massage\other\gimhae\김해-지역-출장마사지-내외-장유-봉황-생활권-방문-홈케어\index.html"
"김해","칠산서부동","E:\mong-lounge-site\massage\other\gimhae\김해-지역-출장마사지-내외-장유-봉황-생활권-방문-홈케어\index.html"
"김해","한림면","E:\mong-lounge-site\massage\other\gimhae\김해-지역-출장마사지-내외-장유-봉황-생활권-방문-홈케어\index.html"
"김해","활천동","E:\mong-lounge-site\massage\other\gimhae\김해-지역-출장마사지-내외-장유-봉황-생활권-방문-홈케어\index.html"
"김해","회현동","E:\mong-lounge-site\massage\other\gimhae\김해-지역-출장마사지-내외-장유-봉황-생활권-방문-홈케어\index.html"
"대구","← 대구","E:\mong-lounge-site\massage\other\daegu\buk-gu\대구-북구-출장마사지-동별-생활권-지역안내\index.html"
"대구","← 대구","E:\mong-lounge-site\massage\other\daegu\dalseo-gu\대구-달서구-출장마사지-동별-생활권-지역안내\index.html"
"대구","← 대구","E:\mong-lounge-site\massage\other\daegu\dalseong-gun\대구-달성군-출장마사지-읍면-생활권-지역안내\index.html"
"대구","← 대구","E:\mong-lounge-site\massage\other\daegu\dong-gu\대구-동구-출장마사지-동별-생활권-지역안내\index.html"
"대구","← 대구","E:\mong-lounge-site\massage\other\daegu\gunwi-gun\대구-군위군-출장마사지-읍면-생활권-지역안내\index.html"
"대구","← 대구","E:\mong-lounge-site\massage\other\daegu\jung-gu\대구-중구-출장마사지-동별-생활권-지역안내\index.html"
"대구","← 대구","E:\mong-lounge-site\massage\other\daegu\nam-gu\대구-남구-출장마사지-동별-생활권-지역안내\index.html"
"대구","← 대구","E:\mong-lounge-site\massage\other\daegu\seo-gu\대구-서구-출장마사지-동별-생활권-지역안내\index.html"
"대구","← 대구","E:\mong-lounge-site\massage\other\daegu\suseong-gu\대구-수성구-출장마사지-동별-생활권-지역안내\index.html"
"대구","가창면","E:\mong-lounge-site\massage\other\daegu\dalseong-gun\대구-달성군-출장마사지-읍면-생활권-지역안내\index.html"
"대구","감삼동","E:\mong-lounge-site\massage\other\daegu\dalseo-gu\대구-달서구-출장마사지-동별-생활권-지역안내\index.html"
"대구","검단동","E:\mong-lounge-site\massage\other\daegu\buk-gu\대구-북구-출장마사지-동별-생활권-지역안내\index.html"
"대구","고산동","E:\mong-lounge-site\massage\other\daegu\suseong-gu\대구-수성구-출장마사지-동별-생활권-지역안내\index.html"
"대구","고성동","E:\mong-lounge-site\massage\other\daegu\buk-gu\대구-북구-출장마사지-동별-생활권-지역안내\index.html"
"대구","공산동","E:\mong-lounge-site\massage\other\daegu\dong-gu\대구-동구-출장마사지-동별-생활권-지역안내\index.html"
"대구","관문동","E:\mong-lounge-site\massage\other\daegu\buk-gu\대구-북구-출장마사지-동별-생활권-지역안내\index.html"
"대구","관음동","E:\mong-lounge-site\massage\other\daegu\buk-gu\대구-북구-출장마사지-동별-생활권-지역안내\index.html"
"대구","구암동","E:\mong-lounge-site\massage\other\daegu\buk-gu\대구-북구-출장마사지-동별-생활권-지역안내\index.html"
"대구","구지면","E:\mong-lounge-site\massage\other\daegu\dalseong-gun\대구-달성군-출장마사지-읍면-생활권-지역안내\index.html"
"대구","국우동","E:\mong-lounge-site\massage\other\daegu\buk-gu\대구-북구-출장마사지-동별-생활권-지역안내\index.html"
"대구","군위읍","E:\mong-lounge-site\massage\other\daegu\gunwi-gun\대구-군위군-출장마사지-읍면-생활권-지역안내\index.html"
"대구","남구","E:\mong-lounge-site\massage\other\daegu\대구-지역-출장마사지-동성로-수성-성서-생활권-방문-홈케어\index.html"
"대구","남산동","E:\mong-lounge-site\massage\other\daegu\jung-gu\대구-중구-출장마사지-동별-생활권-지역안내\index.html"
"대구","내당2.3동","E:\mong-lounge-site\massage\other\daegu\seo-gu\대구-서구-출장마사지-동별-생활권-지역안내\index.html"
"대구","내당동","E:\mong-lounge-site\massage\other\daegu\seo-gu\대구-서구-출장마사지-동별-생활권-지역안내\index.html"
"대구","노원동","E:\mong-lounge-site\massage\other\daegu\buk-gu\대구-북구-출장마사지-동별-생활권-지역안내\index.html"
"대구","논공읍","E:\mong-lounge-site\massage\other\daegu\dalseong-gun\대구-달성군-출장마사지-읍면-생활권-지역안내\index.html"
"대구","다사읍","E:\mong-lounge-site\massage\other\daegu\dalseong-gun\대구-달성군-출장마사지-읍면-생활권-지역안내\index.html"
"대구","달서구","E:\mong-lounge-site\massage\other\daegu\대구-지역-출장마사지-동성로-수성-성서-생활권-방문-홈케어\index.html"
"대구","대구","E:\mong-lounge-site\massage\other\daegu\buk-gu\대구-북구-출장마사지-동별-생활권-지역안내\index.html"
"대구","대구","E:\mong-lounge-site\massage\other\daegu\dalseo-gu\대구-달서구-출장마사지-동별-생활권-지역안내\index.html"
"대구","대구","E:\mong-lounge-site\massage\other\daegu\dalseong-gun\대구-달성군-출장마사지-읍면-생활권-지역안내\index.html"
"대구","대구","E:\mong-lounge-site\massage\other\daegu\dong-gu\대구-동구-출장마사지-동별-생활권-지역안내\index.html"
"대구","대구","E:\mong-lounge-site\massage\other\daegu\gunwi-gun\대구-군위군-출장마사지-읍면-생활권-지역안내\index.html"
"대구","대구","E:\mong-lounge-site\massage\other\daegu\jung-gu\대구-중구-출장마사지-동별-생활권-지역안내\index.html"
"대구","대구","E:\mong-lounge-site\massage\other\daegu\nam-gu\대구-남구-출장마사지-동별-생활권-지역안내\index.html"
"대구","대구","E:\mong-lounge-site\massage\other\daegu\seo-gu\대구-서구-출장마사지-동별-생활권-지역안내\index.html"
"대구","대구","E:\mong-lounge-site\massage\other\daegu\suseong-gu\대구-수성구-출장마사지-동별-생활권-지역안내\index.html"
"대구","대명동","E:\mong-lounge-site\massage\other\daegu\nam-gu\대구-남구-출장마사지-동별-생활권-지역안내\index.html"
"대구","대봉동","E:\mong-lounge-site\massage\other\daegu\jung-gu\대구-중구-출장마사지-동별-생활권-지역안내\index.html"
"대구","대신동","E:\mong-lounge-site\massage\other\daegu\jung-gu\대구-중구-출장마사지-동별-생활권-지역안내\index.html"
"대구","대현동","E:\mong-lounge-site\massage\other\daegu\buk-gu\대구-북구-출장마사지-동별-생활권-지역안내\index.html"
"대구","도원동","E:\mong-lounge-site\massage\other\daegu\dalseo-gu\대구-달서구-출장마사지-동별-생활권-지역안내\index.html"
"대구","도평동","E:\mong-lounge-site\massage\other\daegu\dong-gu\대구-동구-출장마사지-동별-생활권-지역안내\index.html"
"대구","동구","E:\mong-lounge-site\massage\other\daegu\대구-지역-출장마사지-동성로-수성-성서-생활권-방문-홈케어\index.html"
"대구","동인동","E:\mong-lounge-site\massage\other\daegu\jung-gu\대구-중구-출장마사지-동별-생활권-지역안내\index.html"
"대구","동천동","E:\mong-lounge-site\massage\other\daegu\buk-gu\대구-북구-출장마사지-동별-생활권-지역안내\index.html"
"대구","동촌동","E:\mong-lounge-site\massage\other\daegu\dong-gu\대구-동구-출장마사지-동별-생활권-지역안내\index.html"
"대구","두류1.2동","E:\mong-lounge-site\massage\other\daegu\dalseo-gu\대구-달서구-출장마사지-동별-생활권-지역안내\index.html"
"대구","두류동","E:\mong-lounge-site\massage\other\daegu\dalseo-gu\대구-달서구-출장마사지-동별-생활권-지역안내\index.html"
"대구","두산동","E:\mong-lounge-site\massage\other\daegu\suseong-gu\대구-수성구-출장마사지-동별-생활권-지역안내\index.html"
"대구","만촌동","E:\mong-lounge-site\massage\other\daegu\suseong-gu\대구-수성구-출장마사지-동별-생활권-지역안내\index.html"
"대구","무태조야동","E:\mong-lounge-site\massage\other\daegu\buk-gu\대구-북구-출장마사지-동별-생활권-지역안내\index.html"
"대구","방촌동","E:\mong-lounge-site\massage\other\daegu\dong-gu\대구-동구-출장마사지-동별-생활권-지역안내\index.html"
"대구","범물동","E:\mong-lounge-site\massage\other\daegu\suseong-gu\대구-수성구-출장마사지-동별-생활권-지역안내\index.html"
"대구","범어동","E:\mong-lounge-site\massage\other\daegu\suseong-gu\대구-수성구-출장마사지-동별-생활권-지역안내\index.html"
"대구","복현동","E:\mong-lounge-site\massage\other\daegu\buk-gu\대구-북구-출장마사지-동별-생활권-지역안내\index.html"
"대구","본동","E:\mong-lounge-site\massage\other\daegu\dalseo-gu\대구-달서구-출장마사지-동별-생활권-지역안내\index.html"
"대구","본리동","E:\mong-lounge-site\massage\other\daegu\dalseo-gu\대구-달서구-출장마사지-동별-생활권-지역안내\index.html"
"대구","봉덕동","E:\mong-lounge-site\massage\other\daegu\nam-gu\대구-남구-출장마사지-동별-생활권-지역안내\index.html"
"대구","부계면","E:\mong-lounge-site\massage\other\daegu\gunwi-gun\대구-군위군-출장마사지-읍면-생활권-지역안내\index.html"
"대구","북구","E:\mong-lounge-site\massage\other\daegu\대구-지역-출장마사지-동성로-수성-성서-생활권-방문-홈케어\index.html"
"대구","불로.봉무동","E:\mong-lounge-site\massage\other\daegu\dong-gu\대구-동구-출장마사지-동별-생활권-지역안내\index.html"
"대구","비산2.3동","E:\mong-lounge-site\massage\other\daegu\seo-gu\대구-서구-출장마사지-동별-생활권-지역안내\index.html"
"대구","비산동","E:\mong-lounge-site\massage\other\daegu\seo-gu\대구-서구-출장마사지-동별-생활권-지역안내\index.html"
"대구","산격동","E:\mong-lounge-site\massage\other\daegu\buk-gu\대구-북구-출장마사지-동별-생활권-지역안내\index.html"
"대구","산성면","E:\mong-lounge-site\massage\other\daegu\gunwi-gun\대구-군위군-출장마사지-읍면-생활권-지역안내\index.html"
"대구","삼국유사면","E:\mong-lounge-site\massage\other\daegu\gunwi-gun\대구-군위군-출장마사지-읍면-생활권-지역안내\index.html"
"대구","삼덕동","E:\mong-lounge-site\massage\other\daegu\jung-gu\대구-중구-출장마사지-동별-생활권-지역안내\index.html"
"대구","상동","E:\mong-lounge-site\massage\other\daegu\suseong-gu\대구-수성구-출장마사지-동별-생활권-지역안내\index.html"
"대구","상인동","E:\mong-lounge-site\massage\other\daegu\dalseo-gu\대구-달서구-출장마사지-동별-생활권-지역안내\index.html"
"대구","상중이동","E:\mong-lounge-site\massage\other\daegu\seo-gu\대구-서구-출장마사지-동별-생활권-지역안내\index.html"
"대구","서구","E:\mong-lounge-site\massage\other\daegu\대구-지역-출장마사지-동성로-수성-성서-생활권-방문-홈케어\index.html"
"대구","성내동","E:\mong-lounge-site\massage\other\daegu\jung-gu\대구-중구-출장마사지-동별-생활권-지역안내\index.html"
"대구","성당동","E:\mong-lounge-site\massage\other\daegu\dalseo-gu\대구-달서구-출장마사지-동별-생활권-지역안내\index.html"
"대구","소보면","E:\mong-lounge-site\massage\other\daegu\gunwi-gun\대구-군위군-출장마사지-읍면-생활권-지역안내\index.html"
"대구","송현동","E:\mong-lounge-site\massage\other\daegu\dalseo-gu\대구-달서구-출장마사지-동별-생활권-지역안내\index.html"
"대구","수성1가동","E:\mong-lounge-site\massage\other\daegu\suseong-gu\대구-수성구-출장마사지-동별-생활권-지역안내\index.html"
"대구","수성2.3가동","E:\mong-lounge-site\massage\other\daegu\suseong-gu\대구-수성구-출장마사지-동별-생활권-지역안내\index.html"
"대구","수성4가동","E:\mong-lounge-site\massage\other\daegu\suseong-gu\대구-수성구-출장마사지-동별-생활권-지역안내\index.html"
"대구","수성구","E:\mong-lounge-site\massage\other\daegu\대구-지역-출장마사지-동성로-수성-성서-생활권-방문-홈케어\index.html"
"대구","신당동","E:\mong-lounge-site\massage\other\daegu\dalseo-gu\대구-달서구-출장마사지-동별-생활권-지역안내\index.html"
"대구","신암동","E:\mong-lounge-site\massage\other\daegu\dong-gu\대구-동구-출장마사지-동별-생활권-지역안내\index.html"
"대구","신천1.2동","E:\mong-lounge-site\massage\other\daegu\dong-gu\대구-동구-출장마사지-동별-생활권-지역안내\index.html"
"대구","신천동","E:\mong-lounge-site\massage\other\daegu\dong-gu\대구-동구-출장마사지-동별-생활권-지역안내\index.html"
"대구","안심동","E:\mong-lounge-site\massage\other\daegu\dong-gu\대구-동구-출장마사지-동별-생활권-지역안내\index.html"
"대구","옥포읍","E:\mong-lounge-site\massage\other\daegu\dalseong-gun\대구-달성군-출장마사지-읍면-생활권-지역안내\index.html"
"대구","용산동","E:\mong-lounge-site\massage\other\daegu\dalseo-gu\대구-달서구-출장마사지-동별-생활권-지역안내\index.html"
"대구","우보면","E:\mong-lounge-site\massage\other\daegu\gunwi-gun\대구-군위군-출장마사지-읍면-생활권-지역안내\index.html"
"대구","원대동","E:\mong-lounge-site\massage\other\daegu\seo-gu\대구-서구-출장마사지-동별-생활권-지역안내\index.html"
"대구","월성동","E:\mong-lounge-site\massage\other\daegu\dalseo-gu\대구-달서구-출장마사지-동별-생활권-지역안내\index.html"
"대구","유가읍","E:\mong-lounge-site\massage\other\daegu\dalseong-gun\대구-달성군-출장마사지-읍면-생활권-지역안내\index.html"
"대구","유천동","E:\mong-lounge-site\massage\other\daegu\dalseo-gu\대구-달서구-출장마사지-동별-생활권-지역안내\index.html"
"대구","읍내동","E:\mong-lounge-site\massage\other\daegu\buk-gu\대구-북구-출장마사지-동별-생활권-지역안내\index.html"
"대구","의흥면","E:\mong-lounge-site\massage\other\daegu\gunwi-gun\대구-군위군-출장마사지-읍면-생활권-지역안내\index.html"
"대구","이곡동","E:\mong-lounge-site\massage\other\daegu\dalseo-gu\대구-달서구-출장마사지-동별-생활권-지역안내\index.html"
"대구","이천동","E:\mong-lounge-site\massage\other\daegu\nam-gu\대구-남구-출장마사지-동별-생활권-지역안내\index.html"
"대구","장기동","E:\mong-lounge-site\massage\other\daegu\dalseo-gu\대구-달서구-출장마사지-동별-생활권-지역안내\index.html"
"대구","죽전동","E:\mong-lounge-site\massage\other\daegu\dalseo-gu\대구-달서구-출장마사지-동별-생활권-지역안내\index.html"
"대구","중구","E:\mong-lounge-site\massage\other\daegu\대구-지역-출장마사지-동성로-수성-성서-생활권-방문-홈케어\index.html"
"대구","중동","E:\mong-lounge-site\massage\other\daegu\suseong-gu\대구-수성구-출장마사지-동별-생활권-지역안내\index.html"
"대구","지산동","E:\mong-lounge-site\massage\other\daegu\suseong-gu\대구-수성구-출장마사지-동별-생활권-지역안내\index.html"
"대구","지저동","E:\mong-lounge-site\massage\other\daegu\dong-gu\대구-동구-출장마사지-동별-생활권-지역안내\index.html"
"대구","진천동","E:\mong-lounge-site\massage\other\daegu\dalseo-gu\대구-달서구-출장마사지-동별-생활권-지역안내\index.html"
"대구","칠성동","E:\mong-lounge-site\massage\other\daegu\buk-gu\대구-북구-출장마사지-동별-생활권-지역안내\index.html"
"대구","침산동","E:\mong-lounge-site\massage\other\daegu\buk-gu\대구-북구-출장마사지-동별-생활권-지역안내\index.html"
"대구","태전동","E:\mong-lounge-site\massage\other\daegu\buk-gu\대구-북구-출장마사지-동별-생활권-지역안내\index.html"
"대구","파동","E:\mong-lounge-site\massage\other\daegu\suseong-gu\대구-수성구-출장마사지-동별-생활권-지역안내\index.html"
"대구","평리동","E:\mong-lounge-site\massage\other\daegu\seo-gu\대구-서구-출장마사지-동별-생활권-지역안내\index.html"
"대구","하빈면","E:\mong-lounge-site\massage\other\daegu\dalseong-gun\대구-달성군-출장마사지-읍면-생활권-지역안내\index.html"
"대구","해안동","E:\mong-lounge-site\massage\other\daegu\dong-gu\대구-동구-출장마사지-동별-생활권-지역안내\index.html"
"대구","혁신동","E:\mong-lounge-site\massage\other\daegu\dong-gu\대구-동구-출장마사지-동별-생활권-지역안내\index.html"
"대구","현풍읍","E:\mong-lounge-site\massage\other\daegu\dalseong-gun\대구-달성군-출장마사지-읍면-생활권-지역안내\index.html"
"대구","화원읍","E:\mong-lounge-site\massage\other\daegu\dalseong-gun\대구-달성군-출장마사지-읍면-생활권-지역안내\index.html"
"대구","황금동","E:\mong-lounge-site\massage\other\daegu\suseong-gu\대구-수성구-출장마사지-동별-생활권-지역안내\index.html"
"대구","효령면","E:\mong-lounge-site\massage\other\daegu\gunwi-gun\대구-군위군-출장마사지-읍면-생활권-지역안내\index.html"
"대구","효목동","E:\mong-lounge-site\massage\other\daegu\dong-gu\대구-동구-출장마사지-동별-생활권-지역안내\index.html"
"대전","가수원동","E:\mong-lounge-site\massage\other\daejeon\seo-gu\대전-서구-출장마사지-동별-생활권-지역안내\index.html"
"대전","가양동","E:\mong-lounge-site\massage\other\daejeon\dong-gu\대전-동구-출장마사지-동별-생활권-지역안내\index.html"
"대전","가장동","E:\mong-lounge-site\massage\other\daejeon\seo-gu\대전-서구-출장마사지-동별-생활권-지역안내\index.html"
"대전","갈마동","E:\mong-lounge-site\massage\other\daejeon\seo-gu\대전-서구-출장마사지-동별-생활권-지역안내\index.html"
"대전","관저동","E:\mong-lounge-site\massage\other\daejeon\seo-gu\대전-서구-출장마사지-동별-생활권-지역안내\index.html"
"대전","관평동","E:\mong-lounge-site\massage\other\daejeon\yuseong-gu\대전-유성구-출장마사지-동별-생활권-지역안내\index.html"
"대전","괴정동","E:\mong-lounge-site\massage\other\daejeon\seo-gu\대전-서구-출장마사지-동별-생활권-지역안내\index.html"
"대전","구즉동","E:\mong-lounge-site\massage\other\daejeon\yuseong-gu\대전-유성구-출장마사지-동별-생활권-지역안내\index.html"
"대전","기성동","E:\mong-lounge-site\massage\other\daejeon\seo-gu\대전-서구-출장마사지-동별-생활권-지역안내\index.html"
"대전","내동","E:\mong-lounge-site\massage\other\daejeon\seo-gu\대전-서구-출장마사지-동별-생활권-지역안내\index.html"
"대전","노은동","E:\mong-lounge-site\massage\other\daejeon\yuseong-gu\대전-유성구-출장마사지-동별-생활권-지역안내\index.html"
"대전","대덕구","E:\mong-lounge-site\massage\other\daejeon\대전-지역-출장마사지-둔산-유성-대전역-생활권-방문-홈케어\index.html"
"대전","대동","E:\mong-lounge-site\massage\other\daejeon\dong-gu\대전-동구-출장마사지-동별-생활권-지역안내\index.html"
"대전","대사동","E:\mong-lounge-site\massage\other\daejeon\jung-gu\대전-중구-출장마사지-동별-생활권-지역안내\index.html"
"대전","대청동","E:\mong-lounge-site\massage\other\daejeon\dong-gu\대전-동구-출장마사지-동별-생활권-지역안내\index.html"
"대전","대화동","E:\mong-lounge-site\massage\other\daejeon\daedeok-gu\대전-대덕구-출장마사지-동별-생활권-지역안내\index.html"
"대전","대흥동","E:\mong-lounge-site\massage\other\daejeon\jung-gu\대전-중구-출장마사지-동별-생활권-지역안내\index.html"
"대전","덕암동","E:\mong-lounge-site\massage\other\daejeon\daedeok-gu\대전-대덕구-출장마사지-동별-생활권-지역안내\index.html"
"대전","도마동","E:\mong-lounge-site\massage\other\daejeon\seo-gu\대전-서구-출장마사지-동별-생활권-지역안내\index.html"
"대전","도안동","E:\mong-lounge-site\massage\other\daejeon\seo-gu\대전-서구-출장마사지-동별-생활권-지역안내\index.html"
"대전","동구","E:\mong-lounge-site\massage\other\daejeon\대전-지역-출장마사지-둔산-유성-대전역-생활권-방문-홈케어\index.html"
"대전","둔산동","E:\mong-lounge-site\massage\other\daejeon\seo-gu\대전-서구-출장마사지-동별-생활권-지역안내\index.html"
"대전","만년동","E:\mong-lounge-site\massage\other\daejeon\seo-gu\대전-서구-출장마사지-동별-생활권-지역안내\index.html"
"대전","목동","E:\mong-lounge-site\massage\other\daejeon\jung-gu\대전-중구-출장마사지-동별-생활권-지역안내\index.html"
"대전","목상동","E:\mong-lounge-site\massage\other\daejeon\daedeok-gu\대전-대덕구-출장마사지-동별-생활권-지역안내\index.html"
"대전","문창동","E:\mong-lounge-site\massage\other\daejeon\jung-gu\대전-중구-출장마사지-동별-생활권-지역안내\index.html"
"대전","문화동","E:\mong-lounge-site\massage\other\daejeon\jung-gu\대전-중구-출장마사지-동별-생활권-지역안내\index.html"
"대전","법동","E:\mong-lounge-site\massage\other\daejeon\daedeok-gu\대전-대덕구-출장마사지-동별-생활권-지역안내\index.html"
"대전","변동","E:\mong-lounge-site\massage\other\daejeon\seo-gu\대전-서구-출장마사지-동별-생활권-지역안내\index.html"
"대전","복수동","E:\mong-lounge-site\massage\other\daejeon\seo-gu\대전-서구-출장마사지-동별-생활권-지역안내\index.html"
"대전","부사동","E:\mong-lounge-site\massage\other\daejeon\jung-gu\대전-중구-출장마사지-동별-생활권-지역안내\index.html"
"대전","비래동","E:\mong-lounge-site\massage\other\daejeon\daedeok-gu\대전-대덕구-출장마사지-동별-생활권-지역안내\index.html"
"대전","산내동","E:\mong-lounge-site\massage\other\daejeon\dong-gu\대전-동구-출장마사지-동별-생활권-지역안내\index.html"
"대전","산성동","E:\mong-lounge-site\massage\other\daejeon\jung-gu\대전-중구-출장마사지-동별-생활권-지역안내\index.html"
"대전","삼성동","E:\mong-lounge-site\massage\other\daejeon\dong-gu\대전-동구-출장마사지-동별-생활권-지역안내\index.html"
"대전","상대동","E:\mong-lounge-site\massage\other\daejeon\yuseong-gu\대전-유성구-출장마사지-동별-생활권-지역안내\index.html"
"대전","서구","E:\mong-lounge-site\massage\other\daejeon\대전-지역-출장마사지-둔산-유성-대전역-생활권-방문-홈케어\index.html"
"대전","석교동","E:\mong-lounge-site\massage\other\daejeon\jung-gu\대전-중구-출장마사지-동별-생활권-지역안내\index.html"
"대전","석봉동","E:\mong-lounge-site\massage\other\daejeon\daedeok-gu\대전-대덕구-출장마사지-동별-생활권-지역안내\index.html"
"대전","성남동","E:\mong-lounge-site\massage\other\daejeon\dong-gu\대전-동구-출장마사지-동별-생활권-지역안내\index.html"
"대전","송촌동","E:\mong-lounge-site\massage\other\daejeon\daedeok-gu\대전-대덕구-출장마사지-동별-생활권-지역안내\index.html"
"대전","신성동","E:\mong-lounge-site\massage\other\daejeon\yuseong-gu\대전-유성구-출장마사지-동별-생활권-지역안내\index.html"
"대전","신인동","E:\mong-lounge-site\massage\other\daejeon\dong-gu\대전-동구-출장마사지-동별-생활권-지역안내\index.html"
"대전","신탄진동","E:\mong-lounge-site\massage\other\daejeon\daedeok-gu\대전-대덕구-출장마사지-동별-생활권-지역안내\index.html"
"대전","오류동","E:\mong-lounge-site\massage\other\daejeon\jung-gu\대전-중구-출장마사지-동별-생활권-지역안내\index.html"
"대전","오정동","E:\mong-lounge-site\massage\other\daejeon\daedeok-gu\대전-대덕구-출장마사지-동별-생활권-지역안내\index.html"
"대전","온천동","E:\mong-lounge-site\massage\other\daejeon\yuseong-gu\대전-유성구-출장마사지-동별-생활권-지역안내\index.html"
"대전","용두동","E:\mong-lounge-site\massage\other\daejeon\jung-gu\대전-중구-출장마사지-동별-생활권-지역안내\index.html"
"대전","용문동","E:\mong-lounge-site\massage\other\daejeon\seo-gu\대전-서구-출장마사지-동별-생활권-지역안내\index.html"
"대전","용운동","E:\mong-lounge-site\massage\other\daejeon\dong-gu\대전-동구-출장마사지-동별-생활권-지역안내\index.html"
"대전","용전동","E:\mong-lounge-site\massage\other\daejeon\dong-gu\대전-동구-출장마사지-동별-생활권-지역안내\index.html"
"대전","원신흥동","E:\mong-lounge-site\massage\other\daejeon\yuseong-gu\대전-유성구-출장마사지-동별-생활권-지역안내\index.html"
"대전","월평동","E:\mong-lounge-site\massage\other\daejeon\seo-gu\대전-서구-출장마사지-동별-생활권-지역안내\index.html"
"대전","유성구","E:\mong-lounge-site\massage\other\daejeon\대전-지역-출장마사지-둔산-유성-대전역-생활권-방문-홈케어\index.html"
"대전","유천동","E:\mong-lounge-site\massage\other\daejeon\jung-gu\대전-중구-출장마사지-동별-생활권-지역안내\index.html"
"대전","은행선화동","E:\mong-lounge-site\massage\other\daejeon\jung-gu\대전-중구-출장마사지-동별-생활권-지역안내\index.html"
"대전","자양동","E:\mong-lounge-site\massage\other\daejeon\dong-gu\대전-동구-출장마사지-동별-생활권-지역안내\index.html"
"대전","전민동","E:\mong-lounge-site\massage\other\daejeon\yuseong-gu\대전-유성구-출장마사지-동별-생활권-지역안내\index.html"
"대전","정림동","E:\mong-lounge-site\massage\other\daejeon\seo-gu\대전-서구-출장마사지-동별-생활권-지역안내\index.html"
"대전","중구","E:\mong-lounge-site\massage\other\daejeon\대전-지역-출장마사지-둔산-유성-대전역-생활권-방문-홈케어\index.html"
"대전","중리동","E:\mong-lounge-site\massage\other\daejeon\daedeok-gu\대전-대덕구-출장마사지-동별-생활권-지역안내\index.html"
"대전","중앙동","E:\mong-lounge-site\massage\other\daejeon\dong-gu\대전-동구-출장마사지-동별-생활권-지역안내\index.html"
"대전","중촌동","E:\mong-lounge-site\massage\other\daejeon\jung-gu\대전-중구-출장마사지-동별-생활권-지역안내\index.html"
"대전","진잠동","E:\mong-lounge-site\massage\other\daejeon\yuseong-gu\대전-유성구-출장마사지-동별-생활권-지역안내\index.html"
"대전","탄방동","E:\mong-lounge-site\massage\other\daejeon\seo-gu\대전-서구-출장마사지-동별-생활권-지역안내\index.html"
"대전","태평동","E:\mong-lounge-site\massage\other\daejeon\jung-gu\대전-중구-출장마사지-동별-생활권-지역안내\index.html"
"대전","판암동","E:\mong-lounge-site\massage\other\daejeon\dong-gu\대전-동구-출장마사지-동별-생활권-지역안내\index.html"
"대전","학하동","E:\mong-lounge-site\massage\other\daejeon\yuseong-gu\대전-유성구-출장마사지-동별-생활권-지역안내\index.html"
"대전","홍도동","E:\mong-lounge-site\massage\other\daejeon\dong-gu\대전-동구-출장마사지-동별-생활권-지역안내\index.html"
"대전","회덕동","E:\mong-lounge-site\massage\other\daejeon\daedeok-gu\대전-대덕구-출장마사지-동별-생활권-지역안내\index.html"
"대전","효동","E:\mong-lounge-site\massage\other\daejeon\dong-gu\대전-동구-출장마사지-동별-생활권-지역안내\index.html"
"익산","금마면","E:\mong-lounge-site\massage\other\iksan\익산-지역-출장마사지-영등-모현-익산역-생활권-방문-홈케어\index.html"
"익산","남중동","E:\mong-lounge-site\massage\other\iksan\익산-지역-출장마사지-영등-모현-익산역-생활권-방문-홈케어\index.html"
"익산","낭산면","E:\mong-lounge-site\massage\other\iksan\익산-지역-출장마사지-영등-모현-익산역-생활권-방문-홈케어\index.html"
"익산","동산동","E:\mong-lounge-site\massage\other\iksan\익산-지역-출장마사지-영등-모현-익산역-생활권-방문-홈케어\index.html"
"익산","마동","E:\mong-lounge-site\massage\other\iksan\익산-지역-출장마사지-영등-모현-익산역-생활권-방문-홈케어\index.html"
"익산","망성면","E:\mong-lounge-site\massage\other\iksan\익산-지역-출장마사지-영등-모현-익산역-생활권-방문-홈케어\index.html"
"익산","모현동","E:\mong-lounge-site\massage\other\iksan\익산-지역-출장마사지-영등-모현-익산역-생활권-방문-홈케어\index.html"
"익산","삼기면","E:\mong-lounge-site\massage\other\iksan\익산-지역-출장마사지-영등-모현-익산역-생활권-방문-홈케어\index.html"
"익산","삼성동","E:\mong-lounge-site\massage\other\iksan\익산-지역-출장마사지-영등-모현-익산역-생활권-방문-홈케어\index.html"
"익산","성당면","E:\mong-lounge-site\massage\other\iksan\익산-지역-출장마사지-영등-모현-익산역-생활권-방문-홈케어\index.html"
"익산","송학동","E:\mong-lounge-site\massage\other\iksan\익산-지역-출장마사지-영등-모현-익산역-생활권-방문-홈케어\index.html"
"익산","신동","E:\mong-lounge-site\massage\other\iksan\익산-지역-출장마사지-영등-모현-익산역-생활권-방문-홈케어\index.html"
"익산","어양동","E:\mong-lounge-site\massage\other\iksan\익산-지역-출장마사지-영등-모현-익산역-생활권-방문-홈케어\index.html"
"익산","여산면","E:\mong-lounge-site\massage\other\iksan\익산-지역-출장마사지-영등-모현-익산역-생활권-방문-홈케어\index.html"
"익산","영등동","E:\mong-lounge-site\massage\other\iksan\익산-지역-출장마사지-영등-모현-익산역-생활권-방문-홈케어\index.html"
"익산","오산면","E:\mong-lounge-site\massage\other\iksan\익산-지역-출장마사지-영등-모현-익산역-생활권-방문-홈케어\index.html"
"익산","왕궁면","E:\mong-lounge-site\massage\other\iksan\익산-지역-출장마사지-영등-모현-익산역-생활권-방문-홈케어\index.html"
"익산","용동면","E:\mong-lounge-site\massage\other\iksan\익산-지역-출장마사지-영등-모현-익산역-생활권-방문-홈케어\index.html"
"익산","용안면","E:\mong-lounge-site\massage\other\iksan\익산-지역-출장마사지-영등-모현-익산역-생활권-방문-홈케어\index.html"
"익산","웅포면","E:\mong-lounge-site\massage\other\iksan\익산-지역-출장마사지-영등-모현-익산역-생활권-방문-홈케어\index.html"
"익산","인화동","E:\mong-lounge-site\massage\other\iksan\익산-지역-출장마사지-영등-모현-익산역-생활권-방문-홈케어\index.html"
"익산","중앙동","E:\mong-lounge-site\massage\other\iksan\익산-지역-출장마사지-영등-모현-익산역-생활권-방문-홈케어\index.html"
"익산","춘포면","E:\mong-lounge-site\massage\other\iksan\익산-지역-출장마사지-영등-모현-익산역-생활권-방문-홈케어\index.html"
"익산","팔봉동","E:\mong-lounge-site\massage\other\iksan\익산-지역-출장마사지-영등-모현-익산역-생활권-방문-홈케어\index.html"
"익산","평화동","E:\mong-lounge-site\massage\other\iksan\익산-지역-출장마사지-영등-모현-익산역-생활권-방문-홈케어\index.html"
"익산","함라면","E:\mong-lounge-site\massage\other\iksan\익산-지역-출장마사지-영등-모현-익산역-생활권-방문-홈케어\index.html"
"익산","함열읍","E:\mong-lounge-site\massage\other\iksan\익산-지역-출장마사지-영등-모현-익산역-생활권-방문-홈케어\index.html"
"익산","황등면","E:\mong-lounge-site\massage\other\iksan\익산-지역-출장마사지-영등-모현-익산역-생활권-방문-홈케어\index.html"
"전주","금암동","E:\mong-lounge-site\massage\other\jeonju\deokjin-gu\전주-덕진구-출장마사지-동별-생활권-지역안내\index.html"
"전주","노송동","E:\mong-lounge-site\massage\other\jeonju\wansan-gu\전주-완산구-출장마사지-동별-생활권-지역안내\index.html"
"전주","덕진구","E:\mong-lounge-site\massage\other\jeonju\전주-지역-출장마사지-효자-혁신-한옥마을-생활권-방문-홈케어\index.html"
"전주","덕진동","E:\mong-lounge-site\massage\other\jeonju\deokjin-gu\전주-덕진구-출장마사지-동별-생활권-지역안내\index.html"
"전주","동서학동","E:\mong-lounge-site\massage\other\jeonju\wansan-gu\전주-완산구-출장마사지-동별-생활권-지역안내\index.html"
"전주","삼천동","E:\mong-lounge-site\massage\other\jeonju\wansan-gu\전주-완산구-출장마사지-동별-생활권-지역안내\index.html"
"전주","서서학동","E:\mong-lounge-site\massage\other\jeonju\wansan-gu\전주-완산구-출장마사지-동별-생활권-지역안내\index.html"
"전주","서신동","E:\mong-lounge-site\massage\other\jeonju\wansan-gu\전주-완산구-출장마사지-동별-생활권-지역안내\index.html"
"전주","송천동","E:\mong-lounge-site\massage\other\jeonju\deokjin-gu\전주-덕진구-출장마사지-동별-생활권-지역안내\index.html"
"전주","여의동","E:\mong-lounge-site\massage\other\jeonju\deokjin-gu\전주-덕진구-출장마사지-동별-생활권-지역안내\index.html"
"전주","완산구","E:\mong-lounge-site\massage\other\jeonju\전주-지역-출장마사지-효자-혁신-한옥마을-생활권-방문-홈케어\index.html"
"전주","완산동","E:\mong-lounge-site\massage\other\jeonju\wansan-gu\전주-완산구-출장마사지-동별-생활권-지역안내\index.html"
"전주","우아동","E:\mong-lounge-site\massage\other\jeonju\deokjin-gu\전주-덕진구-출장마사지-동별-생활권-지역안내\index.html"
"전주","인후동","E:\mong-lounge-site\massage\other\jeonju\deokjin-gu\전주-덕진구-출장마사지-동별-생활권-지역안내\index.html"
"전주","조촌동","E:\mong-lounge-site\massage\other\jeonju\deokjin-gu\전주-덕진구-출장마사지-동별-생활권-지역안내\index.html"
"전주","중앙동","E:\mong-lounge-site\massage\other\jeonju\wansan-gu\전주-완산구-출장마사지-동별-생활권-지역안내\index.html"
"전주","중화산동","E:\mong-lounge-site\massage\other\jeonju\wansan-gu\전주-완산구-출장마사지-동별-생활권-지역안내\index.html"
"전주","진북동","E:\mong-lounge-site\massage\other\jeonju\deokjin-gu\전주-덕진구-출장마사지-동별-생활권-지역안내\index.html"
"전주","팔복동","E:\mong-lounge-site\massage\other\jeonju\deokjin-gu\전주-덕진구-출장마사지-동별-생활권-지역안내\index.html"
"전주","평화동","E:\mong-lounge-site\massage\other\jeonju\wansan-gu\전주-완산구-출장마사지-동별-생활권-지역안내\index.html"
"전주","풍남동","E:\mong-lounge-site\massage\other\jeonju\wansan-gu\전주-완산구-출장마사지-동별-생활권-지역안내\index.html"
"전주","혁신동","E:\mong-lounge-site\massage\other\jeonju\deokjin-gu\전주-덕진구-출장마사지-동별-생활권-지역안내\index.html"
"전주","호성동","E:\mong-lounge-site\massage\other\jeonju\deokjin-gu\전주-덕진구-출장마사지-동별-생활권-지역안내\index.html"
"전주","효자동","E:\mong-lounge-site\massage\other\jeonju\wansan-gu\전주-완산구-출장마사지-동별-생활권-지역안내\index.html"
"창원","가음정동","E:\mong-lounge-site\massage\other\changwon\seongsan-gu\창원-성산구-출장마사지-동별-생활권-지역안내\index.html"
"창원","가포동","E:\mong-lounge-site\massage\other\changwon\masanhappo-gu\창원-마산합포구-출장마사지-동별-생활권-지역안내\index.html"
"창원","경화동","E:\mong-lounge-site\massage\other\changwon\jinhae-gu\창원-진해구-출장마사지-동별-생활권-지역안내\index.html"
"창원","교방동","E:\mong-lounge-site\massage\other\changwon\masanhappo-gu\창원-마산합포구-출장마사지-동별-생활권-지역안내\index.html"
"창원","구산면","E:\mong-lounge-site\massage\other\changwon\masanhappo-gu\창원-마산합포구-출장마사지-동별-생활권-지역안내\index.html"
"창원","구암동","E:\mong-lounge-site\massage\other\changwon\masanhoewon-gu\창원-마산회원구-출장마사지-동별-생활권-지역안내\index.html"
"창원","내서읍","E:\mong-lounge-site\massage\other\changwon\masanhoewon-gu\창원-마산회원구-출장마사지-동별-생활권-지역안내\index.html"
"창원","대산면","E:\mong-lounge-site\massage\other\changwon\uichang-gu\창원-의창구-출장마사지-동별-생활권-지역안내\index.html"
"창원","덕산동","E:\mong-lounge-site\massage\other\changwon\jinhae-gu\창원-진해구-출장마사지-동별-생활권-지역안내\index.html"
"창원","동읍","E:\mong-lounge-site\massage\other\changwon\uichang-gu\창원-의창구-출장마사지-동별-생활권-지역안내\index.html"
"창원","마산합포구","E:\mong-lounge-site\massage\other\changwon\창원-지역-출장마사지-상남-중앙-진해-생활권-방문-홈케어\index.html"
"창원","마산회원구","E:\mong-lounge-site\massage\other\changwon\창원-지역-출장마사지-상남-중앙-진해-생활권-방문-홈케어\index.html"
"창원","명곡동","E:\mong-lounge-site\massage\other\changwon\uichang-gu\창원-의창구-출장마사지-동별-생활권-지역안내\index.html"
"창원","문화동","E:\mong-lounge-site\massage\other\changwon\masanhappo-gu\창원-마산합포구-출장마사지-동별-생활권-지역안내\index.html"
"창원","반송동","E:\mong-lounge-site\massage\other\changwon\seongsan-gu\창원-성산구-출장마사지-동별-생활권-지역안내\index.html"
"창원","반월중앙동","E:\mong-lounge-site\massage\other\changwon\masanhappo-gu\창원-마산합포구-출장마사지-동별-생활권-지역안내\index.html"
"창원","병암동","E:\mong-lounge-site\massage\other\changwon\jinhae-gu\창원-진해구-출장마사지-동별-생활권-지역안내\index.html"
"창원","봉림동","E:\mong-lounge-site\massage\other\changwon\uichang-gu\창원-의창구-출장마사지-동별-생활권-지역안내\index.html"
"창원","봉암동","E:\mong-lounge-site\massage\other\changwon\masanhoewon-gu\창원-마산회원구-출장마사지-동별-생활권-지역안내\index.html"
"창원","북면","E:\mong-lounge-site\massage\other\changwon\uichang-gu\창원-의창구-출장마사지-동별-생활권-지역안내\index.html"
"창원","사파동","E:\mong-lounge-site\massage\other\changwon\seongsan-gu\창원-성산구-출장마사지-동별-생활권-지역안내\index.html"
"창원","산호동","E:\mong-lounge-site\massage\other\changwon\masanhappo-gu\창원-마산합포구-출장마사지-동별-생활권-지역안내\index.html"
"창원","상남동","E:\mong-lounge-site\massage\other\changwon\seongsan-gu\창원-성산구-출장마사지-동별-생활권-지역안내\index.html"
"창원","석동","E:\mong-lounge-site\massage\other\changwon\jinhae-gu\창원-진해구-출장마사지-동별-생활권-지역안내\index.html"
"창원","석전동","E:\mong-lounge-site\massage\other\changwon\masanhoewon-gu\창원-마산회원구-출장마사지-동별-생활권-지역안내\index.html"
"창원","성산구","E:\mong-lounge-site\massage\other\changwon\창원-지역-출장마사지-상남-중앙-진해-생활권-방문-홈케어\index.html"
"창원","성주동","E:\mong-lounge-site\massage\other\changwon\seongsan-gu\창원-성산구-출장마사지-동별-생활권-지역안내\index.html"
"창원","양덕동","E:\mong-lounge-site\massage\other\changwon\masanhoewon-gu\창원-마산회원구-출장마사지-동별-생활권-지역안내\index.html"
"창원","여좌동","E:\mong-lounge-site\massage\other\changwon\jinhae-gu\창원-진해구-출장마사지-동별-생활권-지역안내\index.html"
"창원","오동동","E:\mong-lounge-site\massage\other\changwon\masanhappo-gu\창원-마산합포구-출장마사지-동별-생활권-지역안내\index.html"
"창원","완월동","E:\mong-lounge-site\massage\other\changwon\masanhappo-gu\창원-마산합포구-출장마사지-동별-생활권-지역안내\index.html"
"창원","용지동","E:\mong-lounge-site\massage\other\changwon\seongsan-gu\창원-성산구-출장마사지-동별-생활권-지역안내\index.html"
"창원","웅남동","E:\mong-lounge-site\massage\other\changwon\seongsan-gu\창원-성산구-출장마사지-동별-생활권-지역안내\index.html"
"창원","웅동동","E:\mong-lounge-site\massage\other\changwon\jinhae-gu\창원-진해구-출장마사지-동별-생활권-지역안내\index.html"
"창원","웅천동","E:\mong-lounge-site\massage\other\changwon\jinhae-gu\창원-진해구-출장마사지-동별-생활권-지역안내\index.html"
"창원","월영동","E:\mong-lounge-site\massage\other\changwon\masanhappo-gu\창원-마산합포구-출장마사지-동별-생활권-지역안내\index.html"
"창원","의창구","E:\mong-lounge-site\massage\other\changwon\창원-지역-출장마사지-상남-중앙-진해-생활권-방문-홈케어\index.html"
"창원","의창동","E:\mong-lounge-site\massage\other\changwon\uichang-gu\창원-의창구-출장마사지-동별-생활권-지역안내\index.html"
"창원","이동","E:\mong-lounge-site\massage\other\changwon\jinhae-gu\창원-진해구-출장마사지-동별-생활권-지역안내\index.html"
"창원","자산동","E:\mong-lounge-site\massage\other\changwon\masanhappo-gu\창원-마산합포구-출장마사지-동별-생활권-지역안내\index.html"
"창원","자은동","E:\mong-lounge-site\massage\other\changwon\jinhae-gu\창원-진해구-출장마사지-동별-생활권-지역안내\index.html"
"창원","중앙동","E:\mong-lounge-site\massage\other\changwon\seongsan-gu\창원-성산구-출장마사지-동별-생활권-지역안내\index.html"
"창원","진동면","E:\mong-lounge-site\massage\other\changwon\masanhappo-gu\창원-마산합포구-출장마사지-동별-생활권-지역안내\index.html"
"창원","진북면","E:\mong-lounge-site\massage\other\changwon\masanhappo-gu\창원-마산합포구-출장마사지-동별-생활권-지역안내\index.html"
"창원","진전면","E:\mong-lounge-site\massage\other\changwon\masanhappo-gu\창원-마산합포구-출장마사지-동별-생활권-지역안내\index.html"
"창원","진해구","E:\mong-lounge-site\massage\other\changwon\창원-지역-출장마사지-상남-중앙-진해-생활권-방문-홈케어\index.html"
"창원","충무동","E:\mong-lounge-site\massage\other\changwon\jinhae-gu\창원-진해구-출장마사지-동별-생활권-지역안내\index.html"
"창원","태백동","E:\mong-lounge-site\massage\other\changwon\jinhae-gu\창원-진해구-출장마사지-동별-생활권-지역안내\index.html"
"창원","팔룡동","E:\mong-lounge-site\massage\other\changwon\uichang-gu\창원-의창구-출장마사지-동별-생활권-지역안내\index.html"
"창원","풍호동","E:\mong-lounge-site\massage\other\changwon\jinhae-gu\창원-진해구-출장마사지-동별-생활권-지역안내\index.html"
"창원","합성동","E:\mong-lounge-site\massage\other\changwon\masanhoewon-gu\창원-마산회원구-출장마사지-동별-생활권-지역안내\index.html"
"창원","합포동","E:\mong-lounge-site\massage\other\changwon\masanhappo-gu\창원-마산합포구-출장마사지-동별-생활권-지역안내\index.html"
"창원","현동","E:\mong-lounge-site\massage\other\changwon\masanhappo-gu\창원-마산합포구-출장마사지-동별-생활권-지역안내\index.html"
"창원","회성동","E:\mong-lounge-site\massage\other\changwon\masanhoewon-gu\창원-마산회원구-출장마사지-동별-생활권-지역안내\index.html"
"창원","회원동","E:\mong-lounge-site\massage\other\changwon\masanhoewon-gu\창원-마산회원구-출장마사지-동별-생활권-지역안내\index.html"
"청주","가경동","E:\mong-lounge-site\massage\other\cheongju\heungdeok-gu\청주-흥덕구-출장마사지-동별-생활권-지역안내\index.html"
"청주","가덕면","E:\mong-lounge-site\massage\other\cheongju\sangdang-gu\청주-상당구-출장마사지-동별-생활권-지역안내\index.html"
"청주","강내면","E:\mong-lounge-site\massage\other\cheongju\heungdeok-gu\청주-흥덕구-출장마사지-동별-생활권-지역안내\index.html"
"청주","강서동","E:\mong-lounge-site\massage\other\cheongju\heungdeok-gu\청주-흥덕구-출장마사지-동별-생활권-지역안내\index.html"
"청주","금천동","E:\mong-lounge-site\massage\other\cheongju\sangdang-gu\청주-상당구-출장마사지-동별-생활권-지역안내\index.html"
"청주","남이면","E:\mong-lounge-site\massage\other\cheongju\seowon-gu\청주-서원구-출장마사지-동별-생활권-지역안내\index.html"
"청주","남일면","E:\mong-lounge-site\massage\other\cheongju\sangdang-gu\청주-상당구-출장마사지-동별-생활권-지역안내\index.html"
"청주","낭성면","E:\mong-lounge-site\massage\other\cheongju\sangdang-gu\청주-상당구-출장마사지-동별-생활권-지역안내\index.html"
"청주","내덕동","E:\mong-lounge-site\massage\other\cheongju\cheongwon-gu\청주-청원구-출장마사지-동별-생활권-지역안내\index.html"
"청주","내수읍","E:\mong-lounge-site\massage\other\cheongju\cheongwon-gu\청주-청원구-출장마사지-동별-생활권-지역안내\index.html"
"청주","모충동","E:\mong-lounge-site\massage\other\cheongju\seowon-gu\청주-서원구-출장마사지-동별-생활권-지역안내\index.html"
"청주","문의면","E:\mong-lounge-site\massage\other\cheongju\sangdang-gu\청주-상당구-출장마사지-동별-생활권-지역안내\index.html"
"청주","미원면","E:\mong-lounge-site\massage\other\cheongju\sangdang-gu\청주-상당구-출장마사지-동별-생활권-지역안내\index.html"
"청주","복대동","E:\mong-lounge-site\massage\other\cheongju\heungdeok-gu\청주-흥덕구-출장마사지-동별-생활권-지역안내\index.html"
"청주","봉명2.송정동","E:\mong-lounge-site\massage\other\cheongju\heungdeok-gu\청주-흥덕구-출장마사지-동별-생활권-지역안내\index.html"
"청주","봉명동","E:\mong-lounge-site\massage\other\cheongju\heungdeok-gu\청주-흥덕구-출장마사지-동별-생활권-지역안내\index.html"
"청주","북이면","E:\mong-lounge-site\massage\other\cheongju\cheongwon-gu\청주-청원구-출장마사지-동별-생활권-지역안내\index.html"
"청주","분평동","E:\mong-lounge-site\massage\other\cheongju\seowon-gu\청주-서원구-출장마사지-동별-생활권-지역안내\index.html"
"청주","사직동","E:\mong-lounge-site\massage\other\cheongju\seowon-gu\청주-서원구-출장마사지-동별-생활권-지역안내\index.html"
"청주","사창동","E:\mong-lounge-site\massage\other\cheongju\seowon-gu\청주-서원구-출장마사지-동별-생활권-지역안내\index.html"
"청주","산남동","E:\mong-lounge-site\massage\other\cheongju\seowon-gu\청주-서원구-출장마사지-동별-생활권-지역안내\index.html"
"청주","상당구","E:\mong-lounge-site\massage\other\cheongju\청주-지역-출장마사지-복대-오창-성안길-생활권-방문-홈케어\index.html"
"청주","서원구","E:\mong-lounge-site\massage\other\cheongju\청주-지역-출장마사지-복대-오창-성안길-생활권-방문-홈케어\index.html"
"청주","성안동","E:\mong-lounge-site\massage\other\cheongju\sangdang-gu\청주-상당구-출장마사지-동별-생활권-지역안내\index.html"
"청주","성화.개신.죽림동","E:\mong-lounge-site\massage\other\cheongju\seowon-gu\청주-서원구-출장마사지-동별-생활권-지역안내\index.html"
"청주","수곡동","E:\mong-lounge-site\massage\other\cheongju\seowon-gu\청주-서원구-출장마사지-동별-생활권-지역안내\index.html"
"청주","영운동","E:\mong-lounge-site\massage\other\cheongju\sangdang-gu\청주-상당구-출장마사지-동별-생활권-지역안내\index.html"
"청주","오근장동","E:\mong-lounge-site\massage\other\cheongju\cheongwon-gu\청주-청원구-출장마사지-동별-생활권-지역안내\index.html"
"청주","오송읍","E:\mong-lounge-site\massage\other\cheongju\heungdeok-gu\청주-흥덕구-출장마사지-동별-생활권-지역안내\index.html"
"청주","오창읍","E:\mong-lounge-site\massage\other\cheongju\cheongwon-gu\청주-청원구-출장마사지-동별-생활권-지역안내\index.html"
"청주","옥산면","E:\mong-lounge-site\massage\other\cheongju\heungdeok-gu\청주-흥덕구-출장마사지-동별-생활권-지역안내\index.html"
"청주","용담.명암.산성동","E:\mong-lounge-site\massage\other\cheongju\sangdang-gu\청주-상당구-출장마사지-동별-생활권-지역안내\index.html"
"청주","용암동","E:\mong-lounge-site\massage\other\cheongju\sangdang-gu\청주-상당구-출장마사지-동별-생활권-지역안내\index.html"
"청주","우암동","E:\mong-lounge-site\massage\other\cheongju\cheongwon-gu\청주-청원구-출장마사지-동별-생활권-지역안내\index.html"
"청주","운천.신봉동","E:\mong-lounge-site\massage\other\cheongju\heungdeok-gu\청주-흥덕구-출장마사지-동별-생활권-지역안내\index.html"
"청주","율량.사천동","E:\mong-lounge-site\massage\other\cheongju\cheongwon-gu\청주-청원구-출장마사지-동별-생활권-지역안내\index.html"
"청주","중앙동","E:\mong-lounge-site\massage\other\cheongju\sangdang-gu\청주-상당구-출장마사지-동별-생활권-지역안내\index.html"
"청주","청원구","E:\mong-lounge-site\massage\other\cheongju\청주-지역-출장마사지-복대-오창-성안길-생활권-방문-홈케어\index.html"
"청주","탑대성동","E:\mong-lounge-site\massage\other\cheongju\sangdang-gu\청주-상당구-출장마사지-동별-생활권-지역안내\index.html"
"청주","현도면","E:\mong-lounge-site\massage\other\cheongju\seowon-gu\청주-서원구-출장마사지-동별-생활권-지역안내\index.html"
"청주","흥덕구","E:\mong-lounge-site\massage\other\cheongju\청주-지역-출장마사지-복대-오창-성안길-생활권-방문-홈케어\index.html"
