"광역지역","적용지역","상위지역","하위지역","판정","원본페이지"
"경남","김해","김해","내외동","OK","E:\mong-lounge-site\massage\other\gimhae\김해-지역-출장마사지-내외-장유-봉황-생활권-방문-홈케어\index.html"
"경남","김해","김해","대동면","OK","E:\mong-lounge-site\massage\other\gimhae\김해-지역-출장마사지-내외-장유-봉황-생활권-방문-홈케어\index.html"
"경남","김해","김해","동상동","OK","E:\mong-lounge-site\massage\other\gimhae\김해-지역-출장마사지-내외-장유-봉황-생활권-방문-홈케어\index.html"
"경남","김해","김해","부원동","OK","E:\mong-lounge-site\massage\other\gimhae\김해-지역-출장마사지-내외-장유-봉황-생활권-방문-홈케어\index.html"
"경남","김해","김해","북부동","OK","E:\mong-lounge-site\massage\other\gimhae\김해-지역-출장마사지-내외-장유-봉황-생활권-방문-홈케어\index.html"
"경남","김해","김해","불암동","OK","E:\mong-lounge-site\massage\other\gimhae\김해-지역-출장마사지-내외-장유-봉황-생활권-방문-홈케어\index.html"
"경남","김해","김해","삼안동","OK","E:\mong-lounge-site\massage\other\gimhae\김해-지역-출장마사지-내외-장유-봉황-생활권-방문-홈케어\index.html"
"경남","김해","김해","상동면","OK","E:\mong-lounge-site\massage\other\gimhae\김해-지역-출장마사지-내외-장유-봉황-생활권-방문-홈케어\index.html"
"경남","김해","김해","생림면","OK","E:\mong-lounge-site\massage\other\gimhae\김해-지역-출장마사지-내외-장유-봉황-생활권-방문-홈케어\index.html"
"경남","김해","김해","장유동","OK","E:\mong-lounge-site\massage\other\gimhae\김해-지역-출장마사지-내외-장유-봉황-생활권-방문-홈케어\index.html"
"경남","김해","김해","주촌면","OK","E:\mong-lounge-site\massage\other\gimhae\김해-지역-출장마사지-내외-장유-봉황-생활권-방문-홈케어\index.html"
"경남","김해","김해","진례면","OK","E:\mong-lounge-site\massage\other\gimhae\김해-지역-출장마사지-내외-장유-봉황-생활권-방문-홈케어\index.html"
"경남","김해","김해","진영읍","OK","E:\mong-lounge-site\massage\other\gimhae\김해-지역-출장마사지-내외-장유-봉황-생활권-방문-홈케어\index.html"
"경남","김해","김해","칠산서부동","OK","E:\mong-lounge-site\massage\other\gimhae\김해-지역-출장마사지-내외-장유-봉황-생활권-방문-홈케어\index.html"
"경남","김해","김해","한림면","OK","E:\mong-lounge-site\massage\other\gimhae\김해-지역-출장마사지-내외-장유-봉황-생활권-방문-홈케어\index.html"
"경남","김해","김해","활천동","OK","E:\mong-lounge-site\massage\other\gimhae\김해-지역-출장마사지-내외-장유-봉황-생활권-방문-홈케어\index.html"
"경남","김해","김해","회현동","OK","E:\mong-lounge-site\massage\other\gimhae\김해-지역-출장마사지-내외-장유-봉황-생활권-방문-홈케어\index.html"
"경남","창원","마산합포구","가포동","OK","E:\mong-lounge-site\massage\other\changwon\masanhappo-gu\창원-마산합포구-출장마사지-동별-생활권-지역안내\index.html"
"경남","창원","마산합포구","교방동","OK","E:\mong-lounge-site\massage\other\changwon\masanhappo-gu\창원-마산합포구-출장마사지-동별-생활권-지역안내\index.html"
"경남","창원","마산합포구","구산면","OK","E:\mong-lounge-site\massage\other\changwon\masanhappo-gu\창원-마산합포구-출장마사지-동별-생활권-지역안내\index.html"
"경남","창원","마산합포구","문화동","OK","E:\mong-lounge-site\massage\other\changwon\masanhappo-gu\창원-마산합포구-출장마사지-동별-생활권-지역안내\index.html"
"경남","창원","마산합포구","반월중앙동","OK","E:\mong-lounge-site\massage\other\changwon\masanhappo-gu\창원-마산합포구-출장마사지-동별-생활권-지역안내\index.html"
"경남","창원","마산합포구","산호동","OK","E:\mong-lounge-site\massage\other\changwon\masanhappo-gu\창원-마산합포구-출장마사지-동별-생활권-지역안내\index.html"
"경남","창원","마산합포구","오동동","OK","E:\mong-lounge-site\massage\other\changwon\masanhappo-gu\창원-마산합포구-출장마사지-동별-생활권-지역안내\index.html"
"경남","창원","마산합포구","완월동","OK","E:\mong-lounge-site\massage\other\changwon\masanhappo-gu\창원-마산합포구-출장마사지-동별-생활권-지역안내\index.html"
"경남","창원","마산합포구","월영동","OK","E:\mong-lounge-site\massage\other\changwon\masanhappo-gu\창원-마산합포구-출장마사지-동별-생활권-지역안내\index.html"
"경남","창원","마산합포구","자산동","OK","E:\mong-lounge-site\massage\other\changwon\masanhappo-gu\창원-마산합포구-출장마사지-동별-생활권-지역안내\index.html"
"경남","창원","마산합포구","진동면","OK","E:\mong-lounge-site\massage\other\changwon\masanhappo-gu\창원-마산합포구-출장마사지-동별-생활권-지역안내\index.html"
"경남","창원","마산합포구","진북면","OK","E:\mong-lounge-site\massage\other\changwon\masanhappo-gu\창원-마산합포구-출장마사지-동별-생활권-지역안내\index.html"
"경남","창원","마산합포구","진전면","OK","E:\mong-lounge-site\massage\other\changwon\masanhappo-gu\창원-마산합포구-출장마사지-동별-생활권-지역안내\index.html"
"경남","창원","마산합포구","합포동","OK","E:\mong-lounge-site\massage\other\changwon\masanhappo-gu\창원-마산합포구-출장마사지-동별-생활권-지역안내\index.html"
"경남","창원","마산합포구","현동","OK","E:\mong-lounge-site\massage\other\changwon\masanhappo-gu\창원-마산합포구-출장마사지-동별-생활권-지역안내\index.html"
"경남","창원","마산회원구","구암동","OK","E:\mong-lounge-site\massage\other\changwon\masanhoewon-gu\창원-마산회원구-출장마사지-동별-생활권-지역안내\index.html"
"경남","창원","마산회원구","내서읍","OK","E:\mong-lounge-site\massage\other\changwon\masanhoewon-gu\창원-마산회원구-출장마사지-동별-생활권-지역안내\index.html"
"경남","창원","마산회원구","봉암동","OK","E:\mong-lounge-site\massage\other\changwon\masanhoewon-gu\창원-마산회원구-출장마사지-동별-생활권-지역안내\index.html"
"경남","창원","마산회원구","석전동","OK","E:\mong-lounge-site\massage\other\changwon\masanhoewon-gu\창원-마산회원구-출장마사지-동별-생활권-지역안내\index.html"
"경남","창원","마산회원구","양덕동","OK","E:\mong-lounge-site\massage\other\changwon\masanhoewon-gu\창원-마산회원구-출장마사지-동별-생활권-지역안내\index.html"
"경남","창원","마산회원구","합성동","OK","E:\mong-lounge-site\massage\other\changwon\masanhoewon-gu\창원-마산회원구-출장마사지-동별-생활권-지역안내\index.html"
"경남","창원","마산회원구","회성동","OK","E:\mong-lounge-site\massage\other\changwon\masanhoewon-gu\창원-마산회원구-출장마사지-동별-생활권-지역안내\index.html"
"경남","창원","마산회원구","회원동","OK","E:\mong-lounge-site\massage\other\changwon\masanhoewon-gu\창원-마산회원구-출장마사지-동별-생활권-지역안내\index.html"
"경남","창원","성산구","가음정동","OK","E:\mong-lounge-site\massage\other\changwon\seongsan-gu\창원-성산구-출장마사지-동별-생활권-지역안내\index.html"
"경남","창원","성산구","반송동","OK","E:\mong-lounge-site\massage\other\changwon\seongsan-gu\창원-성산구-출장마사지-동별-생활권-지역안내\index.html"
"경남","창원","성산구","사파동","OK","E:\mong-lounge-site\massage\other\changwon\seongsan-gu\창원-성산구-출장마사지-동별-생활권-지역안내\index.html"
"경남","창원","성산구","상남동","OK","E:\mong-lounge-site\massage\other\changwon\seongsan-gu\창원-성산구-출장마사지-동별-생활권-지역안내\index.html"
"경남","창원","성산구","성주동","OK","E:\mong-lounge-site\massage\other\changwon\seongsan-gu\창원-성산구-출장마사지-동별-생활권-지역안내\index.html"
"경남","창원","성산구","용지동","OK","E:\mong-lounge-site\massage\other\changwon\seongsan-gu\창원-성산구-출장마사지-동별-생활권-지역안내\index.html"
"경남","창원","성산구","웅남동","OK","E:\mong-lounge-site\massage\other\changwon\seongsan-gu\창원-성산구-출장마사지-동별-생활권-지역안내\index.html"
"경남","창원","성산구","중앙동","OK","E:\mong-lounge-site\massage\other\changwon\seongsan-gu\창원-성산구-출장마사지-동별-생활권-지역안내\index.html"
"경남","창원","의창구","대산면","OK","E:\mong-lounge-site\massage\other\changwon\uichang-gu\창원-의창구-출장마사지-동별-생활권-지역안내\index.html"
"경남","창원","의창구","동읍","OK","E:\mong-lounge-site\massage\other\changwon\uichang-gu\창원-의창구-출장마사지-동별-생활권-지역안내\index.html"
"경남","창원","의창구","명곡동","OK","E:\mong-lounge-site\massage\other\changwon\uichang-gu\창원-의창구-출장마사지-동별-생활권-지역안내\index.html"
"경남","창원","의창구","봉림동","OK","E:\mong-lounge-site\massage\other\changwon\uichang-gu\창원-의창구-출장마사지-동별-생활권-지역안내\index.html"
"경남","창원","의창구","북면","OK","E:\mong-lounge-site\massage\other\changwon\uichang-gu\창원-의창구-출장마사지-동별-생활권-지역안내\index.html"
"경남","창원","의창구","의창동","OK","E:\mong-lounge-site\massage\other\changwon\uichang-gu\창원-의창구-출장마사지-동별-생활권-지역안내\index.html"
"경남","창원","의창구","팔룡동","OK","E:\mong-lounge-site\massage\other\changwon\uichang-gu\창원-의창구-출장마사지-동별-생활권-지역안내\index.html"
"경남","창원","진해구","경화동","OK","E:\mong-lounge-site\massage\other\changwon\jinhae-gu\창원-진해구-출장마사지-동별-생활권-지역안내\index.html"
"경남","창원","진해구","덕산동","OK","E:\mong-lounge-site\massage\other\changwon\jinhae-gu\창원-진해구-출장마사지-동별-생활권-지역안내\index.html"
"경남","창원","진해구","병암동","OK","E:\mong-lounge-site\massage\other\changwon\jinhae-gu\창원-진해구-출장마사지-동별-생활권-지역안내\index.html"
"경남","창원","진해구","석동","OK","E:\mong-lounge-site\massage\other\changwon\jinhae-gu\창원-진해구-출장마사지-동별-생활권-지역안내\index.html"
"경남","창원","진해구","여좌동","OK","E:\mong-lounge-site\massage\other\changwon\jinhae-gu\창원-진해구-출장마사지-동별-생활권-지역안내\index.html"
"경남","창원","진해구","웅동동","OK","E:\mong-lounge-site\massage\other\changwon\jinhae-gu\창원-진해구-출장마사지-동별-생활권-지역안내\index.html"
"경남","창원","진해구","웅천동","OK","E:\mong-lounge-site\massage\other\changwon\jinhae-gu\창원-진해구-출장마사지-동별-생활권-지역안내\index.html"
"경남","창원","진해구","이동","OK","E:\mong-lounge-site\massage\other\changwon\jinhae-gu\창원-진해구-출장마사지-동별-생활권-지역안내\index.html"
"경남","창원","진해구","자은동","OK","E:\mong-lounge-site\massage\other\changwon\jinhae-gu\창원-진해구-출장마사지-동별-생활권-지역안내\index.html"
"경남","창원","진해구","충무동","OK","E:\mong-lounge-site\massage\other\changwon\jinhae-gu\창원-진해구-출장마사지-동별-생활권-지역안내\index.html"
"경남","창원","진해구","태백동","OK","E:\mong-lounge-site\massage\other\changwon\jinhae-gu\창원-진해구-출장마사지-동별-생활권-지역안내\index.html"
"경남","창원","진해구","풍호동","OK","E:\mong-lounge-site\massage\other\changwon\jinhae-gu\창원-진해구-출장마사지-동별-생활권-지역안내\index.html"
"광주광역시","광주광역시","광산구","도산동","OK","E:\mong-lounge-site\massage\other\gwangju\gwangsan-gu\광주-광산구-출장마사지-동별-생활권-지역안내\index.html"
"광주광역시","광주광역시","광산구","동곡동","OK","E:\mong-lounge-site\massage\other\gwangju\gwangsan-gu\광주-광산구-출장마사지-동별-생활권-지역안내\index.html"
"광주광역시","광주광역시","광산구","본량동","OK","E:\mong-lounge-site\massage\other\gwangju\gwangsan-gu\광주-광산구-출장마사지-동별-생활권-지역안내\index.html"
"광주광역시","광주광역시","광산구","비아동","OK","E:\mong-lounge-site\massage\other\gwangju\gwangsan-gu\광주-광산구-출장마사지-동별-생활권-지역안내\index.html"
"광주광역시","광주광역시","광산구","삼도동","OK","E:\mong-lounge-site\massage\other\gwangju\gwangsan-gu\광주-광산구-출장마사지-동별-생활권-지역안내\index.html"
"광주광역시","광주광역시","광산구","송정동","OK","E:\mong-lounge-site\massage\other\gwangju\gwangsan-gu\광주-광산구-출장마사지-동별-생활권-지역안내\index.html"
"광주광역시","광주광역시","광산구","수완동","OK","E:\mong-lounge-site\massage\other\gwangju\gwangsan-gu\광주-광산구-출장마사지-동별-생활권-지역안내\index.html"
"광주광역시","광주광역시","광산구","신가동","OK","E:\mong-lounge-site\massage\other\gwangju\gwangsan-gu\광주-광산구-출장마사지-동별-생활권-지역안내\index.html"
"광주광역시","광주광역시","광산구","신창동","OK","E:\mong-lounge-site\massage\other\gwangju\gwangsan-gu\광주-광산구-출장마사지-동별-생활권-지역안내\index.html"
"광주광역시","광주광역시","광산구","신흥동","OK","E:\mong-lounge-site\massage\other\gwangju\gwangsan-gu\광주-광산구-출장마사지-동별-생활권-지역안내\index.html"
"광주광역시","광주광역시","광산구","어룡동","OK","E:\mong-lounge-site\massage\other\gwangju\gwangsan-gu\광주-광산구-출장마사지-동별-생활권-지역안내\index.html"
"광주광역시","광주광역시","광산구","우산동","OK","E:\mong-lounge-site\massage\other\gwangju\gwangsan-gu\광주-광산구-출장마사지-동별-생활권-지역안내\index.html"
"광주광역시","광주광역시","광산구","운남동","OK","E:\mong-lounge-site\massage\other\gwangju\gwangsan-gu\광주-광산구-출장마사지-동별-생활권-지역안내\index.html"
"광주광역시","광주광역시","광산구","월곡동","OK","E:\mong-lounge-site\massage\other\gwangju\gwangsan-gu\광주-광산구-출장마사지-동별-생활권-지역안내\index.html"
"광주광역시","광주광역시","광산구","임곡동","OK","E:\mong-lounge-site\massage\other\gwangju\gwangsan-gu\광주-광산구-출장마사지-동별-생활권-지역안내\index.html"
"광주광역시","광주광역시","광산구","첨단동","OK","E:\mong-lounge-site\massage\other\gwangju\gwangsan-gu\광주-광산구-출장마사지-동별-생활권-지역안내\index.html"
"광주광역시","광주광역시","광산구","평동","OK","E:\mong-lounge-site\massage\other\gwangju\gwangsan-gu\광주-광산구-출장마사지-동별-생활권-지역안내\index.html"
"광주광역시","광주광역시","광산구","하남동","OK","E:\mong-lounge-site\massage\other\gwangju\gwangsan-gu\광주-광산구-출장마사지-동별-생활권-지역안내\index.html"
"광주광역시","광주광역시","남구","대촌동","OK","E:\mong-lounge-site\massage\other\gwangju\nam-gu\광주-남구-출장마사지-동별-생활권-지역안내\index.html"
"광주광역시","광주광역시","남구","방림동","OK","E:\mong-lounge-site\massage\other\gwangju\nam-gu\광주-남구-출장마사지-동별-생활권-지역안내\index.html"
"광주광역시","광주광역시","남구","백운동","OK","E:\mong-lounge-site\massage\other\gwangju\nam-gu\광주-남구-출장마사지-동별-생활권-지역안내\index.html"
"광주광역시","광주광역시","남구","봉선동","OK","E:\mong-lounge-site\massage\other\gwangju\nam-gu\광주-남구-출장마사지-동별-생활권-지역안내\index.html"
"광주광역시","광주광역시","남구","사직동","OK","E:\mong-lounge-site\massage\other\gwangju\nam-gu\광주-남구-출장마사지-동별-생활권-지역안내\index.html"
"광주광역시","광주광역시","남구","송암동","OK","E:\mong-lounge-site\massage\other\gwangju\nam-gu\광주-남구-출장마사지-동별-생활권-지역안내\index.html"
"광주광역시","광주광역시","남구","양림동","OK","E:\mong-lounge-site\massage\other\gwangju\nam-gu\광주-남구-출장마사지-동별-생활권-지역안내\index.html"
"광주광역시","광주광역시","남구","월산동","OK","E:\mong-lounge-site\massage\other\gwangju\nam-gu\광주-남구-출장마사지-동별-생활권-지역안내\index.html"
"광주광역시","광주광역시","남구","주월동","OK","E:\mong-lounge-site\massage\other\gwangju\nam-gu\광주-남구-출장마사지-동별-생활권-지역안내\index.html"
"광주광역시","광주광역시","남구","진월동","OK","E:\mong-lounge-site\massage\other\gwangju\nam-gu\광주-남구-출장마사지-동별-생활권-지역안내\index.html"
"광주광역시","광주광역시","남구","효덕동","OK","E:\mong-lounge-site\massage\other\gwangju\nam-gu\광주-남구-출장마사지-동별-생활권-지역안내\index.html"
"광주광역시","광주광역시","동구","계림동","OK","E:\mong-lounge-site\massage\other\gwangju\dong-gu\광주-동구-출장마사지-동별-생활권-지역안내\index.html"
"광주광역시","광주광역시","동구","동명동","OK","E:\mong-lounge-site\massage\other\gwangju\dong-gu\광주-동구-출장마사지-동별-생활권-지역안내\index.html"
"광주광역시","광주광역시","동구","산수동","OK","E:\mong-lounge-site\massage\other\gwangju\dong-gu\광주-동구-출장마사지-동별-생활권-지역안내\index.html"
"광주광역시","광주광역시","동구","서남동","OK","E:\mong-lounge-site\massage\other\gwangju\dong-gu\광주-동구-출장마사지-동별-생활권-지역안내\index.html"
"광주광역시","광주광역시","동구","지산동","OK","E:\mong-lounge-site\massage\other\gwangju\dong-gu\광주-동구-출장마사지-동별-생활권-지역안내\index.html"
"광주광역시","광주광역시","동구","지원동","OK","E:\mong-lounge-site\massage\other\gwangju\dong-gu\광주-동구-출장마사지-동별-생활권-지역안내\index.html"
"광주광역시","광주광역시","동구","충장동","OK","E:\mong-lounge-site\massage\other\gwangju\dong-gu\광주-동구-출장마사지-동별-생활권-지역안내\index.html"
"광주광역시","광주광역시","동구","학동","OK","E:\mong-lounge-site\massage\other\gwangju\dong-gu\광주-동구-출장마사지-동별-생활권-지역안내\index.html"
"광주광역시","광주광역시","동구","학운동","OK","E:\mong-lounge-site\massage\other\gwangju\dong-gu\광주-동구-출장마사지-동별-생활권-지역안내\index.html"
"광주광역시","광주광역시","북구","건국동","OK","E:\mong-lounge-site\massage\other\gwangju\buk-gu\광주-북구-출장마사지-동별-생활권-지역안내\index.html"
"광주광역시","광주광역시","북구","동림동","OK","E:\mong-lounge-site\massage\other\gwangju\buk-gu\광주-북구-출장마사지-동별-생활권-지역안내\index.html"
"광주광역시","광주광역시","북구","두암동","OK","E:\mong-lounge-site\massage\other\gwangju\buk-gu\광주-북구-출장마사지-동별-생활권-지역안내\index.html"
"광주광역시","광주광역시","북구","매곡동","OK","E:\mong-lounge-site\massage\other\gwangju\buk-gu\광주-북구-출장마사지-동별-생활권-지역안내\index.html"
"광주광역시","광주광역시","북구","문화동","OK","E:\mong-lounge-site\massage\other\gwangju\buk-gu\광주-북구-출장마사지-동별-생활권-지역안내\index.html"
"광주광역시","광주광역시","북구","문흥동","OK","E:\mong-lounge-site\massage\other\gwangju\buk-gu\광주-북구-출장마사지-동별-생활권-지역안내\index.html"
"광주광역시","광주광역시","북구","삼각동","OK","E:\mong-lounge-site\massage\other\gwangju\buk-gu\광주-북구-출장마사지-동별-생활권-지역안내\index.html"
"광주광역시","광주광역시","북구","석곡동","OK","E:\mong-lounge-site\massage\other\gwangju\buk-gu\광주-북구-출장마사지-동별-생활권-지역안내\index.html"
"광주광역시","광주광역시","북구","신안동","OK","E:\mong-lounge-site\massage\other\gwangju\buk-gu\광주-북구-출장마사지-동별-생활권-지역안내\index.html"
"광주광역시","광주광역시","북구","신용동","OK","E:\mong-lounge-site\massage\other\gwangju\buk-gu\광주-북구-출장마사지-동별-생활권-지역안내\index.html"
"광주광역시","광주광역시","북구","양산동","OK","E:\mong-lounge-site\massage\other\gwangju\buk-gu\광주-북구-출장마사지-동별-생활권-지역안내\index.html"
"광주광역시","광주광역시","북구","오치동","OK","E:\mong-lounge-site\massage\other\gwangju\buk-gu\광주-북구-출장마사지-동별-생활권-지역안내\index.html"
"광주광역시","광주광역시","북구","용봉동","OK","E:\mong-lounge-site\massage\other\gwangju\buk-gu\광주-북구-출장마사지-동별-생활권-지역안내\index.html"
"광주광역시","광주광역시","북구","우산동","OK","E:\mong-lounge-site\massage\other\gwangju\buk-gu\광주-북구-출장마사지-동별-생활권-지역안내\index.html"
"광주광역시","광주광역시","북구","운암동","OK","E:\mong-lounge-site\massage\other\gwangju\buk-gu\광주-북구-출장마사지-동별-생활권-지역안내\index.html"
"광주광역시","광주광역시","북구","일곡동","OK","E:\mong-lounge-site\massage\other\gwangju\buk-gu\광주-북구-출장마사지-동별-생활권-지역안내\index.html"
"광주광역시","광주광역시","북구","임동","OK","E:\mong-lounge-site\massage\other\gwangju\buk-gu\광주-북구-출장마사지-동별-생활권-지역안내\index.html"
"광주광역시","광주광역시","북구","중앙동","OK","E:\mong-lounge-site\massage\other\gwangju\buk-gu\광주-북구-출장마사지-동별-생활권-지역안내\index.html"
"광주광역시","광주광역시","북구","중흥동","OK","E:\mong-lounge-site\massage\other\gwangju\buk-gu\광주-북구-출장마사지-동별-생활권-지역안내\index.html"
"광주광역시","광주광역시","북구","풍향동","OK","E:\mong-lounge-site\massage\other\gwangju\buk-gu\광주-북구-출장마사지-동별-생활권-지역안내\index.html"
"광주광역시","광주광역시","서구","광천동","OK","E:\mong-lounge-site\massage\other\gwangju\seo-gu\광주-서구-출장마사지-동별-생활권-지역안내\index.html"
"광주광역시","광주광역시","서구","금호동","OK","E:\mong-lounge-site\massage\other\gwangju\seo-gu\광주-서구-출장마사지-동별-생활권-지역안내\index.html"
"광주광역시","광주광역시","서구","농성동","OK","E:\mong-lounge-site\massage\other\gwangju\seo-gu\광주-서구-출장마사지-동별-생활권-지역안내\index.html"
"광주광역시","광주광역시","서구","동천동","OK","E:\mong-lounge-site\massage\other\gwangju\seo-gu\광주-서구-출장마사지-동별-생활권-지역안내\index.html"
"광주광역시","광주광역시","서구","상무동","OK","E:\mong-lounge-site\massage\other\gwangju\seo-gu\광주-서구-출장마사지-동별-생활권-지역안내\index.html"
"광주광역시","광주광역시","서구","서창동","OK","E:\mong-lounge-site\massage\other\gwangju\seo-gu\광주-서구-출장마사지-동별-생활권-지역안내\index.html"
"광주광역시","광주광역시","서구","양동","OK","E:\mong-lounge-site\massage\other\gwangju\seo-gu\광주-서구-출장마사지-동별-생활권-지역안내\index.html"
"광주광역시","광주광역시","서구","유덕동","OK","E:\mong-lounge-site\massage\other\gwangju\seo-gu\광주-서구-출장마사지-동별-생활권-지역안내\index.html"
"광주광역시","광주광역시","서구","치평동","OK","E:\mong-lounge-site\massage\other\gwangju\seo-gu\광주-서구-출장마사지-동별-생활권-지역안내\index.html"
"광주광역시","광주광역시","서구","풍암동","OK","E:\mong-lounge-site\massage\other\gwangju\seo-gu\광주-서구-출장마사지-동별-생활권-지역안내\index.html"
"광주광역시","광주광역시","서구","화정동","OK","E:\mong-lounge-site\massage\other\gwangju\seo-gu\광주-서구-출장마사지-동별-생활권-지역안내\index.html"
"대구","대구","달성군","가창면","OK","E:\mong-lounge-site\massage\other\daegu\dalseong-gun\대구-달성군-출장마사지-읍면-생활권-지역안내\index.html"
"대구","대구","달서구","감삼동","OK","E:\mong-lounge-site\massage\other\daegu\dalseo-gu\대구-달서구-출장마사지-동별-생활권-지역안내\index.html"
"대구","대구","북구","검단동","OK","E:\mong-lounge-site\massage\other\daegu\buk-gu\대구-북구-출장마사지-동별-생활권-지역안내\index.html"
"대구","대구","수성구","고산동","OK","E:\mong-lounge-site\massage\other\daegu\suseong-gu\대구-수성구-출장마사지-동별-생활권-지역안내\index.html"
"대구","대구","북구","고성동","OK","E:\mong-lounge-site\massage\other\daegu\buk-gu\대구-북구-출장마사지-동별-생활권-지역안내\index.html"
"대구","대구","동구","공산동","OK","E:\mong-lounge-site\massage\other\daegu\dong-gu\대구-동구-출장마사지-동별-생활권-지역안내\index.html"
"대구","대구","북구","관문동","OK","E:\mong-lounge-site\massage\other\daegu\buk-gu\대구-북구-출장마사지-동별-생활권-지역안내\index.html"
"대구","대구","북구","관음동","OK","E:\mong-lounge-site\massage\other\daegu\buk-gu\대구-북구-출장마사지-동별-생활권-지역안내\index.html"
"대구","대구","북구","구암동","OK","E:\mong-lounge-site\massage\other\daegu\buk-gu\대구-북구-출장마사지-동별-생활권-지역안내\index.html"
"대구","대구","달성군","구지면","OK","E:\mong-lounge-site\massage\other\daegu\dalseong-gun\대구-달성군-출장마사지-읍면-생활권-지역안내\index.html"
"대구","대구","북구","국우동","OK","E:\mong-lounge-site\massage\other\daegu\buk-gu\대구-북구-출장마사지-동별-생활권-지역안내\index.html"
"대구","대구","군위군","군위읍","OK","E:\mong-lounge-site\massage\other\daegu\gunwi-gun\대구-군위군-출장마사지-읍면-생활권-지역안내\index.html"
"대구","대구","중구","남산동","OK","E:\mong-lounge-site\massage\other\daegu\jung-gu\대구-중구-출장마사지-동별-생활권-지역안내\index.html"
"대구","대구","서구","내당2.3동","OK","E:\mong-lounge-site\massage\other\daegu\seo-gu\대구-서구-출장마사지-동별-생활권-지역안내\index.html"
"대구","대구","서구","내당동","OK","E:\mong-lounge-site\massage\other\daegu\seo-gu\대구-서구-출장마사지-동별-생활권-지역안내\index.html"
"대구","대구","북구","노원동","OK","E:\mong-lounge-site\massage\other\daegu\buk-gu\대구-북구-출장마사지-동별-생활권-지역안내\index.html"
"대구","대구","달성군","논공읍","OK","E:\mong-lounge-site\massage\other\daegu\dalseong-gun\대구-달성군-출장마사지-읍면-생활권-지역안내\index.html"
"대구","대구","달성군","다사읍","OK","E:\mong-lounge-site\massage\other\daegu\dalseong-gun\대구-달성군-출장마사지-읍면-생활권-지역안내\index.html"
"대구","대구","남구","대명동","OK","E:\mong-lounge-site\massage\other\daegu\nam-gu\대구-남구-출장마사지-동별-생활권-지역안내\index.html"
"대구","대구","중구","대봉동","OK","E:\mong-lounge-site\massage\other\daegu\jung-gu\대구-중구-출장마사지-동별-생활권-지역안내\index.html"
"대구","대구","중구","대신동","OK","E:\mong-lounge-site\massage\other\daegu\jung-gu\대구-중구-출장마사지-동별-생활권-지역안내\index.html"
"대구","대구","북구","대현동","OK","E:\mong-lounge-site\massage\other\daegu\buk-gu\대구-북구-출장마사지-동별-생활권-지역안내\index.html"
"대구","대구","달서구","도원동","OK","E:\mong-lounge-site\massage\other\daegu\dalseo-gu\대구-달서구-출장마사지-동별-생활권-지역안내\index.html"
"대구","대구","동구","도평동","OK","E:\mong-lounge-site\massage\other\daegu\dong-gu\대구-동구-출장마사지-동별-생활권-지역안내\index.html"
"대구","대구","중구","동인동","OK","E:\mong-lounge-site\massage\other\daegu\jung-gu\대구-중구-출장마사지-동별-생활권-지역안내\index.html"
"대구","대구","북구","동천동","OK","E:\mong-lounge-site\massage\other\daegu\buk-gu\대구-북구-출장마사지-동별-생활권-지역안내\index.html"
"대구","대구","동구","동촌동","OK","E:\mong-lounge-site\massage\other\daegu\dong-gu\대구-동구-출장마사지-동별-생활권-지역안내\index.html"
"대구","대구","달서구","두류1.2동","OK","E:\mong-lounge-site\massage\other\daegu\dalseo-gu\대구-달서구-출장마사지-동별-생활권-지역안내\index.html"
"대구","대구","달서구","두류동","OK","E:\mong-lounge-site\massage\other\daegu\dalseo-gu\대구-달서구-출장마사지-동별-생활권-지역안내\index.html"
"대구","대구","수성구","두산동","OK","E:\mong-lounge-site\massage\other\daegu\suseong-gu\대구-수성구-출장마사지-동별-생활권-지역안내\index.html"
"대구","대구","수성구","만촌동","OK","E:\mong-lounge-site\massage\other\daegu\suseong-gu\대구-수성구-출장마사지-동별-생활권-지역안내\index.html"
"대구","대구","북구","무태조야동","OK","E:\mong-lounge-site\massage\other\daegu\buk-gu\대구-북구-출장마사지-동별-생활권-지역안내\index.html"
"대구","대구","동구","방촌동","OK","E:\mong-lounge-site\massage\other\daegu\dong-gu\대구-동구-출장마사지-동별-생활권-지역안내\index.html"
"대구","대구","수성구","범물동","OK","E:\mong-lounge-site\massage\other\daegu\suseong-gu\대구-수성구-출장마사지-동별-생활권-지역안내\index.html"
"대구","대구","수성구","범어동","OK","E:\mong-lounge-site\massage\other\daegu\suseong-gu\대구-수성구-출장마사지-동별-생활권-지역안내\index.html"
"대구","대구","북구","복현동","OK","E:\mong-lounge-site\massage\other\daegu\buk-gu\대구-북구-출장마사지-동별-생활권-지역안내\index.html"
"대구","대구","달서구","본동","OK","E:\mong-lounge-site\massage\other\daegu\dalseo-gu\대구-달서구-출장마사지-동별-생활권-지역안내\index.html"
"대구","대구","달서구","본리동","OK","E:\mong-lounge-site\massage\other\daegu\dalseo-gu\대구-달서구-출장마사지-동별-생활권-지역안내\index.html"
"대구","대구","남구","봉덕동","OK","E:\mong-lounge-site\massage\other\daegu\nam-gu\대구-남구-출장마사지-동별-생활권-지역안내\index.html"
"대구","대구","군위군","부계면","OK","E:\mong-lounge-site\massage\other\daegu\gunwi-gun\대구-군위군-출장마사지-읍면-생활권-지역안내\index.html"
"대구","대구","동구","불로.봉무동","OK","E:\mong-lounge-site\massage\other\daegu\dong-gu\대구-동구-출장마사지-동별-생활권-지역안내\index.html"
"대구","대구","서구","비산2.3동","OK","E:\mong-lounge-site\massage\other\daegu\seo-gu\대구-서구-출장마사지-동별-생활권-지역안내\index.html"
"대구","대구","서구","비산동","OK","E:\mong-lounge-site\massage\other\daegu\seo-gu\대구-서구-출장마사지-동별-생활권-지역안내\index.html"
"대구","대구","북구","산격동","OK","E:\mong-lounge-site\massage\other\daegu\buk-gu\대구-북구-출장마사지-동별-생활권-지역안내\index.html"
"대구","대구","군위군","산성면","OK","E:\mong-lounge-site\massage\other\daegu\gunwi-gun\대구-군위군-출장마사지-읍면-생활권-지역안내\index.html"
"대구","대구","군위군","삼국유사면","OK","E:\mong-lounge-site\massage\other\daegu\gunwi-gun\대구-군위군-출장마사지-읍면-생활권-지역안내\index.html"
"대구","대구","중구","삼덕동","OK","E:\mong-lounge-site\massage\other\daegu\jung-gu\대구-중구-출장마사지-동별-생활권-지역안내\index.html"
"대구","대구","수성구","상동","OK","E:\mong-lounge-site\massage\other\daegu\suseong-gu\대구-수성구-출장마사지-동별-생활권-지역안내\index.html"
"대구","대구","달서구","상인동","OK","E:\mong-lounge-site\massage\other\daegu\dalseo-gu\대구-달서구-출장마사지-동별-생활권-지역안내\index.html"
"대구","대구","서구","상중이동","OK","E:\mong-lounge-site\massage\other\daegu\seo-gu\대구-서구-출장마사지-동별-생활권-지역안내\index.html"
"대구","대구","중구","성내동","OK","E:\mong-lounge-site\massage\other\daegu\jung-gu\대구-중구-출장마사지-동별-생활권-지역안내\index.html"
"대구","대구","달서구","성당동","OK","E:\mong-lounge-site\massage\other\daegu\dalseo-gu\대구-달서구-출장마사지-동별-생활권-지역안내\index.html"
"대구","대구","군위군","소보면","OK","E:\mong-lounge-site\massage\other\daegu\gunwi-gun\대구-군위군-출장마사지-읍면-생활권-지역안내\index.html"
"대구","대구","달서구","송현동","OK","E:\mong-lounge-site\massage\other\daegu\dalseo-gu\대구-달서구-출장마사지-동별-생활권-지역안내\index.html"
"대구","대구","수성구","수성1가동","OK","E:\mong-lounge-site\massage\other\daegu\suseong-gu\대구-수성구-출장마사지-동별-생활권-지역안내\index.html"
"대구","대구","수성구","수성2.3가동","OK","E:\mong-lounge-site\massage\other\daegu\suseong-gu\대구-수성구-출장마사지-동별-생활권-지역안내\index.html"
"대구","대구","수성구","수성4가동","OK","E:\mong-lounge-site\massage\other\daegu\suseong-gu\대구-수성구-출장마사지-동별-생활권-지역안내\index.html"
"대구","대구","달서구","신당동","OK","E:\mong-lounge-site\massage\other\daegu\dalseo-gu\대구-달서구-출장마사지-동별-생활권-지역안내\index.html"
"대구","대구","동구","신암동","OK","E:\mong-lounge-site\massage\other\daegu\dong-gu\대구-동구-출장마사지-동별-생활권-지역안내\index.html"
"대구","대구","동구","신천1.2동","OK","E:\mong-lounge-site\massage\other\daegu\dong-gu\대구-동구-출장마사지-동별-생활권-지역안내\index.html"
"대구","대구","동구","신천동","OK","E:\mong-lounge-site\massage\other\daegu\dong-gu\대구-동구-출장마사지-동별-생활권-지역안내\index.html"
"대구","대구","동구","안심동","OK","E:\mong-lounge-site\massage\other\daegu\dong-gu\대구-동구-출장마사지-동별-생활권-지역안내\index.html"
"대구","대구","달성군","옥포읍","OK","E:\mong-lounge-site\massage\other\daegu\dalseong-gun\대구-달성군-출장마사지-읍면-생활권-지역안내\index.html"
"대구","대구","달서구","용산동","OK","E:\mong-lounge-site\massage\other\daegu\dalseo-gu\대구-달서구-출장마사지-동별-생활권-지역안내\index.html"
"대구","대구","군위군","우보면","OK","E:\mong-lounge-site\massage\other\daegu\gunwi-gun\대구-군위군-출장마사지-읍면-생활권-지역안내\index.html"
"대구","대구","서구","원대동","OK","E:\mong-lounge-site\massage\other\daegu\seo-gu\대구-서구-출장마사지-동별-생활권-지역안내\index.html"
"대구","대구","달서구","월성동","OK","E:\mong-lounge-site\massage\other\daegu\dalseo-gu\대구-달서구-출장마사지-동별-생활권-지역안내\index.html"
"대구","대구","달성군","유가읍","OK","E:\mong-lounge-site\massage\other\daegu\dalseong-gun\대구-달성군-출장마사지-읍면-생활권-지역안내\index.html"
"대구","대구","달서구","유천동","OK","E:\mong-lounge-site\massage\other\daegu\dalseo-gu\대구-달서구-출장마사지-동별-생활권-지역안내\index.html"
"대구","대구","북구","읍내동","OK","E:\mong-lounge-site\massage\other\daegu\buk-gu\대구-북구-출장마사지-동별-생활권-지역안내\index.html"
"대구","대구","군위군","의흥면","OK","E:\mong-lounge-site\massage\other\daegu\gunwi-gun\대구-군위군-출장마사지-읍면-생활권-지역안내\index.html"
"대구","대구","달서구","이곡동","OK","E:\mong-lounge-site\massage\other\daegu\dalseo-gu\대구-달서구-출장마사지-동별-생활권-지역안내\index.html"
"대구","대구","남구","이천동","OK","E:\mong-lounge-site\massage\other\daegu\nam-gu\대구-남구-출장마사지-동별-생활권-지역안내\index.html"
"대구","대구","달서구","장기동","OK","E:\mong-lounge-site\massage\other\daegu\dalseo-gu\대구-달서구-출장마사지-동별-생활권-지역안내\index.html"
"대구","대구","달서구","죽전동","OK","E:\mong-lounge-site\massage\other\daegu\dalseo-gu\대구-달서구-출장마사지-동별-생활권-지역안내\index.html"
"대구","대구","수성구","중동","OK","E:\mong-lounge-site\massage\other\daegu\suseong-gu\대구-수성구-출장마사지-동별-생활권-지역안내\index.html"
"대구","대구","수성구","지산동","OK","E:\mong-lounge-site\massage\other\daegu\suseong-gu\대구-수성구-출장마사지-동별-생활권-지역안내\index.html"
"대구","대구","동구","지저동","OK","E:\mong-lounge-site\massage\other\daegu\dong-gu\대구-동구-출장마사지-동별-생활권-지역안내\index.html"
"대구","대구","달서구","진천동","OK","E:\mong-lounge-site\massage\other\daegu\dalseo-gu\대구-달서구-출장마사지-동별-생활권-지역안내\index.html"
"대구","대구","북구","칠성동","OK","E:\mong-lounge-site\massage\other\daegu\buk-gu\대구-북구-출장마사지-동별-생활권-지역안내\index.html"
"대구","대구","북구","침산동","OK","E:\mong-lounge-site\massage\other\daegu\buk-gu\대구-북구-출장마사지-동별-생활권-지역안내\index.html"
"대구","대구","북구","태전동","OK","E:\mong-lounge-site\massage\other\daegu\buk-gu\대구-북구-출장마사지-동별-생활권-지역안내\index.html"
"대구","대구","수성구","파동","OK","E:\mong-lounge-site\massage\other\daegu\suseong-gu\대구-수성구-출장마사지-동별-생활권-지역안내\index.html"
"대구","대구","서구","평리동","OK","E:\mong-lounge-site\massage\other\daegu\seo-gu\대구-서구-출장마사지-동별-생활권-지역안내\index.html"
"대구","대구","달성군","하빈면","OK","E:\mong-lounge-site\massage\other\daegu\dalseong-gun\대구-달성군-출장마사지-읍면-생활권-지역안내\index.html"
"대구","대구","동구","해안동","OK","E:\mong-lounge-site\massage\other\daegu\dong-gu\대구-동구-출장마사지-동별-생활권-지역안내\index.html"
"대구","대구","동구","혁신동","OK","E:\mong-lounge-site\massage\other\daegu\dong-gu\대구-동구-출장마사지-동별-생활권-지역안내\index.html"
"대구","대구","달성군","현풍읍","OK","E:\mong-lounge-site\massage\other\daegu\dalseong-gun\대구-달성군-출장마사지-읍면-생활권-지역안내\index.html"
"대구","대구","달성군","화원읍","OK","E:\mong-lounge-site\massage\other\daegu\dalseong-gun\대구-달성군-출장마사지-읍면-생활권-지역안내\index.html"
"대구","대구","수성구","황금동","OK","E:\mong-lounge-site\massage\other\daegu\suseong-gu\대구-수성구-출장마사지-동별-생활권-지역안내\index.html"
"대구","대구","군위군","효령면","OK","E:\mong-lounge-site\massage\other\daegu\gunwi-gun\대구-군위군-출장마사지-읍면-생활권-지역안내\index.html"
"대구","대구","동구","효목동","OK","E:\mong-lounge-site\massage\other\daegu\dong-gu\대구-동구-출장마사지-동별-생활권-지역안내\index.html"
"대전","대전","대덕구","대화동","OK","E:\mong-lounge-site\massage\other\daejeon\daedeok-gu\대전-대덕구-출장마사지-동별-생활권-지역안내\index.html"
"대전","대전","대덕구","덕암동","OK","E:\mong-lounge-site\massage\other\daejeon\daedeok-gu\대전-대덕구-출장마사지-동별-생활권-지역안내\index.html"
"대전","대전","대덕구","목상동","OK","E:\mong-lounge-site\massage\other\daejeon\daedeok-gu\대전-대덕구-출장마사지-동별-생활권-지역안내\index.html"
"대전","대전","대덕구","법동","OK","E:\mong-lounge-site\massage\other\daejeon\daedeok-gu\대전-대덕구-출장마사지-동별-생활권-지역안내\index.html"
"대전","대전","대덕구","비래동","OK","E:\mong-lounge-site\massage\other\daejeon\daedeok-gu\대전-대덕구-출장마사지-동별-생활권-지역안내\index.html"
"대전","대전","대덕구","석봉동","OK","E:\mong-lounge-site\massage\other\daejeon\daedeok-gu\대전-대덕구-출장마사지-동별-생활권-지역안내\index.html"
"대전","대전","대덕구","송촌동","OK","E:\mong-lounge-site\massage\other\daejeon\daedeok-gu\대전-대덕구-출장마사지-동별-생활권-지역안내\index.html"
"대전","대전","대덕구","신탄진동","OK","E:\mong-lounge-site\massage\other\daejeon\daedeok-gu\대전-대덕구-출장마사지-동별-생활권-지역안내\index.html"
"대전","대전","대덕구","오정동","OK","E:\mong-lounge-site\massage\other\daejeon\daedeok-gu\대전-대덕구-출장마사지-동별-생활권-지역안내\index.html"
"대전","대전","대덕구","중리동","OK","E:\mong-lounge-site\massage\other\daejeon\daedeok-gu\대전-대덕구-출장마사지-동별-생활권-지역안내\index.html"
"대전","대전","대덕구","회덕동","OK","E:\mong-lounge-site\massage\other\daejeon\daedeok-gu\대전-대덕구-출장마사지-동별-생활권-지역안내\index.html"
"대전","대전","동구","가양동","OK","E:\mong-lounge-site\massage\other\daejeon\dong-gu\대전-동구-출장마사지-동별-생활권-지역안내\index.html"
"대전","대전","동구","대동","OK","E:\mong-lounge-site\massage\other\daejeon\dong-gu\대전-동구-출장마사지-동별-생활권-지역안내\index.html"
"대전","대전","동구","대청동","OK","E:\mong-lounge-site\massage\other\daejeon\dong-gu\대전-동구-출장마사지-동별-생활권-지역안내\index.html"
"대전","대전","동구","산내동","OK","E:\mong-lounge-site\massage\other\daejeon\dong-gu\대전-동구-출장마사지-동별-생활권-지역안내\index.html"
"대전","대전","동구","삼성동","OK","E:\mong-lounge-site\massage\other\daejeon\dong-gu\대전-동구-출장마사지-동별-생활권-지역안내\index.html"
"대전","대전","동구","성남동","OK","E:\mong-lounge-site\massage\other\daejeon\dong-gu\대전-동구-출장마사지-동별-생활권-지역안내\index.html"
"대전","대전","동구","신인동","OK","E:\mong-lounge-site\massage\other\daejeon\dong-gu\대전-동구-출장마사지-동별-생활권-지역안내\index.html"
"대전","대전","동구","용운동","OK","E:\mong-lounge-site\massage\other\daejeon\dong-gu\대전-동구-출장마사지-동별-생활권-지역안내\index.html"
"대전","대전","동구","용전동","OK","E:\mong-lounge-site\massage\other\daejeon\dong-gu\대전-동구-출장마사지-동별-생활권-지역안내\index.html"
"대전","대전","동구","자양동","OK","E:\mong-lounge-site\massage\other\daejeon\dong-gu\대전-동구-출장마사지-동별-생활권-지역안내\index.html"
"대전","대전","동구","중앙동","OK","E:\mong-lounge-site\massage\other\daejeon\dong-gu\대전-동구-출장마사지-동별-생활권-지역안내\index.html"
"대전","대전","동구","판암동","OK","E:\mong-lounge-site\massage\other\daejeon\dong-gu\대전-동구-출장마사지-동별-생활권-지역안내\index.html"
"대전","대전","동구","홍도동","OK","E:\mong-lounge-site\massage\other\daejeon\dong-gu\대전-동구-출장마사지-동별-생활권-지역안내\index.html"
"대전","대전","동구","효동","OK","E:\mong-lounge-site\massage\other\daejeon\dong-gu\대전-동구-출장마사지-동별-생활권-지역안내\index.html"
"대전","대전","서구","가수원동","OK","E:\mong-lounge-site\massage\other\daejeon\seo-gu\대전-서구-출장마사지-동별-생활권-지역안내\index.html"
"대전","대전","서구","가장동","OK","E:\mong-lounge-site\massage\other\daejeon\seo-gu\대전-서구-출장마사지-동별-생활권-지역안내\index.html"
"대전","대전","서구","갈마동","OK","E:\mong-lounge-site\massage\other\daejeon\seo-gu\대전-서구-출장마사지-동별-생활권-지역안내\index.html"
"대전","대전","서구","관저동","OK","E:\mong-lounge-site\massage\other\daejeon\seo-gu\대전-서구-출장마사지-동별-생활권-지역안내\index.html"
"대전","대전","서구","괴정동","OK","E:\mong-lounge-site\massage\other\daejeon\seo-gu\대전-서구-출장마사지-동별-생활권-지역안내\index.html"
"대전","대전","서구","기성동","OK","E:\mong-lounge-site\massage\other\daejeon\seo-gu\대전-서구-출장마사지-동별-생활권-지역안내\index.html"
"대전","대전","서구","내동","OK","E:\mong-lounge-site\massage\other\daejeon\seo-gu\대전-서구-출장마사지-동별-생활권-지역안내\index.html"
"대전","대전","서구","도마동","OK","E:\mong-lounge-site\massage\other\daejeon\seo-gu\대전-서구-출장마사지-동별-생활권-지역안내\index.html"
"대전","대전","서구","도안동","OK","E:\mong-lounge-site\massage\other\daejeon\seo-gu\대전-서구-출장마사지-동별-생활권-지역안내\index.html"
"대전","대전","서구","둔산동","OK","E:\mong-lounge-site\massage\other\daejeon\seo-gu\대전-서구-출장마사지-동별-생활권-지역안내\index.html"
"대전","대전","서구","만년동","OK","E:\mong-lounge-site\massage\other\daejeon\seo-gu\대전-서구-출장마사지-동별-생활권-지역안내\index.html"
"대전","대전","서구","변동","OK","E:\mong-lounge-site\massage\other\daejeon\seo-gu\대전-서구-출장마사지-동별-생활권-지역안내\index.html"
"대전","대전","서구","복수동","OK","E:\mong-lounge-site\massage\other\daejeon\seo-gu\대전-서구-출장마사지-동별-생활권-지역안내\index.html"
"대전","대전","서구","용문동","OK","E:\mong-lounge-site\massage\other\daejeon\seo-gu\대전-서구-출장마사지-동별-생활권-지역안내\index.html"
"대전","대전","서구","월평동","OK","E:\mong-lounge-site\massage\other\daejeon\seo-gu\대전-서구-출장마사지-동별-생활권-지역안내\index.html"
"대전","대전","서구","정림동","OK","E:\mong-lounge-site\massage\other\daejeon\seo-gu\대전-서구-출장마사지-동별-생활권-지역안내\index.html"
"대전","대전","서구","탄방동","OK","E:\mong-lounge-site\massage\other\daejeon\seo-gu\대전-서구-출장마사지-동별-생활권-지역안내\index.html"
"대전","대전","유성구","관평동","OK","E:\mong-lounge-site\massage\other\daejeon\yuseong-gu\대전-유성구-출장마사지-동별-생활권-지역안내\index.html"
"대전","대전","유성구","구즉동","OK","E:\mong-lounge-site\massage\other\daejeon\yuseong-gu\대전-유성구-출장마사지-동별-생활권-지역안내\index.html"
"대전","대전","유성구","노은동","OK","E:\mong-lounge-site\massage\other\daejeon\yuseong-gu\대전-유성구-출장마사지-동별-생활권-지역안내\index.html"
"대전","대전","유성구","상대동","OK","E:\mong-lounge-site\massage\other\daejeon\yuseong-gu\대전-유성구-출장마사지-동별-생활권-지역안내\index.html"
"대전","대전","유성구","신성동","OK","E:\mong-lounge-site\massage\other\daejeon\yuseong-gu\대전-유성구-출장마사지-동별-생활권-지역안내\index.html"
"대전","대전","유성구","온천동","OK","E:\mong-lounge-site\massage\other\daejeon\yuseong-gu\대전-유성구-출장마사지-동별-생활권-지역안내\index.html"
"대전","대전","유성구","원신흥동","OK","E:\mong-lounge-site\massage\other\daejeon\yuseong-gu\대전-유성구-출장마사지-동별-생활권-지역안내\index.html"
"대전","대전","유성구","전민동","OK","E:\mong-lounge-site\massage\other\daejeon\yuseong-gu\대전-유성구-출장마사지-동별-생활권-지역안내\index.html"
"대전","대전","유성구","진잠동","OK","E:\mong-lounge-site\massage\other\daejeon\yuseong-gu\대전-유성구-출장마사지-동별-생활권-지역안내\index.html"
"대전","대전","유성구","학하동","OK","E:\mong-lounge-site\massage\other\daejeon\yuseong-gu\대전-유성구-출장마사지-동별-생활권-지역안내\index.html"
"대전","대전","중구","대사동","OK","E:\mong-lounge-site\massage\other\daejeon\jung-gu\대전-중구-출장마사지-동별-생활권-지역안내\index.html"
"대전","대전","중구","대흥동","OK","E:\mong-lounge-site\massage\other\daejeon\jung-gu\대전-중구-출장마사지-동별-생활권-지역안내\index.html"
"대전","대전","중구","목동","OK","E:\mong-lounge-site\massage\other\daejeon\jung-gu\대전-중구-출장마사지-동별-생활권-지역안내\index.html"
"대전","대전","중구","문창동","OK","E:\mong-lounge-site\massage\other\daejeon\jung-gu\대전-중구-출장마사지-동별-생활권-지역안내\index.html"
"대전","대전","중구","문화동","OK","E:\mong-lounge-site\massage\other\daejeon\jung-gu\대전-중구-출장마사지-동별-생활권-지역안내\index.html"
"대전","대전","중구","부사동","OK","E:\mong-lounge-site\massage\other\daejeon\jung-gu\대전-중구-출장마사지-동별-생활권-지역안내\index.html"
"대전","대전","중구","산성동","OK","E:\mong-lounge-site\massage\other\daejeon\jung-gu\대전-중구-출장마사지-동별-생활권-지역안내\index.html"
"대전","대전","중구","석교동","OK","E:\mong-lounge-site\massage\other\daejeon\jung-gu\대전-중구-출장마사지-동별-생활권-지역안내\index.html"
"대전","대전","중구","오류동","OK","E:\mong-lounge-site\massage\other\daejeon\jung-gu\대전-중구-출장마사지-동별-생활권-지역안내\index.html"
"대전","대전","중구","용두동","OK","E:\mong-lounge-site\massage\other\daejeon\jung-gu\대전-중구-출장마사지-동별-생활권-지역안내\index.html"
"대전","대전","중구","유천동","OK","E:\mong-lounge-site\massage\other\daejeon\jung-gu\대전-중구-출장마사지-동별-생활권-지역안내\index.html"
"대전","대전","중구","은행선화동","OK","E:\mong-lounge-site\massage\other\daejeon\jung-gu\대전-중구-출장마사지-동별-생활권-지역안내\index.html"
"대전","대전","중구","중촌동","OK","E:\mong-lounge-site\massage\other\daejeon\jung-gu\대전-중구-출장마사지-동별-생활권-지역안내\index.html"
"대전","대전","중구","태평동","OK","E:\mong-lounge-site\massage\other\daejeon\jung-gu\대전-중구-출장마사지-동별-생활권-지역안내\index.html"
"전북","익산","익산","금마면","OK","E:\mong-lounge-site\massage\other\iksan\익산-지역-출장마사지-영등-모현-익산역-생활권-방문-홈케어\index.html"
"전북","익산","익산","남중동","OK","E:\mong-lounge-site\massage\other\iksan\익산-지역-출장마사지-영등-모현-익산역-생활권-방문-홈케어\index.html"
"전북","익산","익산","낭산면","OK","E:\mong-lounge-site\massage\other\iksan\익산-지역-출장마사지-영등-모현-익산역-생활권-방문-홈케어\index.html"
"전북","익산","익산","동산동","OK","E:\mong-lounge-site\massage\other\iksan\익산-지역-출장마사지-영등-모현-익산역-생활권-방문-홈케어\index.html"
"전북","익산","익산","마동","OK","E:\mong-lounge-site\massage\other\iksan\익산-지역-출장마사지-영등-모현-익산역-생활권-방문-홈케어\index.html"
"전북","익산","익산","망성면","OK","E:\mong-lounge-site\massage\other\iksan\익산-지역-출장마사지-영등-모현-익산역-생활권-방문-홈케어\index.html"
"전북","익산","익산","모현동","OK","E:\mong-lounge-site\massage\other\iksan\익산-지역-출장마사지-영등-모현-익산역-생활권-방문-홈케어\index.html"
"전북","익산","익산","삼기면","OK","E:\mong-lounge-site\massage\other\iksan\익산-지역-출장마사지-영등-모현-익산역-생활권-방문-홈케어\index.html"
"전북","익산","익산","삼성동","OK","E:\mong-lounge-site\massage\other\iksan\익산-지역-출장마사지-영등-모현-익산역-생활권-방문-홈케어\index.html"
"전북","익산","익산","성당면","OK","E:\mong-lounge-site\massage\other\iksan\익산-지역-출장마사지-영등-모현-익산역-생활권-방문-홈케어\index.html"
"전북","익산","익산","송학동","OK","E:\mong-lounge-site\massage\other\iksan\익산-지역-출장마사지-영등-모현-익산역-생활권-방문-홈케어\index.html"
"전북","익산","익산","신동","OK","E:\mong-lounge-site\massage\other\iksan\익산-지역-출장마사지-영등-모현-익산역-생활권-방문-홈케어\index.html"
"전북","익산","익산","어양동","OK","E:\mong-lounge-site\massage\other\iksan\익산-지역-출장마사지-영등-모현-익산역-생활권-방문-홈케어\index.html"
"전북","익산","익산","여산면","OK","E:\mong-lounge-site\massage\other\iksan\익산-지역-출장마사지-영등-모현-익산역-생활권-방문-홈케어\index.html"
"전북","익산","익산","영등동","OK","E:\mong-lounge-site\massage\other\iksan\익산-지역-출장마사지-영등-모현-익산역-생활권-방문-홈케어\index.html"
"전북","익산","익산","오산면","OK","E:\mong-lounge-site\massage\other\iksan\익산-지역-출장마사지-영등-모현-익산역-생활권-방문-홈케어\index.html"
"전북","익산","익산","왕궁면","OK","E:\mong-lounge-site\massage\other\iksan\익산-지역-출장마사지-영등-모현-익산역-생활권-방문-홈케어\index.html"
"전북","익산","익산","용동면","OK","E:\mong-lounge-site\massage\other\iksan\익산-지역-출장마사지-영등-모현-익산역-생활권-방문-홈케어\index.html"
"전북","익산","익산","용안면","OK","E:\mong-lounge-site\massage\other\iksan\익산-지역-출장마사지-영등-모현-익산역-생활권-방문-홈케어\index.html"
"전북","익산","익산","웅포면","OK","E:\mong-lounge-site\massage\other\iksan\익산-지역-출장마사지-영등-모현-익산역-생활권-방문-홈케어\index.html"
"전북","익산","익산","인화동","OK","E:\mong-lounge-site\massage\other\iksan\익산-지역-출장마사지-영등-모현-익산역-생활권-방문-홈케어\index.html"
"전북","익산","익산","중앙동","OK","E:\mong-lounge-site\massage\other\iksan\익산-지역-출장마사지-영등-모현-익산역-생활권-방문-홈케어\index.html"
"전북","익산","익산","춘포면","OK","E:\mong-lounge-site\massage\other\iksan\익산-지역-출장마사지-영등-모현-익산역-생활권-방문-홈케어\index.html"
"전북","익산","익산","팔봉동","OK","E:\mong-lounge-site\massage\other\iksan\익산-지역-출장마사지-영등-모현-익산역-생활권-방문-홈케어\index.html"
"전북","익산","익산","평화동","OK","E:\mong-lounge-site\massage\other\iksan\익산-지역-출장마사지-영등-모현-익산역-생활권-방문-홈케어\index.html"
"전북","익산","익산","함라면","OK","E:\mong-lounge-site\massage\other\iksan\익산-지역-출장마사지-영등-모현-익산역-생활권-방문-홈케어\index.html"
"전북","익산","익산","함열읍","OK","E:\mong-lounge-site\massage\other\iksan\익산-지역-출장마사지-영등-모현-익산역-생활권-방문-홈케어\index.html"
"전북","익산","익산","황등면","OK","E:\mong-lounge-site\massage\other\iksan\익산-지역-출장마사지-영등-모현-익산역-생활권-방문-홈케어\index.html"
"전북","전주","덕진구","금암동","OK","E:\mong-lounge-site\massage\other\jeonju\deokjin-gu\전주-덕진구-출장마사지-동별-생활권-지역안내\index.html"
"전북","전주","덕진구","덕진동","OK","E:\mong-lounge-site\massage\other\jeonju\deokjin-gu\전주-덕진구-출장마사지-동별-생활권-지역안내\index.html"
"전북","전주","덕진구","송천동","OK","E:\mong-lounge-site\massage\other\jeonju\deokjin-gu\전주-덕진구-출장마사지-동별-생활권-지역안내\index.html"
"전북","전주","덕진구","여의동","OK","E:\mong-lounge-site\massage\other\jeonju\deokjin-gu\전주-덕진구-출장마사지-동별-생활권-지역안내\index.html"
"전북","전주","덕진구","우아동","OK","E:\mong-lounge-site\massage\other\jeonju\deokjin-gu\전주-덕진구-출장마사지-동별-생활권-지역안내\index.html"
"전북","전주","덕진구","인후동","OK","E:\mong-lounge-site\massage\other\jeonju\deokjin-gu\전주-덕진구-출장마사지-동별-생활권-지역안내\index.html"
"전북","전주","덕진구","조촌동","OK","E:\mong-lounge-site\massage\other\jeonju\deokjin-gu\전주-덕진구-출장마사지-동별-생활권-지역안내\index.html"
"전북","전주","덕진구","진북동","OK","E:\mong-lounge-site\massage\other\jeonju\deokjin-gu\전주-덕진구-출장마사지-동별-생활권-지역안내\index.html"
"전북","전주","덕진구","팔복동","OK","E:\mong-lounge-site\massage\other\jeonju\deokjin-gu\전주-덕진구-출장마사지-동별-생활권-지역안내\index.html"
"전북","전주","덕진구","혁신동","OK","E:\mong-lounge-site\massage\other\jeonju\deokjin-gu\전주-덕진구-출장마사지-동별-생활권-지역안내\index.html"
"전북","전주","덕진구","호성동","OK","E:\mong-lounge-site\massage\other\jeonju\deokjin-gu\전주-덕진구-출장마사지-동별-생활권-지역안내\index.html"
"전북","전주","완산구","노송동","OK","E:\mong-lounge-site\massage\other\jeonju\wansan-gu\전주-완산구-출장마사지-동별-생활권-지역안내\index.html"
"전북","전주","완산구","동서학동","OK","E:\mong-lounge-site\massage\other\jeonju\wansan-gu\전주-완산구-출장마사지-동별-생활권-지역안내\index.html"
"전북","전주","완산구","삼천동","OK","E:\mong-lounge-site\massage\other\jeonju\wansan-gu\전주-완산구-출장마사지-동별-생활권-지역안내\index.html"
"전북","전주","완산구","서서학동","OK","E:\mong-lounge-site\massage\other\jeonju\wansan-gu\전주-완산구-출장마사지-동별-생활권-지역안내\index.html"
"전북","전주","완산구","서신동","OK","E:\mong-lounge-site\massage\other\jeonju\wansan-gu\전주-완산구-출장마사지-동별-생활권-지역안내\index.html"
"전북","전주","완산구","완산동","OK","E:\mong-lounge-site\massage\other\jeonju\wansan-gu\전주-완산구-출장마사지-동별-생활권-지역안내\index.html"
"전북","전주","완산구","중앙동","OK","E:\mong-lounge-site\massage\other\jeonju\wansan-gu\전주-완산구-출장마사지-동별-생활권-지역안내\index.html"
"전북","전주","완산구","중화산동","OK","E:\mong-lounge-site\massage\other\jeonju\wansan-gu\전주-완산구-출장마사지-동별-생활권-지역안내\index.html"
"전북","전주","완산구","평화동","OK","E:\mong-lounge-site\massage\other\jeonju\wansan-gu\전주-완산구-출장마사지-동별-생활권-지역안내\index.html"
"전북","전주","완산구","풍남동","OK","E:\mong-lounge-site\massage\other\jeonju\wansan-gu\전주-완산구-출장마사지-동별-생활권-지역안내\index.html"
"전북","전주","완산구","효자동","OK","E:\mong-lounge-site\massage\other\jeonju\wansan-gu\전주-완산구-출장마사지-동별-생활권-지역안내\index.html"
"충남","계룡","계룡","금암동","OK","E:\mong-lounge-site\massage\other\gyeryong\계룡-지역-출장마사지-금암-엄사-계룡역-생활권-방문-홈케어\index.html"
"충남","계룡","계룡","두마면","OK","E:\mong-lounge-site\massage\other\gyeryong\계룡-지역-출장마사지-금암-엄사-계룡역-생활권-방문-홈케어\index.html"
"충남","계룡","계룡","신도안면","OK","E:\mong-lounge-site\massage\other\gyeryong\계룡-지역-출장마사지-금암-엄사-계룡역-생활권-방문-홈케어\index.html"
"충남","계룡","계룡","엄사면","OK","E:\mong-lounge-site\massage\other\gyeryong\계룡-지역-출장마사지-금암-엄사-계룡역-생활권-방문-홈케어\index.html"
"충남","공주","공주","계룡면","OK","E:\mong-lounge-site\massage\other\gongju\공주-지역-출장마사지-신관-공주역-금강-생활권-방문-홈케어\index.html"
"충남","공주","공주","금학동","OK","E:\mong-lounge-site\massage\other\gongju\공주-지역-출장마사지-신관-공주역-금강-생활권-방문-홈케어\index.html"
"충남","공주","공주","반포면","OK","E:\mong-lounge-site\massage\other\gongju\공주-지역-출장마사지-신관-공주역-금강-생활권-방문-홈케어\index.html"
"충남","공주","공주","사곡면","OK","E:\mong-lounge-site\massage\other\gongju\공주-지역-출장마사지-신관-공주역-금강-생활권-방문-홈케어\index.html"
"충남","공주","공주","신관동","OK","E:\mong-lounge-site\massage\other\gongju\공주-지역-출장마사지-신관-공주역-금강-생활권-방문-홈케어\index.html"
"충남","공주","공주","신풍면","OK","E:\mong-lounge-site\massage\other\gongju\공주-지역-출장마사지-신관-공주역-금강-생활권-방문-홈케어\index.html"
"충남","공주","공주","옥룡동","OK","E:\mong-lounge-site\massage\other\gongju\공주-지역-출장마사지-신관-공주역-금강-생활권-방문-홈케어\index.html"
"충남","공주","공주","우성면","OK","E:\mong-lounge-site\massage\other\gongju\공주-지역-출장마사지-신관-공주역-금강-생활권-방문-홈케어\index.html"
"충남","공주","공주","웅진동","OK","E:\mong-lounge-site\massage\other\gongju\공주-지역-출장마사지-신관-공주역-금강-생활권-방문-홈케어\index.html"
"충남","공주","공주","월송동","OK","E:\mong-lounge-site\massage\other\gongju\공주-지역-출장마사지-신관-공주역-금강-생활권-방문-홈케어\index.html"
"충남","공주","공주","유구읍","OK","E:\mong-lounge-site\massage\other\gongju\공주-지역-출장마사지-신관-공주역-금강-생활권-방문-홈케어\index.html"
"충남","공주","공주","의당면","OK","E:\mong-lounge-site\massage\other\gongju\공주-지역-출장마사지-신관-공주역-금강-생활권-방문-홈케어\index.html"
"충남","공주","공주","이인면","OK","E:\mong-lounge-site\massage\other\gongju\공주-지역-출장마사지-신관-공주역-금강-생활권-방문-홈케어\index.html"
"충남","공주","공주","정안면","OK","E:\mong-lounge-site\massage\other\gongju\공주-지역-출장마사지-신관-공주역-금강-생활권-방문-홈케어\index.html"
"충남","공주","공주","중학동","OK","E:\mong-lounge-site\massage\other\gongju\공주-지역-출장마사지-신관-공주역-금강-생활권-방문-홈케어\index.html"
"충남","공주","공주","탄천면","OK","E:\mong-lounge-site\massage\other\gongju\공주-지역-출장마사지-신관-공주역-금강-생활권-방문-홈케어\index.html"
"충북","청주","상당구","가덕면","OK","E:\mong-lounge-site\massage\other\cheongju\sangdang-gu\청주-상당구-출장마사지-동별-생활권-지역안내\index.html"
"충북","청주","상당구","금천동","OK","E:\mong-lounge-site\massage\other\cheongju\sangdang-gu\청주-상당구-출장마사지-동별-생활권-지역안내\index.html"
"충북","청주","상당구","남일면","OK","E:\mong-lounge-site\massage\other\cheongju\sangdang-gu\청주-상당구-출장마사지-동별-생활권-지역안내\index.html"
"충북","청주","상당구","낭성면","OK","E:\mong-lounge-site\massage\other\cheongju\sangdang-gu\청주-상당구-출장마사지-동별-생활권-지역안내\index.html"
"충북","청주","상당구","문의면","OK","E:\mong-lounge-site\massage\other\cheongju\sangdang-gu\청주-상당구-출장마사지-동별-생활권-지역안내\index.html"
"충북","청주","상당구","미원면","OK","E:\mong-lounge-site\massage\other\cheongju\sangdang-gu\청주-상당구-출장마사지-동별-생활권-지역안내\index.html"
"충북","청주","상당구","성안동","OK","E:\mong-lounge-site\massage\other\cheongju\sangdang-gu\청주-상당구-출장마사지-동별-생활권-지역안내\index.html"
"충북","청주","상당구","영운동","OK","E:\mong-lounge-site\massage\other\cheongju\sangdang-gu\청주-상당구-출장마사지-동별-생활권-지역안내\index.html"
"충북","청주","상당구","용담.명암.산성동","OK","E:\mong-lounge-site\massage\other\cheongju\sangdang-gu\청주-상당구-출장마사지-동별-생활권-지역안내\index.html"
"충북","청주","상당구","용암동","OK","E:\mong-lounge-site\massage\other\cheongju\sangdang-gu\청주-상당구-출장마사지-동별-생활권-지역안내\index.html"
"충북","청주","상당구","중앙동","OK","E:\mong-lounge-site\massage\other\cheongju\sangdang-gu\청주-상당구-출장마사지-동별-생활권-지역안내\index.html"
"충북","청주","상당구","탑대성동","OK","E:\mong-lounge-site\massage\other\cheongju\sangdang-gu\청주-상당구-출장마사지-동별-생활권-지역안내\index.html"
"충북","청주","서원구","남이면","OK","E:\mong-lounge-site\massage\other\cheongju\seowon-gu\청주-서원구-출장마사지-동별-생활권-지역안내\index.html"
"충북","청주","서원구","모충동","OK","E:\mong-lounge-site\massage\other\cheongju\seowon-gu\청주-서원구-출장마사지-동별-생활권-지역안내\index.html"
"충북","청주","서원구","분평동","OK","E:\mong-lounge-site\massage\other\cheongju\seowon-gu\청주-서원구-출장마사지-동별-생활권-지역안내\index.html"
"충북","청주","서원구","사직동","OK","E:\mong-lounge-site\massage\other\cheongju\seowon-gu\청주-서원구-출장마사지-동별-생활권-지역안내\index.html"
"충북","청주","서원구","사창동","OK","E:\mong-lounge-site\massage\other\cheongju\seowon-gu\청주-서원구-출장마사지-동별-생활권-지역안내\index.html"
"충북","청주","서원구","산남동","OK","E:\mong-lounge-site\massage\other\cheongju\seowon-gu\청주-서원구-출장마사지-동별-생활권-지역안내\index.html"
"충북","청주","서원구","성화.개신.죽림동","OK","E:\mong-lounge-site\massage\other\cheongju\seowon-gu\청주-서원구-출장마사지-동별-생활권-지역안내\index.html"
"충북","청주","서원구","수곡동","OK","E:\mong-lounge-site\massage\other\cheongju\seowon-gu\청주-서원구-출장마사지-동별-생활권-지역안내\index.html"
"충북","청주","서원구","현도면","OK","E:\mong-lounge-site\massage\other\cheongju\seowon-gu\청주-서원구-출장마사지-동별-생활권-지역안내\index.html"
"충북","청주","청원구","내덕동","OK","E:\mong-lounge-site\massage\other\cheongju\cheongwon-gu\청주-청원구-출장마사지-동별-생활권-지역안내\index.html"
"충북","청주","청원구","내수읍","OK","E:\mong-lounge-site\massage\other\cheongju\cheongwon-gu\청주-청원구-출장마사지-동별-생활권-지역안내\index.html"
"충북","청주","청원구","북이면","OK","E:\mong-lounge-site\massage\other\cheongju\cheongwon-gu\청주-청원구-출장마사지-동별-생활권-지역안내\index.html"
"충북","청주","청원구","오근장동","OK","E:\mong-lounge-site\massage\other\cheongju\cheongwon-gu\청주-청원구-출장마사지-동별-생활권-지역안내\index.html"
"충북","청주","청원구","오창읍","OK","E:\mong-lounge-site\massage\other\cheongju\cheongwon-gu\청주-청원구-출장마사지-동별-생활권-지역안내\index.html"
"충북","청주","청원구","우암동","OK","E:\mong-lounge-site\massage\other\cheongju\cheongwon-gu\청주-청원구-출장마사지-동별-생활권-지역안내\index.html"
"충북","청주","청원구","율량.사천동","OK","E:\mong-lounge-site\massage\other\cheongju\cheongwon-gu\청주-청원구-출장마사지-동별-생활권-지역안내\index.html"
"충북","청주","흥덕구","가경동","OK","E:\mong-lounge-site\massage\other\cheongju\heungdeok-gu\청주-흥덕구-출장마사지-동별-생활권-지역안내\index.html"
"충북","청주","흥덕구","강내면","OK","E:\mong-lounge-site\massage\other\cheongju\heungdeok-gu\청주-흥덕구-출장마사지-동별-생활권-지역안내\index.html"
"충북","청주","흥덕구","강서동","OK","E:\mong-lounge-site\massage\other\cheongju\heungdeok-gu\청주-흥덕구-출장마사지-동별-생활권-지역안내\index.html"
"충북","청주","흥덕구","복대동","OK","E:\mong-lounge-site\massage\other\cheongju\heungdeok-gu\청주-흥덕구-출장마사지-동별-생활권-지역안내\index.html"
"충북","청주","흥덕구","봉명2.송정동","OK","E:\mong-lounge-site\massage\other\cheongju\heungdeok-gu\청주-흥덕구-출장마사지-동별-생활권-지역안내\index.html"
"충북","청주","흥덕구","봉명동","OK","E:\mong-lounge-site\massage\other\cheongju\heungdeok-gu\청주-흥덕구-출장마사지-동별-생활권-지역안내\index.html"
"충북","청주","흥덕구","오송읍","OK","E:\mong-lounge-site\massage\other\cheongju\heungdeok-gu\청주-흥덕구-출장마사지-동별-생활권-지역안내\index.html"
"충북","청주","흥덕구","옥산면","OK","E:\mong-lounge-site\massage\other\cheongju\heungdeok-gu\청주-흥덕구-출장마사지-동별-생활권-지역안내\index.html"
"충북","청주","흥덕구","운천.신봉동","OK","E:\mong-lounge-site\massage\other\cheongju\heungdeok-gu\청주-흥덕구-출장마사지-동별-생활권-지역안내\index.html"
