"업체명","적용지역","광역지역","상위지역","하위지역"
"한국미인테라피","경기","경기","가평군","가평읍"
"한국미인테라피","경기","경기","가평군","북면"
"한국미인테라피","경기","경기","가평군","상면"
"한국미인테라피","경기","경기","가평군","설악면"
"한국미인테라피","경기","경기","가평군","조종면"
"한국미인테라피","경기","경기","가평군","청평면"
"한국미인테라피","경기","경기","고양시","일산동"
"한국미인테라피","경기","경기","고양시-덕양구","고양동"
"한국미인테라피","경기","경기","고양시-덕양구","관산동"
"한국미인테라피","경기","경기","고양시-덕양구","능곡동"
"한국미인테라피","경기","경기","고양시-덕양구","대덕동"
"한국미인테라피","경기","경기","고양시-덕양구","삼송동"
"한국미인테라피","경기","경기","고양시-덕양구","성사동"
"한국미인테라피","경기","경기","고양시-덕양구","원신동"
"한국미인테라피","경기","경기","고양시-덕양구","주교동"
"한국미인테라피","경기","경기","고양시-덕양구","창릉동"
"한국미인테라피","경기","경기","고양시-덕양구","행신동"
"한국미인테라피","경기","경기","고양시-덕양구","행주동"
"한국미인테라피","경기","경기","고양시-덕양구","화전동"
"한국미인테라피","경기","경기","고양시-덕양구","화정동"
"한국미인테라피","경기","경기","고양시-덕양구","효자동"
"한국미인테라피","경기","경기","고양시-덕양구","흥도동"
"한국미인테라피","경기","경기","고양시-일산동구","고봉동"
"한국미인테라피","경기","경기","고양시-일산동구","마두동"
"한국미인테라피","경기","경기","고양시-일산동구","백석동"
"한국미인테라피","경기","경기","고양시-일산동구","식사동"
"한국미인테라피","경기","경기","고양시-일산동구","장항동"
"한국미인테라피","경기","경기","고양시-일산동구","정발산동"
"한국미인테라피","경기","경기","고양시-일산동구","중산동"
"한국미인테라피","경기","경기","고양시-일산동구","풍산동"
"한국미인테라피","경기","경기","고양시-일산서구","가좌동"
"한국미인테라피","경기","경기","고양시-일산서구","대화동"
"한국미인테라피","경기","경기","고양시-일산서구","덕이동"
"한국미인테라피","경기","경기","고양시-일산서구","송포동"
"한국미인테라피","경기","경기","고양시-일산서구","일산동"
"한국미인테라피","경기","경기","고양시-일산서구","주엽동"
"한국미인테라피","경기","경기","고양시-일산서구","탄현동"
"한국미인테라피","경기","경기","과천시","갈현동"
"한국미인테라피","경기","경기","과천시","과천동"
"한국미인테라피","경기","경기","과천시","문원동"
"한국미인테라피","경기","경기","과천시","별양동"
"한국미인테라피","경기","경기","과천시","부림동"
"한국미인테라피","경기","경기","과천시","원문동"
"한국미인테라피","경기","경기","과천시","중앙동"
"한국미인테라피","경기","경기","광명시","광명동"
"한국미인테라피","경기","경기","광명시","소하동"
"한국미인테라피","경기","경기","광명시","일직동"
"한국미인테라피","경기","경기","광명시","철산동"
"한국미인테라피","경기","경기","광명시","하안동"
"한국미인테라피","경기","경기","광명시","학온동"
"한국미인테라피","경기","경기","광주시","경안동"
"한국미인테라피","경기","경기","광주시","곤지암읍"
"한국미인테라피","경기","경기","광주시","광남동"
"한국미인테라피","경기","경기","광주시","남종면"
"한국미인테라피","경기","경기","광주시","남한산성면"
"한국미인테라피","경기","경기","광주시","능평동"
"한국미인테라피","경기","경기","광주시","도척면"
"한국미인테라피","경기","경기","광주시","송정동"
"한국미인테라피","경기","경기","광주시","신현동"
"한국미인테라피","경기","경기","광주시","쌍령동"
"한국미인테라피","경기","경기","광주시","오포동"
"한국미인테라피","경기","경기","광주시","초월읍"
"한국미인테라피","경기","경기","광주시","탄벌동"
"한국미인테라피","경기","경기","광주시","퇴촌면"
"한국미인테라피","경기","경기","구리시","갈매동"
"한국미인테라피","경기","경기","구리시","교문동"
"한국미인테라피","경기","경기","구리시","동구동"
"한국미인테라피","경기","경기","구리시","수택동"
"한국미인테라피","경기","경기","구리시","인창동"
"한국미인테라피","경기","경기","군포시","광정동"
"한국미인테라피","경기","경기","군포시","군포동"
"한국미인테라피","경기","경기","군포시","궁내동"
"한국미인테라피","경기","경기","군포시","금정동"
"한국미인테라피","경기","경기","군포시","대야동"
"한국미인테라피","경기","경기","군포시","산본동"
"한국미인테라피","경기","경기","군포시","송부동"
"한국미인테라피","경기","경기","군포시","수리동"
"한국미인테라피","경기","경기","군포시","오금동"
"한국미인테라피","경기","경기","군포시","재궁동"
"한국미인테라피","경기","경기","김포시","고촌읍"
"한국미인테라피","경기","경기","김포시","구래동"
"한국미인테라피","경기","경기","김포시","김포본동"
"한국미인테라피","경기","경기","김포시","대곶면"
"한국미인테라피","경기","경기","김포시","마산동"
"한국미인테라피","경기","경기","김포시","사우동"
"한국미인테라피","경기","경기","김포시","양촌읍"
"한국미인테라피","경기","경기","김포시","운양동"
"한국미인테라피","경기","경기","김포시","월곶면"
"한국미인테라피","경기","경기","김포시","장기동"
"한국미인테라피","경기","경기","김포시","장기본동"
"한국미인테라피","경기","경기","김포시","통진읍"
"한국미인테라피","경기","경기","김포시","풍무동"
"한국미인테라피","경기","경기","김포시","하성면"
"한국미인테라피","경기","경기","남양주시","금곡동"
"한국미인테라피","경기","경기","남양주시","다산동"
"한국미인테라피","경기","경기","남양주시","별내동"
"한국미인테라피","경기","경기","남양주시","별내면"
"한국미인테라피","경기","경기","남양주시","수동면"
"한국미인테라피","경기","경기","남양주시","양정동"
"한국미인테라피","경기","경기","남양주시","오남읍"
"한국미인테라피","경기","경기","남양주시","와부읍"
"한국미인테라피","경기","경기","남양주시","조안면"
"한국미인테라피","경기","경기","남양주시","진건읍"
"한국미인테라피","경기","경기","남양주시","진접읍"
"한국미인테라피","경기","경기","남양주시","퇴계원읍"
"한국미인테라피","경기","경기","남양주시","평내동"
"한국미인테라피","경기","경기","남양주시","호평동"
"한국미인테라피","경기","경기","남양주시","화도읍"
"한국미인테라피","경기","경기","동두천시","보산동"
"한국미인테라피","경기","경기","동두천시","불현동"
"한국미인테라피","경기","경기","동두천시","상패동"
"한국미인테라피","경기","경기","동두천시","생연동"
"한국미인테라피","경기","경기","동두천시","소요동"
"한국미인테라피","경기","경기","동두천시","송내동"
"한국미인테라피","경기","경기","동두천시","중앙동"
"한국미인테라피","경기","경기","부천시-소사구","괴안동"
"한국미인테라피","경기","경기","부천시-소사구","범박동"
"한국미인테라피","경기","경기","부천시-소사구","소사본동"
"한국미인테라피","경기","경기","부천시-소사구","송내동"
"한국미인테라피","경기","경기","부천시-소사구","심곡본동"
"한국미인테라피","경기","경기","부천시-소사구","역곡동"
"한국미인테라피","경기","경기","부천시-소사구","옥길동"
"한국미인테라피","경기","경기","부천시-오정구","고강동"
"한국미인테라피","경기","경기","부천시-오정구","고강본동"
"한국미인테라피","경기","경기","부천시-오정구","성곡동"
"한국미인테라피","경기","경기","부천시-오정구","신흥동"
"한국미인테라피","경기","경기","부천시-오정구","오정동"
"한국미인테라피","경기","경기","부천시-오정구","원종동"
"한국미인테라피","경기","경기","부천시-원미구","도당동"
"한국미인테라피","경기","경기","부천시-원미구","상동"
"한국미인테라피","경기","경기","부천시-원미구","소사동"
"한국미인테라피","경기","경기","부천시-원미구","심곡동"
"한국미인테라피","경기","경기","부천시-원미구","약대동"
"한국미인테라피","경기","경기","부천시-원미구","역곡동"
"한국미인테라피","경기","경기","부천시-원미구","원미동"
"한국미인테라피","경기","경기","부천시-원미구","중동"
"한국미인테라피","경기","경기","부천시-원미구","춘의동"
"한국미인테라피","경기","경기","성남시-분당구","구미동"
"한국미인테라피","경기","경기","성남시-분당구","금곡동"
"한국미인테라피","경기","경기","성남시-분당구","백현동"
"한국미인테라피","경기","경기","성남시-분당구","분당동"
"한국미인테라피","경기","경기","성남시-분당구","삼평동"
"한국미인테라피","경기","경기","성남시-분당구","서현동"
"한국미인테라피","경기","경기","성남시-분당구","수내동"
"한국미인테라피","경기","경기","성남시-분당구","야탑동"
"한국미인테라피","경기","경기","성남시-분당구","운중동"
"한국미인테라피","경기","경기","성남시-분당구","이매동"
"한국미인테라피","경기","경기","성남시-분당구","정자동"
"한국미인테라피","경기","경기","성남시-분당구","판교동"
"한국미인테라피","경기","경기","성남시-수정구","고등동"
"한국미인테라피","경기","경기","성남시-수정구","단대동"
"한국미인테라피","경기","경기","성남시-수정구","복정동"
"한국미인테라피","경기","경기","성남시-수정구","산성동"
"한국미인테라피","경기","경기","성남시-수정구","수진동"
"한국미인테라피","경기","경기","성남시-수정구","시흥동"
"한국미인테라피","경기","경기","성남시-수정구","신촌동"
"한국미인테라피","경기","경기","성남시-수정구","신흥동"
"한국미인테라피","경기","경기","성남시-수정구","양지동"
"한국미인테라피","경기","경기","성남시-수정구","위례동"
"한국미인테라피","경기","경기","성남시-수정구","태평동"
"한국미인테라피","경기","경기","성남시-중원구","금광동"
"한국미인테라피","경기","경기","성남시-중원구","도촌동"
"한국미인테라피","경기","경기","성남시-중원구","상대원동"
"한국미인테라피","경기","경기","성남시-중원구","성남동"
"한국미인테라피","경기","경기","성남시-중원구","은행동"
"한국미인테라피","경기","경기","성남시-중원구","중앙동"
"한국미인테라피","경기","경기","성남시-중원구","하대원동"
"한국미인테라피","경기","경기","수원시-권선구","곡선동"
"한국미인테라피","경기","경기","수원시-권선구","구운동"
"한국미인테라피","경기","경기","수원시-권선구","권선동"
"한국미인테라피","경기","경기","수원시-권선구","금곡동"
"한국미인테라피","경기","경기","수원시-권선구","서둔동"
"한국미인테라피","경기","경기","수원시-권선구","세류동"
"한국미인테라피","경기","경기","수원시-권선구","입북동"
"한국미인테라피","경기","경기","수원시-권선구","평동"
"한국미인테라피","경기","경기","수원시-권선구","호매실동"
"한국미인테라피","경기","경기","수원시-영통구","광교동"
"한국미인테라피","경기","경기","수원시-영통구","망포동"
"한국미인테라피","경기","경기","수원시-영통구","매탄동"
"한국미인테라피","경기","경기","수원시-영통구","영통동"
"한국미인테라피","경기","경기","수원시-영통구","원천동"
"한국미인테라피","경기","경기","수원시-장안구","송죽동"
"한국미인테라피","경기","경기","수원시-장안구","연무동"
"한국미인테라피","경기","경기","수원시-장안구","영화동"
"한국미인테라피","경기","경기","수원시-장안구","율천동"
"한국미인테라피","경기","경기","수원시-장안구","정자동"
"한국미인테라피","경기","경기","수원시-장안구","조원동"
"한국미인테라피","경기","경기","수원시-장안구","파장동"
"한국미인테라피","경기","경기","수원시-팔달구","고등동"
"한국미인테라피","경기","경기","수원시-팔달구","매교동"
"한국미인테라피","경기","경기","수원시-팔달구","매산동"
"한국미인테라피","경기","경기","수원시-팔달구","우만동"
"한국미인테라피","경기","경기","수원시-팔달구","인계동"
"한국미인테라피","경기","경기","수원시-팔달구","지동"
"한국미인테라피","경기","경기","수원시-팔달구","행궁동"
"한국미인테라피","경기","경기","수원시-팔달구","화서동"
"한국미인테라피","경기","경기","시흥시","거북섬동"
"한국미인테라피","경기","경기","시흥시","과림동"
"한국미인테라피","경기","경기","시흥시","군자동"
"한국미인테라피","경기","경기","시흥시","능곡동"
"한국미인테라피","경기","경기","시흥시","대야동"
"한국미인테라피","경기","경기","시흥시","매화동"
"한국미인테라피","경기","경기","시흥시","목감동"
"한국미인테라피","경기","경기","시흥시","배곧동"
"한국미인테라피","경기","경기","시흥시","신천동"
"한국미인테라피","경기","경기","시흥시","신현동"
"한국미인테라피","경기","경기","시흥시","연성동"
"한국미인테라피","경기","경기","시흥시","월곶동"
"한국미인테라피","경기","경기","시흥시","은행동"
"한국미인테라피","경기","경기","시흥시","장곡동"
"한국미인테라피","경기","경기","시흥시","정왕동"
"한국미인테라피","경기","경기","시흥시","정왕본동"
"한국미인테라피","경기","경기","안산시-단원구","고잔동"
"한국미인테라피","경기","경기","안산시-단원구","대부동"
"한국미인테라피","경기","경기","안산시-단원구","백운동"
"한국미인테라피","경기","경기","안산시-단원구","선부동"
"한국미인테라피","경기","경기","안산시-단원구","신길동"
"한국미인테라피","경기","경기","안산시-단원구","와동"
"한국미인테라피","경기","경기","안산시-단원구","원곡동"
"한국미인테라피","경기","경기","안산시-단원구","중앙동"
"한국미인테라피","경기","경기","안산시-단원구","초지동"
"한국미인테라피","경기","경기","안산시-단원구","호수동"
"한국미인테라피","경기","경기","안산시-상록구","반월동"
"한국미인테라피","경기","경기","안산시-상록구","본오동"
"한국미인테라피","경기","경기","안산시-상록구","부곡동"
"한국미인테라피","경기","경기","안산시-상록구","사동"
"한국미인테라피","경기","경기","안산시-상록구","사이동"
"한국미인테라피","경기","경기","안산시-상록구","성포동"
"한국미인테라피","경기","경기","안산시-상록구","안산동"
"한국미인테라피","경기","경기","안산시-상록구","월피동"
"한국미인테라피","경기","경기","안산시-상록구","이동"
"한국미인테라피","경기","경기","안산시-상록구","일동"
"한국미인테라피","경기","경기","안산시-상록구","해양동"
"한국미인테라피","경기","경기","안성시","고삼면"
"한국미인테라피","경기","경기","안성시","공도읍"
"한국미인테라피","경기","경기","안성시","금광면"
"한국미인테라피","경기","경기","안성시","대덕면"
"한국미인테라피","경기","경기","안성시","미양면"
"한국미인테라피","경기","경기","안성시","보개면"
"한국미인테라피","경기","경기","안성시","삼죽면"
"한국미인테라피","경기","경기","안성시","서운면"
"한국미인테라피","경기","경기","안성시","안성동"
"한국미인테라피","경기","경기","안성시","양성면"
"한국미인테라피","경기","경기","안성시","원곡면"
"한국미인테라피","경기","경기","안성시","일죽면"
"한국미인테라피","경기","경기","안성시","죽산면"
"한국미인테라피","경기","경기","안양시-동안구","갈산동"
"한국미인테라피","경기","경기","안양시-동안구","관양동"
"한국미인테라피","경기","경기","안양시-동안구","귀인동"
"한국미인테라피","경기","경기","안양시-동안구","달안동"
"한국미인테라피","경기","경기","안양시-동안구","범계동"
"한국미인테라피","경기","경기","안양시-동안구","부림동"
"한국미인테라피","경기","경기","안양시-동안구","부흥동"
"한국미인테라피","경기","경기","안양시-동안구","비산동"
"한국미인테라피","경기","경기","안양시-동안구","신촌동"
"한국미인테라피","경기","경기","안양시-동안구","인덕원동"
"한국미인테라피","경기","경기","안양시-동안구","평안동"
"한국미인테라피","경기","경기","안양시-동안구","평촌동"
"한국미인테라피","경기","경기","안양시-동안구","호계동"
"한국미인테라피","경기","경기","안양시-만안구","명학동"
"한국미인테라피","경기","경기","안양시-만안구","박달동"
"한국미인테라피","경기","경기","안양시-만안구","병목안동"
"한국미인테라피","경기","경기","안양시-만안구","석수동"
"한국미인테라피","경기","경기","안양시-만안구","안양동"
"한국미인테라피","경기","경기","안양시-만안구","충훈동"
"한국미인테라피","경기","경기","안양시-만안구","호현동"
"한국미인테라피","경기","경기","양주시","광적면"
"한국미인테라피","경기","경기","양주시","남면"
"한국미인테라피","경기","경기","양주시","백석읍"
"한국미인테라피","경기","경기","양주시","양주동"
"한국미인테라피","경기","경기","양주시","옥정동"
"한국미인테라피","경기","경기","양주시","은현면"
"한국미인테라피","경기","경기","양주시","장흥면"
"한국미인테라피","경기","경기","양주시","회천동"
"한국미인테라피","경기","경기","양평군","강상면"
"한국미인테라피","경기","경기","양평군","강하면"
"한국미인테라피","경기","경기","양평군","개군면"
"한국미인테라피","경기","경기","양평군","단월면"
"한국미인테라피","경기","경기","양평군","서종면"
"한국미인테라피","경기","경기","양평군","양동면"
"한국미인테라피","경기","경기","양평군","양서면"
"한국미인테라피","경기","경기","양평군","양평읍"
"한국미인테라피","경기","경기","양평군","옥천면"
"한국미인테라피","경기","경기","양평군","용문면"
"한국미인테라피","경기","경기","양평군","지평면"
"한국미인테라피","경기","경기","양평군","청운면"
"한국미인테라피","경기","경기","여주시","가남읍"
"한국미인테라피","경기","경기","여주시","강천면"
"한국미인테라피","경기","경기","여주시","금사면"
"한국미인테라피","경기","경기","여주시","대신면"
"한국미인테라피","경기","경기","여주시","북내면"
"한국미인테라피","경기","경기","여주시","산북면"
"한국미인테라피","경기","경기","여주시","세종대왕면"
"한국미인테라피","경기","경기","여주시","여흥동"
"한국미인테라피","경기","경기","여주시","오학동"
"한국미인테라피","경기","경기","여주시","점동면"
"한국미인테라피","경기","경기","여주시","중앙동"
"한국미인테라피","경기","경기","여주시","흥천면"
"한국미인테라피","경기","경기","연천군","군남면"
"한국미인테라피","경기","경기","연천군","미산면"
"한국미인테라피","경기","경기","연천군","백학면"
"한국미인테라피","경기","경기","연천군","신서면"
"한국미인테라피","경기","경기","연천군","연천읍"
"한국미인테라피","경기","경기","연천군","왕징면"
"한국미인테라피","경기","경기","연천군","장남면"
"한국미인테라피","경기","경기","연천군","전곡읍"
"한국미인테라피","경기","경기","연천군","중면"
"한국미인테라피","경기","경기","연천군","청산면"
"한국미인테라피","경기","경기","오산시","남촌동"
"한국미인테라피","경기","경기","오산시","대원동"
"한국미인테라피","경기","경기","오산시","세마동"
"한국미인테라피","경기","경기","오산시","신장동"
"한국미인테라피","경기","경기","오산시","중앙동"
"한국미인테라피","경기","경기","오산시","초평동"
"한국미인테라피","경기","경기","용인시-기흥구","구갈동"
"한국미인테라피","경기","경기","용인시-기흥구","구성동"
"한국미인테라피","경기","경기","용인시-기흥구","기흥동"
"한국미인테라피","경기","경기","용인시-기흥구","동백동"
"한국미인테라피","경기","경기","용인시-기흥구","마북동"
"한국미인테라피","경기","경기","용인시-기흥구","보라동"
"한국미인테라피","경기","경기","용인시-기흥구","보정동"
"한국미인테라피","경기","경기","용인시-기흥구","상갈동"
"한국미인테라피","경기","경기","용인시-기흥구","상하동"
"한국미인테라피","경기","경기","용인시-기흥구","서농동"
"한국미인테라피","경기","경기","용인시-기흥구","신갈동"
"한국미인테라피","경기","경기","용인시-기흥구","영덕동"
"한국미인테라피","경기","경기","용인시-수지구","동천동"
"한국미인테라피","경기","경기","용인시-수지구","상현동"
"한국미인테라피","경기","경기","용인시-수지구","성복동"
"한국미인테라피","경기","경기","용인시-수지구","신봉동"
"한국미인테라피","경기","경기","용인시-수지구","죽전동"
"한국미인테라피","경기","경기","용인시-수지구","풍덕천동"
"한국미인테라피","경기","경기","용인시-처인구","남사읍"
"한국미인테라피","경기","경기","용인시-처인구","동부동"
"한국미인테라피","경기","경기","용인시-처인구","모현읍"
"한국미인테라피","경기","경기","용인시-처인구","백암면"
"한국미인테라피","경기","경기","용인시-처인구","삼가동"
"한국미인테라피","경기","경기","용인시-처인구","양지읍"
"한국미인테라피","경기","경기","용인시-처인구","역북동"
"한국미인테라피","경기","경기","용인시-처인구","원삼면"
"한국미인테라피","경기","경기","용인시-처인구","유림동"
"한국미인테라피","경기","경기","용인시-처인구","이동읍"
"한국미인테라피","경기","경기","용인시-처인구","중앙동"
"한국미인테라피","경기","경기","용인시-처인구","포곡읍"
"한국미인테라피","경기","경기","의왕시","고천동"
"한국미인테라피","경기","경기","의왕시","내손동"
"한국미인테라피","경기","경기","의왕시","부곡동"
"한국미인테라피","경기","경기","의왕시","오전동"
"한국미인테라피","경기","경기","의왕시","청계동"
"한국미인테라피","경기","경기","의정부시","가능동"
"한국미인테라피","경기","경기","의정부시","고산동"
"한국미인테라피","경기","경기","의정부시","녹양동"
"한국미인테라피","경기","경기","의정부시","송산동"
"한국미인테라피","경기","경기","의정부시","신곡동"
"한국미인테라피","경기","경기","의정부시","의정부동"
"한국미인테라피","경기","경기","의정부시","자금동"
"한국미인테라피","경기","경기","의정부시","장암동"
"한국미인테라피","경기","경기","의정부시","호원동"
"한국미인테라피","경기","경기","의정부시","흥선동"
"한국미인테라피","경기","경기","이천시","관고동"
"한국미인테라피","경기","경기","이천시","대월면"
"한국미인테라피","경기","경기","이천시","마장면"
"한국미인테라피","경기","경기","이천시","모가면"
"한국미인테라피","경기","경기","이천시","백사면"
"한국미인테라피","경기","경기","이천시","부발읍"
"한국미인테라피","경기","경기","이천시","설성면"
"한국미인테라피","경기","경기","이천시","신둔면"
"한국미인테라피","경기","경기","이천시","율면"
"한국미인테라피","경기","경기","이천시","장호원읍"
"한국미인테라피","경기","경기","이천시","중리동"
"한국미인테라피","경기","경기","이천시","증포동"
"한국미인테라피","경기","경기","이천시","창전동"
"한국미인테라피","경기","경기","이천시","호법면"
"한국미인테라피","경기","경기","파주시","광탄면"
"한국미인테라피","경기","경기","파주시","교하동"
"한국미인테라피","경기","경기","파주시","금촌동"
"한국미인테라피","경기","경기","파주시","문산읍"
"한국미인테라피","경기","경기","파주시","법원읍"
"한국미인테라피","경기","경기","파주시","운정동"
"한국미인테라피","경기","경기","파주시","월롱면"
"한국미인테라피","경기","경기","파주시","장단면"
"한국미인테라피","경기","경기","파주시","적성면"
"한국미인테라피","경기","경기","파주시","조리읍"
"한국미인테라피","경기","경기","파주시","탄현면"
"한국미인테라피","경기","경기","파주시","파주읍"
"한국미인테라피","경기","경기","파주시","파평면"
"한국미인테라피","경기","경기","평택시","고덕동"
"한국미인테라피","경기","경기","평택시","고덕면"
"한국미인테라피","경기","경기","평택시","동삭동"
"한국미인테라피","경기","경기","평택시","비전동"
"한국미인테라피","경기","경기","평택시","서정동"
"한국미인테라피","경기","경기","평택시","서탄면"
"한국미인테라피","경기","경기","평택시","세교동"
"한국미인테라피","경기","경기","평택시","송북동"
"한국미인테라피","경기","경기","평택시","송탄동"
"한국미인테라피","경기","경기","평택시","신장동"
"한국미인테라피","경기","경기","평택시","신평동"
"한국미인테라피","경기","경기","평택시","안중읍"
"한국미인테라피","경기","경기","평택시","오성면"
"한국미인테라피","경기","경기","평택시","용이동"
"한국미인테라피","경기","경기","평택시","원평동"
"한국미인테라피","경기","경기","평택시","중앙동"
"한국미인테라피","경기","경기","평택시","지산동"
"한국미인테라피","경기","경기","평택시","진위면"
"한국미인테라피","경기","경기","평택시","청북읍"
"한국미인테라피","경기","경기","평택시","통복동"
"한국미인테라피","경기","경기","평택시","팽성읍"
"한국미인테라피","경기","경기","평택시","포승읍"
"한국미인테라피","경기","경기","평택시","현덕면"
"한국미인테라피","경기","경기","포천시","가산면"
"한국미인테라피","경기","경기","포천시","관인면"
"한국미인테라피","경기","경기","포천시","군내면"
"한국미인테라피","경기","경기","포천시","내촌면"
"한국미인테라피","경기","경기","포천시","선단동"
"한국미인테라피","경기","경기","포천시","소흘읍"
"한국미인테라피","경기","경기","포천시","신북면"
"한국미인테라피","경기","경기","포천시","영북면"
"한국미인테라피","경기","경기","포천시","영중면"
"한국미인테라피","경기","경기","포천시","이동면"
"한국미인테라피","경기","경기","포천시","일동면"
"한국미인테라피","경기","경기","포천시","창수면"
"한국미인테라피","경기","경기","포천시","포천동"
"한국미인테라피","경기","경기","포천시","화현면"
"한국미인테라피","경기","경기","하남시","감북동"
"한국미인테라피","경기","경기","하남시","감일동"
"한국미인테라피","경기","경기","하남시","덕풍동"
"한국미인테라피","경기","경기","하남시","미사동"
"한국미인테라피","경기","경기","하남시","신장동"
"한국미인테라피","경기","경기","하남시","위례동"
"한국미인테라피","경기","경기","하남시","천현동"
"한국미인테라피","경기","경기","하남시","초이동"
"한국미인테라피","경기","경기","하남시","춘궁동"
"한국미인테라피","경기","경기","화성시-동탄구","동탄동"
"한국미인테라피","경기","경기","화성시-만세구","남양읍"
"한국미인테라피","경기","경기","화성시-만세구","마도면"
"한국미인테라피","경기","경기","화성시-만세구","새솔동"
"한국미인테라피","경기","경기","화성시-만세구","서신면"
"한국미인테라피","경기","경기","화성시-만세구","송산면"
"한국미인테라피","경기","경기","화성시-만세구","양감면"
"한국미인테라피","경기","경기","화성시-만세구","우정읍"
"한국미인테라피","경기","경기","화성시-만세구","장안면"
"한국미인테라피","경기","경기","화성시-만세구","팔탄면"
"한국미인테라피","경기","경기","화성시-만세구","향남읍"
"한국미인테라피","경기","경기","화성시-병점구","반월동"
"한국미인테라피","경기","경기","화성시-병점구","병점동"
"한국미인테라피","경기","경기","화성시-병점구","진안동"
"한국미인테라피","경기","경기","화성시-병점구","화산동"
"한국미인테라피","경기","경기","화성시-효행구","기배동"
"한국미인테라피","경기","경기","화성시-효행구","매송면"
"한국미인테라피","경기","경기","화성시-효행구","봉담읍"
"한국미인테라피","경기","경기","화성시-효행구","비봉면"
"한국미인테라피","경기","경기","화성시-효행구","정남면"
"한국미인테라피","서울","서울","강남구","개포동"
"한국미인테라피","서울","서울","강남구","논현동"
"한국미인테라피","서울","서울","강남구","대치동"
"한국미인테라피","서울","서울","강남구","도곡동"
"한국미인테라피","서울","서울","강남구","삼성동"
"한국미인테라피","서울","서울","강남구","세곡동"
"한국미인테라피","서울","서울","강남구","수서동"
"한국미인테라피","서울","서울","강남구","신사동"
"한국미인테라피","서울","서울","강남구","압구정동"
"한국미인테라피","서울","서울","강남구","역삼동"
"한국미인테라피","서울","서울","강남구","일원동"
"한국미인테라피","서울","서울","강남구","일원본동"
"한국미인테라피","서울","서울","강남구","청담동"
"한국미인테라피","서울","서울","강동구","강일동"
"한국미인테라피","서울","서울","강동구","고덕동"
"한국미인테라피","서울","서울","강동구","길동"
"한국미인테라피","서울","서울","강동구","둔촌동"
"한국미인테라피","서울","서울","강동구","명일동"
"한국미인테라피","서울","서울","강동구","상일동"
"한국미인테라피","서울","서울","강동구","성내동"
"한국미인테라피","서울","서울","강동구","암사동"
"한국미인테라피","서울","서울","강동구","천호동"
"한국미인테라피","서울","서울","강북구","미아동"
"한국미인테라피","서울","서울","강북구","번동"
"한국미인테라피","서울","서울","강북구","삼각산동"
"한국미인테라피","서울","서울","강북구","삼양동"
"한국미인테라피","서울","서울","강북구","송중동"
"한국미인테라피","서울","서울","강북구","송천동"
"한국미인테라피","서울","서울","강북구","수유동"
"한국미인테라피","서울","서울","강북구","우이동"
"한국미인테라피","서울","서울","강북구","인수동"
"한국미인테라피","서울","서울","강서구","가양동"
"한국미인테라피","서울","서울","강서구","공항동"
"한국미인테라피","서울","서울","강서구","등촌동"
"한국미인테라피","서울","서울","강서구","발산동"
"한국미인테라피","서울","서울","강서구","방화동"
"한국미인테라피","서울","서울","강서구","염창동"
"한국미인테라피","서울","서울","강서구","우장산동"
"한국미인테라피","서울","서울","강서구","화곡동"
"한국미인테라피","서울","서울","강서구","화곡본동"
"한국미인테라피","서울","서울","관악구","낙성대동"
"한국미인테라피","서울","서울","관악구","난곡동"
"한국미인테라피","서울","서울","관악구","난향동"
"한국미인테라피","서울","서울","관악구","남현동"
"한국미인테라피","서울","서울","관악구","대학동"
"한국미인테라피","서울","서울","관악구","미성동"
"한국미인테라피","서울","서울","관악구","보라매동"
"한국미인테라피","서울","서울","관악구","삼성동"
"한국미인테라피","서울","서울","관악구","서림동"
"한국미인테라피","서울","서울","관악구","서원동"
"한국미인테라피","서울","서울","관악구","성현동"
"한국미인테라피","서울","서울","관악구","신림동"
"한국미인테라피","서울","서울","관악구","신사동"
"한국미인테라피","서울","서울","관악구","신원동"
"한국미인테라피","서울","서울","관악구","은천동"
"한국미인테라피","서울","서울","관악구","인헌동"
"한국미인테라피","서울","서울","관악구","조원동"
"한국미인테라피","서울","서울","관악구","중앙동"
"한국미인테라피","서울","서울","관악구","청룡동"
"한국미인테라피","서울","서울","관악구","청림동"
"한국미인테라피","서울","서울","관악구","행운동"
"한국미인테라피","서울","서울","광진구","광장동"
"한국미인테라피","서울","서울","광진구","구의동"
"한국미인테라피","서울","서울","광진구","군자동"
"한국미인테라피","서울","서울","광진구","능동"
"한국미인테라피","서울","서울","광진구","자양동"
"한국미인테라피","서울","서울","광진구","중곡동"
"한국미인테라피","서울","서울","광진구","화양동"
"한국미인테라피","서울","서울","구로구","가리봉동"
"한국미인테라피","서울","서울","구로구","개봉동"
"한국미인테라피","서울","서울","구로구","고척동"
"한국미인테라피","서울","서울","구로구","구로동"
"한국미인테라피","서울","서울","구로구","수궁동"
"한국미인테라피","서울","서울","구로구","신도림동"
"한국미인테라피","서울","서울","구로구","오류동"
"한국미인테라피","서울","서울","구로구","항동"
"한국미인테라피","서울","서울","금천구","가산동"
"한국미인테라피","서울","서울","금천구","독산동"
"한국미인테라피","서울","서울","금천구","시흥동"
"한국미인테라피","서울","서울","노원구","3동"
"한국미인테라피","서울","서울","노원구","4동"
"한국미인테라피","서울","서울","노원구","7동"
"한국미인테라피","서울","서울","노원구","공릉동"
"한국미인테라피","서울","서울","노원구","상계동"
"한국미인테라피","서울","서울","노원구","월계동"
"한국미인테라피","서울","서울","노원구","중계동"
"한국미인테라피","서울","서울","노원구","중계본동"
"한국미인테라피","서울","서울","노원구","하계동"
"한국미인테라피","서울","서울","도봉구","도봉동"
"한국미인테라피","서울","서울","도봉구","방학동"
"한국미인테라피","서울","서울","도봉구","쌍문동"
"한국미인테라피","서울","서울","도봉구","창동"
"한국미인테라피","서울","서울","동대문구","답십리동"
"한국미인테라피","서울","서울","동대문구","신설동"
"한국미인테라피","서울","서울","동대문구","용두동"
"한국미인테라피","서울","서울","동대문구","이문동"
"한국미인테라피","서울","서울","동대문구","장안동"
"한국미인테라피","서울","서울","동대문구","전농동"
"한국미인테라피","서울","서울","동대문구","제기동"
"한국미인테라피","서울","서울","동대문구","청량리동"
"한국미인테라피","서울","서울","동대문구","회기동"
"한국미인테라피","서울","서울","동대문구","휘경동"
"한국미인테라피","서울","서울","동작구","노량진동"
"한국미인테라피","서울","서울","동작구","대방동"
"한국미인테라피","서울","서울","동작구","사당동"
"한국미인테라피","서울","서울","동작구","상도동"
"한국미인테라피","서울","서울","동작구","신대방동"
"한국미인테라피","서울","서울","동작구","흑석동"
"한국미인테라피","서울","서울","마포구","공덕동"
"한국미인테라피","서울","서울","마포구","대흥동"
"한국미인테라피","서울","서울","마포구","도화동"
"한국미인테라피","서울","서울","마포구","망원동"
"한국미인테라피","서울","서울","마포구","상암동"
"한국미인테라피","서울","서울","마포구","서강동"
"한국미인테라피","서울","서울","마포구","서교동"
"한국미인테라피","서울","서울","마포구","성산동"
"한국미인테라피","서울","서울","마포구","신수동"
"한국미인테라피","서울","서울","마포구","아현동"
"한국미인테라피","서울","서울","마포구","연남동"
"한국미인테라피","서울","서울","마포구","염리동"
"한국미인테라피","서울","서울","마포구","용강동"
"한국미인테라피","서울","서울","마포구","합정동"
"한국미인테라피","서울","서울","서대문구","남가좌동"
"한국미인테라피","서울","서울","서대문구","북가좌동"
"한국미인테라피","서울","서울","서대문구","북아현동"
"한국미인테라피","서울","서울","서대문구","신촌동"
"한국미인테라피","서울","서울","서대문구","연희동"
"한국미인테라피","서울","서울","서대문구","천연동"
"한국미인테라피","서울","서울","서대문구","충현동"
"한국미인테라피","서울","서울","서대문구","홍은동"
"한국미인테라피","서울","서울","서대문구","홍제동"
"한국미인테라피","서울","서울","서초구","내곡동"
"한국미인테라피","서울","서울","서초구","반포동"
"한국미인테라피","서울","서울","서초구","반포본동"
"한국미인테라피","서울","서울","서초구","방배동"
"한국미인테라피","서울","서울","서초구","방배본동"
"한국미인테라피","서울","서울","서초구","서초동"
"한국미인테라피","서울","서울","서초구","양재동"
"한국미인테라피","서울","서울","서초구","잠원동"
"한국미인테라피","서울","서울","성동구","3가동"
"한국미인테라피","서울","서울","성동구","금호1가동"
"한국미인테라피","서울","서울","성동구","금호4가동"
"한국미인테라피","서울","서울","성동구","마장동"
"한국미인테라피","서울","서울","성동구","사근동"
"한국미인테라피","서울","서울","성동구","성수1가제1동"
"한국미인테라피","서울","서울","성동구","성수1가제2동"
"한국미인테라피","서울","서울","성동구","성수2가제1동"
"한국미인테라피","서울","서울","성동구","성수2가제3동"
"한국미인테라피","서울","서울","성동구","송정동"
"한국미인테라피","서울","서울","성동구","옥수동"
"한국미인테라피","서울","서울","성동구","왕십리도선동"
"한국미인테라피","서울","서울","성동구","왕십리동"
"한국미인테라피","서울","서울","성동구","용답동"
"한국미인테라피","서울","서울","성동구","응봉동"
"한국미인테라피","서울","서울","성동구","행당동"
"한국미인테라피","서울","서울","성북구","길음동"
"한국미인테라피","서울","서울","성북구","돈암동"
"한국미인테라피","서울","서울","성북구","동선동"
"한국미인테라피","서울","서울","성북구","보문동"
"한국미인테라피","서울","서울","성북구","삼선동"
"한국미인테라피","서울","서울","성북구","석관동"
"한국미인테라피","서울","서울","성북구","성북동"
"한국미인테라피","서울","서울","성북구","안암동"
"한국미인테라피","서울","서울","성북구","월곡동"
"한국미인테라피","서울","서울","성북구","장위동"
"한국미인테라피","서울","서울","성북구","정릉동"
"한국미인테라피","서울","서울","성북구","종암동"
"한국미인테라피","서울","서울","송파구","가락동"
"한국미인테라피","서울","서울","송파구","가락본동"
"한국미인테라피","서울","서울","송파구","거여동"
"한국미인테라피","서울","서울","송파구","마천동"
"한국미인테라피","서울","서울","송파구","문정동"
"한국미인테라피","서울","서울","송파구","방이동"
"한국미인테라피","서울","서울","송파구","삼전동"
"한국미인테라피","서울","서울","송파구","석촌동"
"한국미인테라피","서울","서울","송파구","송파동"
"한국미인테라피","서울","서울","송파구","오금동"
"한국미인테라피","서울","서울","송파구","오륜동"
"한국미인테라피","서울","서울","송파구","위례동"
"한국미인테라피","서울","서울","송파구","잠실동"
"한국미인테라피","서울","서울","송파구","잠실본동"
"한국미인테라피","서울","서울","송파구","장지동"
"한국미인테라피","서울","서울","송파구","풍납동"
"한국미인테라피","서울","서울","양천구","목동"
"한국미인테라피","서울","서울","양천구","신월동"
"한국미인테라피","서울","서울","양천구","신정동"
"한국미인테라피","서울","서울","영등포구","당산동"
"한국미인테라피","서울","서울","영등포구","대림동"
"한국미인테라피","서울","서울","영등포구","도림동"
"한국미인테라피","서울","서울","영등포구","문래동"
"한국미인테라피","서울","서울","영등포구","신길동"
"한국미인테라피","서울","서울","영등포구","양평동"
"한국미인테라피","서울","서울","영등포구","여의동"
"한국미인테라피","서울","서울","영등포구","영등포동"
"한국미인테라피","서울","서울","영등포구","영등포본동"
"한국미인테라피","서울","서울","용산구","남영동"
"한국미인테라피","서울","서울","용산구","보광동"
"한국미인테라피","서울","서울","용산구","서빙고동"
"한국미인테라피","서울","서울","용산구","용문동"
"한국미인테라피","서울","서울","용산구","용산2가동"
"한국미인테라피","서울","서울","용산구","원효로동"
"한국미인테라피","서울","서울","용산구","이촌동"
"한국미인테라피","서울","서울","용산구","이태원동"
"한국미인테라피","서울","서울","용산구","청파동"
"한국미인테라피","서울","서울","용산구","한강로동"
"한국미인테라피","서울","서울","용산구","한남동"
"한국미인테라피","서울","서울","용산구","효창동"
"한국미인테라피","서울","서울","용산구","후암동"
"한국미인테라피","서울","서울","은평구","갈현동"
"한국미인테라피","서울","서울","은평구","구산동"
"한국미인테라피","서울","서울","은평구","녹번동"
"한국미인테라피","서울","서울","은평구","대조동"
"한국미인테라피","서울","서울","은평구","불광동"
"한국미인테라피","서울","서울","은평구","수색동"
"한국미인테라피","서울","서울","은평구","신사동"
"한국미인테라피","서울","서울","은평구","역촌동"
"한국미인테라피","서울","서울","은평구","응암동"
"한국미인테라피","서울","서울","은평구","증산동"
"한국미인테라피","서울","서울","은평구","진관동"
"한국미인테라피","서울","서울","종로구","4가동"
"한국미인테라피","서울","서울","종로구","6가동"
"한국미인테라피","서울","서울","종로구","가회동"
"한국미인테라피","서울","서울","종로구","교남동"
"한국미인테라피","서울","서울","종로구","무악동"
"한국미인테라피","서울","서울","종로구","부암동"
"한국미인테라피","서울","서울","종로구","사직동"
"한국미인테라피","서울","서울","종로구","삼청동"
"한국미인테라피","서울","서울","종로구","숭인동"
"한국미인테라피","서울","서울","종로구","이화동"
"한국미인테라피","서울","서울","종로구","창신동"
"한국미인테라피","서울","서울","종로구","청운효자동"
"한국미인테라피","서울","서울","종로구","평창동"
"한국미인테라피","서울","서울","종로구","혜화동"
"한국미인테라피","서울","서울","중구","광희동"
"한국미인테라피","서울","서울","중구","다산동"
"한국미인테라피","서울","서울","중구","동화동"
"한국미인테라피","서울","서울","중구","명동"
"한국미인테라피","서울","서울","중구","소공동"
"한국미인테라피","서울","서울","중구","신당동"
"한국미인테라피","서울","서울","중구","약수동"
"한국미인테라피","서울","서울","중구","을지로동"
"한국미인테라피","서울","서울","중구","장충동"
"한국미인테라피","서울","서울","중구","중림동"
"한국미인테라피","서울","서울","중구","청구동"
"한국미인테라피","서울","서울","중구","필동"
"한국미인테라피","서울","서울","중구","황학동"
"한국미인테라피","서울","서울","중구","회현동"
"한국미인테라피","서울","서울","중랑구","8동"
"한국미인테라피","서울","서울","중랑구","망우동"
"한국미인테라피","서울","서울","중랑구","망우본동"
"한국미인테라피","서울","서울","중랑구","면목동"
"한국미인테라피","서울","서울","중랑구","면목본동"
"한국미인테라피","서울","서울","중랑구","묵동"
"한국미인테라피","서울","서울","중랑구","상봉동"
"한국미인테라피","서울","서울","중랑구","신내동"
"한국미인테라피","서울","서울","중랑구","중화동"
"한국미인테라피","인천","인천","강화군","강화읍"
"한국미인테라피","인천","인천","강화군","교동면"
"한국미인테라피","인천","인천","강화군","길상면"
"한국미인테라피","인천","인천","강화군","내가면"
"한국미인테라피","인천","인천","강화군","불은면"
"한국미인테라피","인천","인천","강화군","삼산면"
"한국미인테라피","인천","인천","강화군","서도면"
"한국미인테라피","인천","인천","강화군","선원면"
"한국미인테라피","인천","인천","강화군","송해면"
"한국미인테라피","인천","인천","강화군","양도면"
"한국미인테라피","인천","인천","강화군","양사면"
"한국미인테라피","인천","인천","강화군","하점면"
"한국미인테라피","인천","인천","강화군","화도면"
"한국미인테라피","인천","인천","검단구","검단동"
"한국미인테라피","인천","인천","검단구","당하동"
"한국미인테라피","인천","인천","검단구","마전동"
"한국미인테라피","인천","인천","검단구","불로대곡동"
"한국미인테라피","인천","인천","검단구","아라동"
"한국미인테라피","인천","인천","검단구","오류왕길동"
"한국미인테라피","인천","인천","검단구","원당동"
"한국미인테라피","인천","인천","계양구","계산동"
"한국미인테라피","인천","인천","계양구","계양동"
"한국미인테라피","인천","인천","계양구","작전동"
"한국미인테라피","인천","인천","계양구","작전서운동"
"한국미인테라피","인천","인천","계양구","효성동"
"한국미인테라피","인천","인천","남동구","간석동"
"한국미인테라피","인천","인천","남동구","구월동"
"한국미인테라피","인천","인천","남동구","남촌도림동"
"한국미인테라피","인천","인천","남동구","논현고잔동"
"한국미인테라피","인천","인천","남동구","논현동"
"한국미인테라피","인천","인천","남동구","만수동"
"한국미인테라피","인천","인천","남동구","서창동"
"한국미인테라피","인천","인천","남동구","장수서창동"
"한국미인테라피","인천","인천","미추홀구","3동"
"한국미인테라피","인천","인천","미추홀구","4동"
"한국미인테라피","인천","인천","미추홀구","관교동"
"한국미인테라피","인천","인천","미추홀구","도화동"
"한국미인테라피","인천","인천","미추홀구","문학동"
"한국미인테라피","인천","인천","미추홀구","숭의동"
"한국미인테라피","인천","인천","미추홀구","용현동"
"한국미인테라피","인천","인천","미추홀구","주안동"
"한국미인테라피","인천","인천","미추홀구","학익동"
"한국미인테라피","인천","인천","부평구","갈산동"
"한국미인테라피","인천","인천","부평구","부개동"
"한국미인테라피","인천","인천","부평구","부평동"
"한국미인테라피","인천","인천","부평구","산곡동"
"한국미인테라피","인천","인천","부평구","삼산동"
"한국미인테라피","인천","인천","부평구","십정동"
"한국미인테라피","인천","인천","부평구","일신동"
"한국미인테라피","인천","인천","부평구","청천동"
"한국미인테라피","인천","인천","서해구","가정동"
"한국미인테라피","인천","인천","서해구","가좌동"
"한국미인테라피","인천","인천","서해구","검암경서동"
"한국미인테라피","인천","인천","서해구","석남동"
"한국미인테라피","인천","인천","서해구","신현원창동"
"한국미인테라피","인천","인천","서해구","연희동"
"한국미인테라피","인천","인천","서해구","청라동"
"한국미인테라피","인천","인천","연수구","동춘동"
"한국미인테라피","인천","인천","연수구","선학동"
"한국미인테라피","인천","인천","연수구","송도동"
"한국미인테라피","인천","인천","연수구","연수동"
"한국미인테라피","인천","인천","연수구","옥련동"
"한국미인테라피","인천","인천","연수구","청학동"
"한국미인테라피","인천","인천","영종구","영종동"
"한국미인테라피","인천","인천","영종구","용유동"
"한국미인테라피","인천","인천","영종구","운서동"
"한국미인테라피","인천","인천","옹진군","대청면"
"한국미인테라피","인천","인천","옹진군","덕적면"
"한국미인테라피","인천","인천","옹진군","백령면"
"한국미인테라피","인천","인천","옹진군","북도면"
"한국미인테라피","인천","인천","옹진군","연평면"
"한국미인테라피","인천","인천","옹진군","영흥면"
"한국미인테라피","인천","인천","옹진군","자월면"
"한국미인테라피","인천","인천","제물포구","2동"
"한국미인테라피","인천","인천","제물포구","개항동"
"한국미인테라피","인천","인천","제물포구","금창동"
"한국미인테라피","인천","인천","제물포구","도원동"
"한국미인테라피","인천","인천","제물포구","동인천동"
"한국미인테라피","인천","인천","제물포구","만석동"
"한국미인테라피","인천","인천","제물포구","송림동"
"한국미인테라피","인천","인천","제물포구","송현동"
"한국미인테라피","인천","인천","제물포구","신포동"
"한국미인테라피","인천","인천","제물포구","신흥동"
"한국미인테라피","인천","인천","제물포구","연안동"
"한국미인테라피","인천","인천","제물포구","율목동"
"한국미인테라피","인천","인천","제물포구","화수동"
"한국미인테라피","인천","인천","제물포구","화평동"
"한국미인테라피","아산","충남","아산","도고면"
"한국미인테라피","아산","충남","아산","둔포면"
"한국미인테라피","아산","충남","아산","배방읍"
"한국미인테라피","아산","충남","아산","선장면"
"한국미인테라피","아산","충남","아산","송악면"
"한국미인테라피","아산","충남","아산","신창면"
"한국미인테라피","아산","충남","아산","염치읍"
"한국미인테라피","아산","충남","아산","영인면"
"한국미인테라피","아산","충남","아산","온양동"
"한국미인테라피","아산","충남","아산","음봉면"
"한국미인테라피","아산","충남","아산","인주면"
"한국미인테라피","아산","충남","아산","탕정면"
"한국미인테라피","천안","충남","천안","광덕면"
"한국미인테라피","천안","충남","천안","동면"
"한국미인테라피","천안","충남","천안","목천읍"
"한국미인테라피","천안","충남","천안","문성동"
"한국미인테라피","천안","충남","천안","백석동"
"한국미인테라피","천안","충남","천안","병천면"
"한국미인테라피","천안","충남","천안","봉명동"
"한국미인테라피","천안","충남","천안","부성동"
"한국미인테라피","천안","충남","천안","북면"
"한국미인테라피","천안","충남","천안","불당동"
"한국미인테라피","천안","충남","천안","성거읍"
"한국미인테라피","천안","충남","천안","성남면"
"한국미인테라피","천안","충남","천안","성정동"
"한국미인테라피","천안","충남","천안","성환읍"
"한국미인테라피","천안","충남","천안","수신면"
"한국미인테라피","천안","충남","천안","신방동"
"한국미인테라피","천안","충남","천안","신안동"
"한국미인테라피","천안","충남","천안","쌍용동"
"한국미인테라피","천안","충남","천안","원성동"
"한국미인테라피","천안","충남","천안","일봉동"
"한국미인테라피","천안","충남","천안","입장면"
"한국미인테라피","천안","충남","천안","중앙동"
"한국미인테라피","천안","충남","천안","직산읍"
"한국미인테라피","천안","충남","천안","청룡동"
"한국미인테라피","천안","충남","천안","풍세면"
