"업체명","적용지역","광역지역","상위지역","하위지역","대표역","대표역주소","위치표시","주소표시","역거리km","역사용여부","계산상가까운역"
"한국미인테라피","경기","경기","가평군","가평읍","가평역","경기도 가평군 가평읍 문화로 13-42(달전리 567)","가평역 인근","경기도 가평군 가평읍 문화로 13-42(달전리 567)","1.31","Y","가평역"
"한국미인테라피","경기","경기","가평군","북면","","","북면 중심","경기 가평군 북면","11.29","N","굴봉산역"
"한국미인테라피","경기","경기","가평군","상면","","","상면 중심","경기 가평군 상면","10.03","N","청평역"
"한국미인테라피","경기","경기","가평군","설악면","","","설악면 중심","경기 가평군 설악면","10.98","N","청평역"
"한국미인테라피","경기","경기","가평군","조종면","","","조종면 중심","경기 가평군 조종면","11.86","N","상천역"
"한국미인테라피","경기","경기","가평군","청평면","청평역","경기도 가평군 청평면 청평역로 97-33(청평리 125-1)","청평역 인근","경기도 가평군 청평면 청평역로 97-33(청평리 125-1)","1.09","Y","청평역"
"한국미인테라피","경기","경기","고양시","일산동","일산역","경기도 고양시 일산서구 경의로 672","일산역 인근","경기도 고양시 일산서구 경의로 672","0.25","Y","일산역"
"한국미인테라피","경기","경기","고양시-덕양구","고양동","삼송역","경기도 고양시 덕양구 삼송로 194","삼송역 인근","경기도 고양시 덕양구 삼송로 194","6.23","Y","삼송역"
"한국미인테라피","경기","경기","고양시-덕양구","관산동","원당역","경기도 고양시 덕양구 덕양대로 1429(성사1동 4100-7)","원당역 인근","경기도 고양시 덕양구 덕양대로 1429(성사1동 4100-7)","5.26","Y","원당역"
"한국미인테라피","경기","경기","고양시-덕양구","능곡동","대곡역","경기도 고양시 덕양구 대주로 107번길 71-81(대장동 420-1)","대곡역 인근","경기도 고양시 덕양구 대주로 107번길 71-81(대장동 420-1)","0.60","Y","대곡역"
"한국미인테라피","경기","경기","고양시-덕양구","대덕동","한국항공대역","경기도 고양시 덕양구 화랑로 53(화전동 183-10)","한국항공대역 인근","경기도 고양시 덕양구 화랑로 53(화전동 183-10)","2.00","Y","한국항공대역"
"한국미인테라피","경기","경기","고양시-덕양구","삼송동","삼송역","경기도 고양시 덕양구 삼송로 194","삼송역 인근","경기도 고양시 덕양구 삼송로 194","0.53","Y","삼송역"
"한국미인테라피","경기","경기","고양시-덕양구","성사동","원당역","경기도 고양시 덕양구 덕양대로 1429(성사1동 4100-7)","원당역 인근","경기도 고양시 덕양구 덕양대로 1429(성사1동 4100-7)","0.38","Y","원당역"
"한국미인테라피","경기","경기","고양시-덕양구","원신동","원흥역","경기도 고양시 덕양구 권율대로 681 (원흥동, 원흥역) 원흥역","원흥역 인근","경기도 고양시 덕양구 권율대로 681 (원흥동, 원흥역) 원흥역","2.19","Y","원흥역"
"한국미인테라피","경기","경기","고양시-덕양구","주교동","원당역","경기도 고양시 덕양구 덕양대로 1429(성사1동 4100-7)","원당역 인근","경기도 고양시 덕양구 덕양대로 1429(성사1동 4100-7)","1.61","Y","원당역"
"한국미인테라피","경기","경기","고양시-덕양구","창릉동","구파발역","서울특별시 은평구 진관2로 지하15-25 (진관동)","구파발역 인근","서울특별시 은평구 진관2로 지하15-25 (진관동)","2.52","Y","구파발역"
"한국미인테라피","경기","경기","고양시-덕양구","행신동","행신역","경기도 고양시 덕양구 행신동 충경로 124번지(행신2동 812)","행신역 인근","경기도 고양시 덕양구 행신동 충경로 124번지(행신2동 812)","0.86","Y","행신역"
"한국미인테라피","경기","경기","고양시-덕양구","행주동","능곡역","경기도 고양시 덕양구 토당로 35(토당동 454-3)","능곡역 인근","경기도 고양시 덕양구 토당로 35(토당동 454-3)","1.04","Y","능곡역"
"한국미인테라피","경기","경기","고양시-덕양구","화전동","한국항공대역","경기도 고양시 덕양구 화랑로 53(화전동 183-10)","한국항공대역 인근","경기도 고양시 덕양구 화랑로 53(화전동 183-10)","1.40","Y","한국항공대역"
"한국미인테라피","경기","경기","고양시-덕양구","화정동","화정역","경기도 고양시 덕양구 화정로 60 화정역","화정역 인근","경기도 고양시 덕양구 화정로 60 화정역","0.06","Y","화정역"
"한국미인테라피","경기","경기","고양시-덕양구","효자동","지축역","경기도 고양시 덕양구 삼송로 300(지축동)","지축역 인근","경기도 고양시 덕양구 삼송로 300(지축동)","4.07","Y","지축역"
"한국미인테라피","경기","경기","고양시-덕양구","흥도동","원흥역","경기도 고양시 덕양구 권율대로 681 (원흥동, 원흥역) 원흥역","원흥역 인근","경기도 고양시 덕양구 권율대로 681 (원흥동, 원흥역) 원흥역","2.37","Y","원흥역"
"한국미인테라피","경기","경기","고양시-일산동구","고봉동","운정역","경기도 파주시 운정역길 368(야당동 299-4번지)","운정역 인근","경기도 파주시 운정역길 368(야당동 299-4번지)","4.10","Y","운정역"
"한국미인테라피","경기","경기","고양시-일산동구","마두동","백마역","경기도 고양시 일산동구 경의로 318(풍동 482-8)","백마역 인근","경기도 고양시 일산동구 경의로 318(풍동 482-8)","0.86","Y","백마역"
"한국미인테라피","경기","경기","고양시-일산동구","백석동","백석역","경기도 고양시 일산동구 중앙로 1042","백석역 인근","경기도 고양시 일산동구 중앙로 1042","0.08","Y","백석역"
"한국미인테라피","경기","경기","고양시-일산동구","식사동","풍산역","경기도 고양시 일산동구 경의로 486(풍동)","풍산역 인근","경기도 고양시 일산동구 경의로 486(풍동)","2.46","Y","풍산역"
"한국미인테라피","경기","경기","고양시-일산동구","장항동","마두역","경기도 고양시 일산동구 중앙로 지하 1180(마두동)","마두역 인근","경기도 고양시 일산동구 중앙로 지하 1180(마두동)","1.12","Y","마두역"
"한국미인테라피","경기","경기","고양시-일산동구","정발산동","풍산역","경기도 고양시 일산동구 경의로 486(풍동)","풍산역 인근","경기도 고양시 일산동구 경의로 486(풍동)","0.64","Y","풍산역"
"한국미인테라피","경기","경기","고양시-일산동구","중산동","일산역","경기도 고양시 일산서구 경의로 672","일산역 인근","경기도 고양시 일산서구 경의로 672","1.30","Y","일산역"
"한국미인테라피","경기","경기","고양시-일산동구","풍산동","백마역","경기도 고양시 일산동구 경의로 318(풍동 482-8)","백마역 인근","경기도 고양시 일산동구 경의로 318(풍동 482-8)","0.88","Y","백마역"
"한국미인테라피","경기","경기","고양시-일산서구","가좌동","운양역","경기도 김포시 김포한강1로 지하 235","운양역 인근","경기도 김포시 김포한강1로 지하 235","3.63","Y","운양역"
"한국미인테라피","경기","경기","고양시-일산서구","대화동","대화역","경기도 고양시 일산서구 중앙로 1569(대화동 2221)","대화역 인근","경기도 고양시 일산서구 중앙로 1569(대화동 2221)","0.30","Y","대화역"
"한국미인테라피","경기","경기","고양시-일산서구","덕이동","탄현역","경기도 고양시 일산서구 경의로 856(덕이동)","탄현역 인근","경기도 고양시 일산서구 경의로 856(덕이동)","1.44","Y","탄현역"
"한국미인테라피","경기","경기","고양시-일산서구","송포동","대화역","경기도 고양시 일산서구 중앙로 1569(대화동 2221)","대화역 인근","경기도 고양시 일산서구 중앙로 1569(대화동 2221)","2.77","Y","대화역"
"한국미인테라피","경기","경기","고양시-일산서구","일산동","일산역","경기도 고양시 일산서구 경의로 672","일산역 인근","경기도 고양시 일산서구 경의로 672","0.25","Y","일산역"
"한국미인테라피","경기","경기","고양시-일산서구","주엽동","주엽역","경기도 고양시 일산서구 중앙로 1432(주엽동 166-7)","주엽역 인근","경기도 고양시 일산서구 중앙로 1432(주엽동 166-7)","0.13","Y","주엽역"
"한국미인테라피","경기","경기","고양시-일산서구","탄현동","","","탄현동 중심","경기 고양시 일산서구 탄현동","","N",""
"한국미인테라피","경기","경기","과천시","갈현동","정부과천청사역","경기도 과천시 중앙로 지하 100","정부과천청사역 인근","경기도 과천시 중앙로 지하 100","1.44","Y","정부과천청사역"
"한국미인테라피","경기","경기","과천시","과천동","선바위역","경기도 과천시 중앙로 440","선바위역 인근","경기도 과천시 중앙로 440","0.26","Y","선바위역"
"한국미인테라피","경기","경기","과천시","문원동","정부과천청사역","경기도 과천시 중앙로 지하 100","정부과천청사역 인근","경기도 과천시 중앙로 지하 100","1.17","Y","정부과천청사역"
"한국미인테라피","경기","경기","과천시","별양동","정부과천청사역","경기도 과천시 중앙로 지하 100","정부과천청사역 인근","경기도 과천시 중앙로 지하 100","0.55","Y","정부과천청사역"
"한국미인테라피","경기","경기","과천시","부림동","과천역","경기도 과천시 별양로 지하 177","과천역 인근","경기도 과천시 별양로 지하 177","0.29","Y","과천역"
"한국미인테라피","경기","경기","과천시","원문동","정부과천청사역","경기도 과천시 중앙로 지하 100","정부과천청사역 인근","경기도 과천시 중앙로 지하 100","0.49","Y","정부과천청사역"
"한국미인테라피","경기","경기","과천시","중앙동","정부과천청사역","경기도 과천시 중앙로 지하 100","정부과천청사역 인근","경기도 과천시 중앙로 지하 100","0.27","Y","정부과천청사역"
"한국미인테라피","경기","경기","광명시","광명동","광명사거리역","경기도 광명시 오리로 지하980(광명동)","광명사거리역 인근","경기도 광명시 오리로 지하980(광명동)","0.42","Y","광명사거리역"
"한국미인테라피","경기","경기","광명시","소하동","금천구청역","서울시 금천구 시흥대로 63길 91","금천구청역 인근","서울시 금천구 시흥대로 63길 91","1.75","Y","금천구청역"
"한국미인테라피","경기","경기","광명시","일직동","광명역","경기도 광명시 광명역로 21","광명역 인근","경기도 광명시 광명역로 21","0.39","Y","광명역"
"한국미인테라피","경기","경기","광명시","철산동","철산역","경기도 광명시 철산로 지하13(철산동)","철산역 인근","경기도 광명시 철산로 지하13(철산동)","0.45","Y","철산역"
"한국미인테라피","경기","경기","광명시","하안동","철산역","경기도 광명시 철산로 지하13(철산동)","철산역 인근","경기도 광명시 철산로 지하13(철산동)","1.68","Y","철산역"
"한국미인테라피","경기","경기","광명시","학온동","광명역","경기도 광명시 광명역로 21","광명역 인근","경기도 광명시 광명역로 21","3.15","Y","광명역"
"한국미인테라피","경기","경기","광주시","경안동","경기광주역","경기도 광주시 광주역로 10 경기광주역사","경기광주역 인근","경기도 광주시 광주역로 10 경기광주역사","1.37","Y","경기광주역"
"한국미인테라피","경기","경기","광주시","곤지암읍","곤지암역","경기도 광주시 곤지암천로 333","곤지암역 인근","경기도 광주시 곤지암천로 333","1.40","Y","곤지암역"
"한국미인테라피","경기","경기","광주시","광남동","경기광주역","경기도 광주시 광주역로 10 경기광주역사","경기광주역 인근","경기도 광주시 광주역로 10 경기광주역사","2.34","Y","경기광주역"
"한국미인테라피","경기","경기","광주시","남종면","양수역","경기도 양평군 양서면 목왕로 55-10","양수역 인근","경기도 양평군 양서면 목왕로 55-10","5.16","Y","양수역"
"한국미인테라피","경기","경기","광주시","남한산성면","삼동역","경기도 광주시 순암로 451","삼동역 인근","경기도 광주시 순암로 451","6.36","Y","삼동역"
"한국미인테라피","경기","경기","광주시","능평동","미금역","경기도 성남시 수정구 성남대로 지하 156","미금역 인근","경기도 성남시 수정구 성남대로 지하 156","4.66","Y","미금역"
"한국미인테라피","경기","경기","광주시","도척면","곤지암역","경기도 광주시 곤지암천로 333","곤지암역 인근","경기도 광주시 곤지암천로 333","5.52","Y","곤지암역"
"한국미인테라피","경기","경기","광주시","송정동","경기광주역","경기도 광주시 광주역로 10 경기광주역사","경기광주역 인근","경기도 광주시 광주역로 10 경기광주역사","3.07","Y","경기광주역"
"한국미인테라피","경기","경기","광주시","신현동","서현역","경기도 성남시 분당구 성남대로 지하 601","서현역 인근","경기도 성남시 분당구 성남대로 지하 601","3.89","Y","서현역"
"한국미인테라피","경기","경기","광주시","쌍령동","경기광주역","경기도 광주시 광주역로 10 경기광주역사","경기광주역 인근","경기도 광주시 광주역로 10 경기광주역사","1.62","Y","경기광주역"
"한국미인테라피","경기","경기","광주시","오포동","경기광주역","경기도 광주시 광주역로 10 경기광주역사","경기광주역 인근","경기도 광주시 광주역로 10 경기광주역사","4.15","Y","경기광주역"
"한국미인테라피","경기","경기","광주시","초월읍","초월역","경기도 광주시 초월읍 경충대로 1066","초월역 인근","경기도 광주시 초월읍 경충대로 1066","2.67","Y","초월역"
"한국미인테라피","경기","경기","광주시","탄벌동","삼동역","경기도 광주시 순암로 451","삼동역 인근","경기도 광주시 순암로 451","3.09","Y","삼동역"
"한국미인테라피","경기","경기","광주시","퇴촌면","","","퇴촌면 중심","경기 광주시 퇴촌면","8.55","N","신원역"
"한국미인테라피","경기","경기","구리시","갈매동","갈매역","경기도 구리시 갈매동 경춘북로 229(갈매동 502-18)","갈매역 인근","경기도 구리시 갈매동 경춘북로 229(갈매동 502-18)","0.39","Y","갈매역"
"한국미인테라피","경기","경기","구리시","교문동","장자호수공원역","수택동 870-3 일원(장자2사거리)","장자호수공원역 인근","수택동 870-3 일원(장자2사거리)","0.92","Y","장자호수공원역"
"한국미인테라피","경기","경기","구리시","동구동","동구릉역","인창동 679-8 일원(구리도매시장)","동구릉역 인근","인창동 679-8 일원(구리도매시장)","0.40","Y","동구릉역"
"한국미인테라피","경기","경기","구리시","수택동","구리역","인창동 675-1 일원(구리역공원)","구리역 인근","인창동 675-1 일원(구리역공원)","0.71","Y","구리역"
"한국미인테라피","경기","경기","구리시","인창동","동구릉역","인창동 679-8 일원(구리도매시장)","동구릉역 인근","인창동 679-8 일원(구리도매시장)","0.39","Y","동구릉역"
"한국미인테라피","경기","경기","군포시","광정동","산본역","경기도 군포시 번영로 504","산본역 인근","경기도 군포시 번영로 504","0.93","Y","산본역"
"한국미인테라피","경기","경기","군포시","군포동","","","군포동 중심","경기 군포시 군포동","","N",""
"한국미인테라피","경기","경기","군포시","궁내동","산본역","경기도 군포시 번영로 504","산본역 인근","경기도 군포시 번영로 504","1.00","Y","산본역"
"한국미인테라피","경기","경기","군포시","금정동","금정역","경기도 군포시 군포로 750","금정역 인근","경기도 군포시 군포로 750","0.82","Y","금정역"
"한국미인테라피","경기","경기","군포시","대야동","대야미역","경기도 군포시 대야1로 28","대야미역 인근","경기도 군포시 대야1로 28","0.27","Y","대야미역"
"한국미인테라피","경기","경기","군포시","산본동","수리산역","경기도 군포시 번영로 385","수리산역 인근","경기도 군포시 번영로 385","1.13","Y","수리산역"
"한국미인테라피","경기","경기","군포시","송부동","대야미역","경기도 군포시 대야1로 28","대야미역 인근","경기도 군포시 대야1로 28","1.12","Y","대야미역"
"한국미인테라피","경기","경기","군포시","수리동","수리산역","경기도 군포시 번영로 385","수리산역 인근","경기도 군포시 번영로 385","0.75","Y","수리산역"
"한국미인테라피","경기","경기","군포시","오금동","수리산역","경기도 군포시 번영로 385","수리산역 인근","경기도 군포시 번영로 385","0.36","Y","수리산역"
"한국미인테라피","경기","경기","군포시","재궁동","산본역","경기도 군포시 번영로 504","산본역 인근","경기도 군포시 번영로 504","0.41","Y","산본역"
"한국미인테라피","경기","경기","김포시","고촌읍","고촌역","경기도 김포시 고촌읍 김포대로 지하 350","고촌역 인근","경기도 김포시 고촌읍 김포대로 지하 350","0.91","Y","고촌역"
"한국미인테라피","경기","경기","김포시","구래동","구래역","경기도 김포시 김포한강7로 87","구래역 인근","경기도 김포시 김포한강7로 87","0.17","Y","구래역"
"한국미인테라피","경기","경기","김포시","김포본동","걸포북변역","경기도 김포시 김포대로 지하 1040","걸포북변역 인근","경기도 김포시 김포대로 지하 1040","0.45","Y","걸포북변역"
"한국미인테라피","경기","경기","김포시","대곶면","양촌역","경기도 김포시 양촌읍 양촌역길 107","양촌역 인근","경기도 김포시 양촌읍 양촌역길 107","3.96","Y","양촌역"
"한국미인테라피","경기","경기","김포시","마산동","마산역","경기도 김포시 김포한강3로 지하 442","마산역 인근","경기도 김포시 김포한강3로 지하 442","0.10","Y","마산역"
"한국미인테라피","경기","경기","김포시","사우동","사우역","경기도 김포시 김포대로 지하 852","사우역 인근","경기도 김포시 김포대로 지하 852","0.59","Y","사우역"
"한국미인테라피","경기","경기","김포시","양촌읍","구래역","경기도 김포시 김포한강7로 87","구래역 인근","경기도 김포시 김포한강7로 87","1.33","Y","구래역"
"한국미인테라피","경기","경기","김포시","운양동","운양역","경기도 김포시 김포한강1로 지하 235","운양역 인근","경기도 김포시 김포한강1로 지하 235","0.28","Y","운양역"
"한국미인테라피","경기","경기","김포시","월곶면","","","월곶면 중심","경기 김포시 월곶면","10.24","N","양촌역"
"한국미인테라피","경기","경기","김포시","장기동","장기역","경기도 김포시 김포한강1로 지하 59","장기역 인근","경기도 김포시 김포한강1로 지하 59","0.24","Y","장기역"
"한국미인테라피","경기","경기","김포시","장기본동","장기역","경기도 김포시 김포한강1로 지하 59","장기역 인근","경기도 김포시 김포한강1로 지하 59","0.95","Y","장기역"
"한국미인테라피","경기","경기","김포시","통진읍","구래역","경기도 김포시 김포한강7로 87","구래역 인근","경기도 김포시 김포한강7로 87","5.93","Y","구래역"
"한국미인테라피","경기","경기","김포시","풍무동","풍무역","경기도 김포시 김포대로 지하 710","풍무역 인근","경기도 김포시 김포대로 지하 710","1.06","Y","풍무역"
"한국미인테라피","경기","경기","김포시","하성면","","","하성면 중심","경기 김포시 하성면","9.41","N","구래역"
"한국미인테라피","경기","경기","남양주시","금곡동","금곡역","경기도 남양주시 경춘로 903(금곡동 404-276)","금곡역 인근","경기도 남양주시 경춘로 903(금곡동 404-276)","0.87","Y","금곡역"
"한국미인테라피","경기","경기","남양주시","다산동","도농역","경기도 남양주시 경춘로 433(도농동 56-1)","도농역 인근","경기도 남양주시 경춘로 433(도농동 56-1)","0.30","Y","도농역"
"한국미인테라피","경기","경기","남양주시","별내동","별내별가람역","경기도 남양주시 별내3로 지하 345","별내별가람역 인근","경기도 남양주시 별내3로 지하 345","1.35","Y","별내별가람역"
"한국미인테라피","경기","경기","남양주시","별내면","탑석역","경기도 의정부시 충의로 20","탑석역 인근","경기도 의정부시 충의로 20","3.98","Y","탑석역"
"한국미인테라피","경기","경기","남양주시","수동면","천마산역","경기도 남양주시 화도읍 묵현로 25번길 37","천마산역 인근","경기도 남양주시 화도읍 묵현로 25번길 37","7.36","Y","천마산역"
"한국미인테라피","경기","경기","남양주시","양정동","양정역","경기도 남양주시 경강로 237(이패동 398-32)","양정역 인근","경기도 남양주시 경강로 237(이패동 398-32)","0.70","Y","양정역"
"한국미인테라피","경기","경기","남양주시","오남읍","오남역","경기도 남양주시 오남읍 진건오남로 지하 929","오남역 인근","경기도 남양주시 오남읍 진건오남로 지하 929","3.04","Y","오남역"
"한국미인테라피","경기","경기","남양주시","와부읍","도심역","경기도 남양주시 와부읍 덕소로 237(도곡리 1024-2)","도심역 인근","경기도 남양주시 와부읍 덕소로 237(도곡리 1024-2)","2.11","Y","도심역"
"한국미인테라피","경기","경기","남양주시","조안면","운길산역","경기도 남양주시 조안면 운길산로 20","운길산역 인근","경기도 남양주시 조안면 운길산로 20","1.92","Y","운길산역"
"한국미인테라피","경기","경기","남양주시","진건읍","사릉역","경기도 남양주시 진건읍 진건우회로 72-8(사능리 590-2)","사릉역 인근","경기도 남양주시 진건읍 진건우회로 72-8(사능리 590-2)","0.73","Y","사릉역"
"한국미인테라피","경기","경기","남양주시","진접읍","진접역","경기도 남양주시 진접읍 경복대로 지하 244","진접역 인근","경기도 남양주시 진접읍 경복대로 지하 244","0.55","Y","진접역"
"한국미인테라피","경기","경기","남양주시","퇴계원읍","퇴계원역","경기도 남양주시 퇴계원면 경춘북로 545(퇴계원리 218-8)","퇴계원역 인근","경기도 남양주시 퇴계원면 경춘북로 545(퇴계원리 218-8)","0.06","Y","퇴계원역"
"한국미인테라피","경기","경기","남양주시","평내동","평내호평역","경기도 남양주시 경춘로 1375(평내동 156)","평내호평역 인근","경기도 남양주시 경춘로 1375(평내동 156)","0.95","Y","평내호평역"
"한국미인테라피","경기","경기","남양주시","호평동","평내호평역","경기도 남양주시 경춘로 1375(평내동 156)","평내호평역 인근","경기도 남양주시 경춘로 1375(평내동 156)","0.53","Y","평내호평역"
"한국미인테라피","경기","경기","남양주시","화도읍","마석역","경기도 남양주시 화도읍 마석우리 241-4","마석역 인근","경기도 남양주시 화도읍 마석우리 241-4","0.72","Y","마석역"
"한국미인테라피","경기","경기","동두천시","보산동","보산역","경기도 동두천시 평화로 2539(보산동)","보산역 인근","경기도 동두천시 평화로 2539(보산동)","0.50","Y","보산역"
"한국미인테라피","경기","경기","동두천시","불현동","동두천중앙역","경기도 동두천시 동두천로 228(생연동 682)","동두천중앙역 인근","경기도 동두천시 동두천로 228(생연동 682)","0.64","Y","동두천중앙역"
"한국미인테라피","경기","경기","동두천시","상패동","동두천중앙역","경기도 동두천시 동두천로 228(생연동 682)","동두천중앙역 인근","경기도 동두천시 동두천로 228(생연동 682)","2.21","Y","동두천중앙역"
"한국미인테라피","경기","경기","동두천시","생연동","동두천중앙역","경기도 동두천시 동두천로 228(생연동 682)","동두천중앙역 인근","경기도 동두천시 동두천로 228(생연동 682)","0.54","Y","동두천중앙역"
"한국미인테라피","경기","경기","동두천시","소요동","동두천역","경기도 동두천시 평화로 2687(동두천동 245-210)","동두천역 인근","경기도 동두천시 평화로 2687(동두천동 245-210)","0.33","Y","동두천역"
"한국미인테라피","경기","경기","동두천시","송내동","지행역","경기도 동두천시 평화로 2285(지행동)","지행역 인근","경기도 동두천시 평화로 2285(지행동)","1.35","Y","지행역"
"한국미인테라피","경기","경기","동두천시","중앙동","동두천중앙역","경기도 동두천시 동두천로 228(생연동 682)","동두천중앙역 인근","경기도 동두천시 동두천로 228(생연동 682)","0.72","Y","동두천중앙역"
"한국미인테라피","경기","경기","부천시-소사구","괴안동","역곡역","경기도 부천시 원미구 역곡로 1(역곡동)","역곡역 인근","경기도 부천시 원미구 역곡로 1(역곡동)","0.33","Y","역곡역"
"한국미인테라피","경기","경기","부천시-소사구","범박동","소새울역","경기도 부천시 소사로 지하 284","소새울역 인근","경기도 부천시 소사로 지하 284","1.29","Y","소새울역"
"한국미인테라피","경기","경기","부천시-소사구","소사본동","소새울역","경기도 부천시 소사로 지하 284","소새울역 인근","경기도 부천시 소사로 지하 284","0.59","Y","소새울역"
"한국미인테라피","경기","경기","부천시-소사구","송내동","중동역","경기도 부천시 소사구 중동로 73","중동역 인근","경기도 부천시 소사구 중동로 73","0.44","Y","중동역"
"한국미인테라피","경기","경기","부천시-소사구","심곡본동","부천역","경기도 부천시 소사구 부천로 1","부천역 인근","경기도 부천시 소사구 부천로 1","0.68","Y","부천역"
"한국미인테라피","경기","경기","부천시-소사구","역곡동","","","역곡동 중심","경기 부천시 소사구 역곡동","","N",""
"한국미인테라피","경기","경기","부천시-소사구","옥길동","천왕역","서울특별시 구로구 오리로 지하1154(천왕동)","천왕역 인근","서울특별시 구로구 오리로 지하1154(천왕동)","2.26","Y","천왕역"
"한국미인테라피","경기","경기","부천시-오정구","고강동","원종역","경기도 부천시 원종동 404","원종역 인근","경기도 부천시 원종동 404","1.45","Y","원종역"
"한국미인테라피","경기","경기","부천시-오정구","고강본동","","","고강본동 중심","경기 부천시 오정구 고강본동","","N",""
"한국미인테라피","경기","경기","부천시-오정구","성곡동","","","성곡동 중심","경기 부천시 오정구 성곡동","","N",""
"한국미인테라피","경기","경기","부천시-오정구","신흥동","신중동역","경기도 부천시 원미구 길주로 지하 314 (중동)","신중동역 인근","경기도 부천시 원미구 길주로 지하 314 (중동)","1.89","Y","신중동역"
"한국미인테라피","경기","경기","부천시-오정구","오정동","","","오정동 중심","경기 부천시 오정구 오정동","","N",""
"한국미인테라피","경기","경기","부천시-오정구","원종동","","","원종동 중심","경기 부천시 오정구 원종동","","N",""
"한국미인테라피","경기","경기","부천시-원미구","도당동","춘의역","경기도 부천시 원미구 길주로 지하 406 (춘의동)","춘의역 인근","경기도 부천시 원미구 길주로 지하 406 (춘의동)","1.21","Y","춘의역"
"한국미인테라피","경기","경기","부천시-원미구","상동","상동역","경기도 부천시 원미구 길주로 지하 104 (상동)","상동역 인근","경기도 부천시 원미구 길주로 지하 104 (상동)","0.01","Y","상동역"
"한국미인테라피","경기","경기","부천시-원미구","소사동","소사역","경기도 부천시 소사구 경인로 363","소사역 인근","경기도 부천시 소사구 경인로 363","0.38","Y","소사역"
"한국미인테라피","경기","경기","부천시-원미구","심곡동","부천역","경기도 부천시 소사구 부천로 1","부천역 인근","경기도 부천시 소사구 부천로 1","0.79","Y","부천역"
"한국미인테라피","경기","경기","부천시-원미구","약대동","부천시청역","경기도 부천시 원미구 길주로 지하 202 (중동)","부천시청역 인근","경기도 부천시 원미구 길주로 지하 202 (중동)","1.10","Y","부천시청역"
"한국미인테라피","경기","경기","부천시-원미구","역곡동","역곡역","경기도 부천시 원미구 역곡로 1(역곡동)","역곡역 인근","경기도 부천시 원미구 역곡로 1(역곡동)","0.64","Y","역곡역"
"한국미인테라피","경기","경기","부천시-원미구","원미동","소사역","경기도 부천시 소사구 경인로 363","소사역 인근","경기도 부천시 소사구 경인로 363","1.15","Y","소사역"
"한국미인테라피","경기","경기","부천시-원미구","중동","중동역","경기도 부천시 소사구 중동로 73","중동역 인근","경기도 부천시 소사구 중동로 73","0.05","Y","중동역"
"한국미인테라피","경기","경기","부천시-원미구","춘의동","부천종합운동장역","경기도 부천시 원미구 길주로 지하 502 (춘의동)","부천종합운동장역 인근","경기도 부천시 원미구 길주로 지하 502 (춘의동)","0.56","Y","부천종합운동장역"
"한국미인테라피","경기","경기","성남시-분당구","구미동","오리역","경기도 성남시 분당구 성남대로 지하 55(구미동 795)","오리역 인근","경기도 성남시 분당구 성남대로 지하 55(구미동 795)","1.07","Y","오리역"
"한국미인테라피","경기","경기","성남시-분당구","금곡동","정자역","경기도 성남시 분당구 성남대로 지하 333(정자동)","정자역 인근","경기도 성남시 분당구 성남대로 지하 333(정자동)","1.11","Y","정자역"
"한국미인테라피","경기","경기","성남시-분당구","백현동","판교역","경기도 성남시 분당구 판교역로 160","판교역 인근","경기도 성남시 분당구 판교역로 160","0.73","Y","판교역"
"한국미인테라피","경기","경기","성남시-분당구","분당동","서현역","경기도 성남시 분당구 성남대로 지하 601","서현역 인근","경기도 성남시 분당구 성남대로 지하 601","2.47","Y","서현역"
"한국미인테라피","경기","경기","성남시-분당구","삼평동","판교역","경기도 성남시 분당구 판교역로 지하 160","판교역 인근","경기도 성남시 분당구 판교역로 지하 160","1.05","Y","판교역"
"한국미인테라피","경기","경기","성남시-분당구","서현동","서현역","경기도 성남시 분당구 성남대로 지하 601","서현역 인근","경기도 성남시 분당구 성남대로 지하 601","0.91","Y","서현역"
"한국미인테라피","경기","경기","성남시-분당구","수내동","수내역","경기도 성남시 분당구 성남대로 지하 491(수내동)","수내역 인근","경기도 성남시 분당구 성남대로 지하 491(수내동)","0.98","Y","수내역"
"한국미인테라피","경기","경기","성남시-분당구","야탑동","야탑역","경기도 성남시 성남대로 지하 903(야탑동 688-1)","야탑역 인근","경기도 성남시 성남대로 지하 903(야탑동 688-1)","1.63","Y","야탑역"
"한국미인테라피","경기","경기","성남시-분당구","운중동","판교역","경기도 성남시 분당구 판교역로 160","판교역 인근","경기도 성남시 분당구 판교역로 160","3.23","Y","판교역"
"한국미인테라피","경기","경기","성남시-분당구","이매동","이매역","경기도 성남시 성남대로 지하 738","이매역 인근","경기도 성남시 성남대로 지하 738","0.44","Y","이매역"
"한국미인테라피","경기","경기","성남시-분당구","정자동","정자역","경기도 성남시 분당구 성남대로 지하 333 ","정자역 인근","경기도 성남시 분당구 성남대로 지하 333 ","0.94","Y","정자역"
"한국미인테라피","경기","경기","성남시-분당구","판교동","판교역","경기도 성남시 분당구 판교역로 160","판교역 인근","경기도 성남시 분당구 판교역로 160","1.23","Y","판교역"
"한국미인테라피","경기","경기","성남시-수정구","고등동","모란역","경기도 성남시 중원구 성남대로 지하 1147(성남동 1575)","모란역 인근","경기도 성남시 중원구 성남대로 지하 1147(성남동 1575)","2.93","Y","모란역"
"한국미인테라피","경기","경기","성남시-수정구","단대동","남한산성입구역","경기도 성남시 수정구 산성대로 지하445(단대동)","남한산성입구역 인근","경기도 성남시 수정구 산성대로 지하445(단대동)","0.41","Y","남한산성입구역"
"한국미인테라피","경기","경기","성남시-수정구","복정동","남위례역","경기도 성남시 수정구 공원로 601(복정동)","남위례역 인근","경기도 성남시 수정구 공원로 601(복정동)","0.66","Y","남위례역"
"한국미인테라피","경기","경기","성남시-수정구","산성동","산성역","경기도 성남시 수정구 수정로 지하365(신흥동)","산성역 인근","경기도 성남시 수정구 수정로 지하365(신흥동)","0.29","Y","산성역"
"한국미인테라피","경기","경기","성남시-수정구","수진동","태평역","경기도 성남시 수정구 성남대로 지하 1229번지","태평역 인근","경기도 성남시 수정구 성남대로 지하 1229번지","0.19","Y","태평역"
"한국미인테라피","경기","경기","성남시-수정구","시흥동","야탑역","경기도 성남시 성남대로 지하 903(야탑동 688-1)","야탑역 인근","경기도 성남시 성남대로 지하 903(야탑동 688-1)","2.52","Y","야탑역"
"한국미인테라피","경기","경기","성남시-수정구","신촌동","가천대역","경기도 성남시 수정구 성남대로 1332","가천대역 인근","경기도 성남시 수정구 성남대로 1332","1.93","Y","가천대역"
"한국미인테라피","경기","경기","성남시-수정구","신흥동","신흥역","경기도 성남시 수정구 산성대로 지하280(신흥동)","신흥역 인근","경기도 성남시 수정구 산성대로 지하280(신흥동)","0.64","Y","신흥역"
"한국미인테라피","경기","경기","성남시-수정구","양지동","남한산성입구역","경기도 성남시 수정구 산성대로 지하445(단대동)","남한산성입구역 인근","경기도 성남시 수정구 산성대로 지하445(단대동)","1.10","Y","남한산성입구역"
"한국미인테라피","경기","경기","성남시-수정구","위례동","","","위례동 중심","경기 성남시 수정구 위례동","","N",""
"한국미인테라피","경기","경기","성남시-수정구","태평동","가천대역","경기도 성남시 수정구 성남대로 1332","가천대역 인근","경기도 성남시 수정구 성남대로 1332","0.53","Y","가천대역"
"한국미인테라피","경기","경기","성남시-중원구","금광동","남한산성입구역","경기도 성남시 수정구 산성대로 지하445(단대동)","남한산성입구역 인근","경기도 성남시 수정구 산성대로 지하445(단대동)","0.86","Y","남한산성입구역"
"한국미인테라피","경기","경기","성남시-중원구","도촌동","야탑역","경기도 성남시 성남대로 지하 903(야탑동 688-1)","야탑역 인근","경기도 성남시 성남대로 지하 903(야탑동 688-1)","2.56","Y","야탑역"
"한국미인테라피","경기","경기","성남시-중원구","상대원동","단대오거리역","경기도 성남시 수정구 산성대로 지하365(신흥동)","단대오거리역 인근","경기도 성남시 수정구 산성대로 지하365(신흥동)","1.56","Y","단대오거리역"
"한국미인테라피","경기","경기","성남시-중원구","성남동","모란역","경기도 성남시 중원구 성남대로 지하 1147(성남동 1575)","모란역 인근","경기도 성남시 중원구 성남대로 지하 1147(성남동 1575)","0.43","Y","모란역"
"한국미인테라피","경기","경기","성남시-중원구","은행동","남한산성입구역","경기도 성남시 수정구 산성대로 지하445(단대동)","남한산성입구역 인근","경기도 성남시 수정구 산성대로 지하445(단대동)","1.07","Y","남한산성입구역"
"한국미인테라피","경기","경기","성남시-중원구","중앙동","신흥역","경기도 성남시 수정구 산성대로 지하280(신흥동)","신흥역 인근","경기도 성남시 수정구 산성대로 지하280(신흥동)","0.49","Y","신흥역"
"한국미인테라피","경기","경기","성남시-중원구","하대원동","수진역","경기도 성남시 수정구 산성대로 지하200(수진동)","수진역 인근","경기도 성남시 수정구 산성대로 지하200(수진동)","1.07","Y","수진역"
"한국미인테라피","경기","경기","수원시-권선구","곡선동","매탄권선역","경기도 수원시 영통구 권선로 841","매탄권선역 인근","경기도 수원시 영통구 권선로 841","1.21","Y","매탄권선역"
"한국미인테라피","경기","경기","수원시-권선구","구운동","화서역","경기도 수원시 팔달구 덕영대로 692","화서역 인근","경기도 수원시 팔달구 덕영대로 692","1.50","Y","화서역"
"한국미인테라피","경기","경기","수원시-권선구","권선동","매탄권선역","경기도 수원시 영통구 권선로 841","매탄권선역 인근","경기도 수원시 영통구 권선로 841","0.91","Y","매탄권선역"
"한국미인테라피","경기","경기","수원시-권선구","금곡동","성균관대역","경기도 수원시 장안구 서부로 2149","성균관대역 인근","경기도 수원시 장안구 서부로 2149","3.47","Y","성균관대역"
"한국미인테라피","경기","경기","수원시-권선구","서둔동","화서역","경기도 수원시 팔달구 덕영대로 692","화서역 인근","경기도 수원시 팔달구 덕영대로 692","1.32","Y","화서역"
"한국미인테라피","경기","경기","수원시-권선구","세류동","매교역","경기도 수원시 팔달구 효원로 126","매교역 인근","경기도 수원시 팔달구 효원로 126","0.97","Y","매교역"
"한국미인테라피","경기","경기","수원시-권선구","입북동","성균관대역","경기도 수원시 장안구 서부로 2149","성균관대역 인근","경기도 수원시 장안구 서부로 2149","1.38","Y","성균관대역"
"한국미인테라피","경기","경기","수원시-권선구","평동","고색역","경기도 수원시 권선구 매송고색로 지하690(고색동)","고색역 인근","경기도 수원시 권선구 매송고색로 지하690(고색동)","1.20","Y","고색역"
"한국미인테라피","경기","경기","수원시-권선구","호매실동","오목천역","경기도 수원시 권선구 삼천병마로 1576(오목천동)","오목천역 인근","경기도 수원시 권선구 삼천병마로 1576(오목천동)","2.66","Y","오목천역"
"한국미인테라피","경기","경기","수원시-영통구","광교동","광교중앙역","경기도 수원시 영통구 도청로 지하45","광교중앙역 인근","경기도 수원시 영통구 도청로 지하45","0.39","Y","광교중앙역"
"한국미인테라피","경기","경기","수원시-영통구","망포동","망포역","경기도 수원시 영통구 봉영로 지하 1520","망포역 인근","경기도 수원시 영통구 봉영로 지하 1520","0.93","Y","망포역"
"한국미인테라피","경기","경기","수원시-영통구","매탄동","수원시청역","경기도 수원시 권선구 효원로 270","수원시청역 인근","경기도 수원시 권선구 효원로 270","1.53","Y","수원시청역"
"한국미인테라피","경기","경기","수원시-영통구","영통동","청명역","경기도 수원시 영통구 봉영로 지하 1670","청명역 인근","경기도 수원시 영통구 봉영로 지하 1670","0.58","Y","청명역"
"한국미인테라피","경기","경기","수원시-영통구","원천동","광교중앙역","경기도 수원시 영통구 도청로 지하45","광교중앙역 인근","경기도 수원시 영통구 도청로 지하45","1.68","Y","광교중앙역"
"한국미인테라피","경기","경기","수원시-장안구","송죽동","화서역","경기도 수원시 팔달구 덕영대로 692","화서역 인근","경기도 수원시 팔달구 덕영대로 692","2.37","Y","화서역"
"한국미인테라피","경기","경기","수원시-장안구","연무동","광교역","경기도 수원시 영통구 대학로 55 신분당선 광교역","광교역 인근","경기도 수원시 영통구 대학로 55 신분당선 광교역","1.91","Y","광교역"
"한국미인테라피","경기","경기","수원시-장안구","영화동","화서역","경기도 수원시 팔달구 덕영대로 692","화서역 인근","경기도 수원시 팔달구 덕영대로 692","2.34","Y","화서역"
"한국미인테라피","경기","경기","수원시-장안구","율천동","성균관대역","경기도 수원시 장안구 서부로 2149","성균관대역 인근","경기도 수원시 장안구 서부로 2149","0.29","Y","성균관대역"
"한국미인테라피","경기","경기","수원시-장안구","정자동","화서역","경기도 수원시 팔달구 덕영대로 692","화서역 인근","경기도 수원시 팔달구 덕영대로 692","1.43","Y","화서역"
"한국미인테라피","경기","경기","수원시-장안구","조원동","광교역","경기도 수원시 영통구 대학로 55 신분당선 광교역","광교역 인근","경기도 수원시 영통구 대학로 55 신분당선 광교역","2.90","Y","광교역"
"한국미인테라피","경기","경기","수원시-장안구","파장동","성균관대역","경기도 수원시 장안구 서부로 2149","성균관대역 인근","경기도 수원시 장안구 서부로 2149","2.48","Y","성균관대역"
"한국미인테라피","경기","경기","수원시-팔달구","고등동","수원역","경기도 수원시 팔달구 덕영대로 944","수원역 인근","경기도 수원시 팔달구 덕영대로 944","0.86","Y","수원역"
"한국미인테라피","경기","경기","수원시-팔달구","매교동","매교역","경기도 수원시 팔달구 효원로 126","매교역 인근","경기도 수원시 팔달구 효원로 126","0.28","Y","매교역"
"한국미인테라피","경기","경기","수원시-팔달구","매산동","","","매산동 중심","경기 수원시 팔달구 매산동","","N",""
"한국미인테라피","경기","경기","수원시-팔달구","우만동","광교중앙역","경기도 수원시 영통구 도청로 지하45","광교중앙역 인근","경기도 수원시 영통구 도청로 지하45","1.80","Y","광교중앙역"
"한국미인테라피","경기","경기","수원시-팔달구","인계동","수원시청역","경기도 수원시 권선구 효원로 270","수원시청역 인근","경기도 수원시 권선구 효원로 270","0.71","Y","수원시청역"
"한국미인테라피","경기","경기","수원시-팔달구","지동","매교역","경기도 수원시 팔달구 효원로 126","매교역 인근","경기도 수원시 팔달구 효원로 126","2.02","Y","매교역"
"한국미인테라피","경기","경기","수원시-팔달구","행궁동","화서역","경기도 수원시 팔달구 덕영대로 692","화서역 인근","경기도 수원시 팔달구 덕영대로 692","2.04","Y","화서역"
"한국미인테라피","경기","경기","수원시-팔달구","화서동","화서역","경기도 수원시 팔달구 덕영대로 692","화서역 인근","경기도 수원시 팔달구 덕영대로 692","0.94","Y","화서역"
"한국미인테라피","경기","경기","시흥시","거북섬동","","","거북섬동 중심","경기 시흥시 거북섬동","","N",""
"한국미인테라피","경기","경기","시흥시","과림동","시흥대야역","경기도 부천시 소사로 지하 120","시흥대야역 인근","경기도 부천시 소사로 지하 120","4.11","Y","시흥대야역"
"한국미인테라피","경기","경기","시흥시","군자동","능길역","경기도 안산시 단원구 황고개로 2","능길역 인근","경기도 안산시 단원구 황고개로 2","2.25","Y","능길역"
"한국미인테라피","경기","경기","시흥시","능곡동","시흥능곡역","경기도 시흥시 시흥대로 지하 327","시흥능곡역 인근","경기도 시흥시 시흥대로 지하 327","0.54","Y","시흥능곡역"
"한국미인테라피","경기","경기","시흥시","대야동","시흥대야역","경기도 부천시 소사로 지하 120","시흥대야역 인근","경기도 부천시 소사로 지하 120","0.89","Y","시흥대야역"
"한국미인테라피","경기","경기","시흥시","매화동","신현역","경기도 시승시 신현로 12번길 지하 2-10","신현역 인근","경기도 시승시 신현로 12번길 지하 2-10","3.05","Y","신현역"
"한국미인테라피","경기","경기","시흥시","목감동","시흥능곡역","경기도 시흥시 시흥대로 지하 327","시흥능곡역 인근","경기도 시흥시 시흥대로 지하 327","4.03","Y","시흥능곡역"
"한국미인테라피","경기","경기","시흥시","배곧동","오이도역","경기도 시흥시 역전로 430","오이도역 인근","경기도 시흥시 역전로 430","1.60","Y","오이도역"
"한국미인테라피","경기","경기","시흥시","신천동","신천역","경기도 시흥시 서해안로 지하 1670","신천역 인근","경기도 시흥시 서해안로 지하 1670","0.71","Y","신천역"
"한국미인테라피","경기","경기","시흥시","신현동","신현역","경기도 시승시 신현로 12번길 지하 2-10","신현역 인근","경기도 시승시 신현로 12번길 지하 2-10","1.33","Y","신현역"
"한국미인테라피","경기","경기","시흥시","연성동","시흥시청역","경기도 시흥시 시흥대로 지하 467","시흥시청역 인근","경기도 시흥시 시흥대로 지하 467","0.75","Y","시흥시청역"
"한국미인테라피","경기","경기","시흥시","월곶동","달월역","경기도 시흥시 서해안로 736번길 55(월곶동)","달월역 인근","경기도 시흥시 서해안로 736번길 55(월곶동)","1.05","Y","달월역"
"한국미인테라피","경기","경기","시흥시","은행동","신천역","경기도 시흥시 서해안로 지하 1670","신천역 인근","경기도 시흥시 서해안로 지하 1670","2.08","Y","신천역"
"한국미인테라피","경기","경기","시흥시","장곡동","시흥시청역","경기도 시흥시 시흥대로 지하 467","시흥시청역 인근","경기도 시흥시 시흥대로 지하 467","2.10","Y","시흥시청역"
"한국미인테라피","경기","경기","시흥시","정왕동","정왕역","경기도 시흥시 마유로 418길 15","정왕역 인근","경기도 시흥시 마유로 418길 15","1.37","Y","정왕역"
"한국미인테라피","경기","경기","시흥시","정왕본동","정왕역","경기도 시흥시 마유로 418길 15","정왕역 인근","경기도 시흥시 마유로 418길 15","0.91","Y","정왕역"
"한국미인테라피","경기","경기","안산시-단원구","고잔동","중앙역","경기도 안산시 단원구 중앙대로 918","중앙역 인근","경기도 안산시 단원구 중앙대로 918","0.65","Y","중앙역"
"한국미인테라피","경기","경기","안산시-단원구","대부동","","","대부동 중심","경기 안산시 단원구 대부동","20.82","N","지식정보단지역"
"한국미인테라피","경기","경기","안산시-단원구","백운동","안산역","경기도 안산시 단원구 중앙대로 462","안산역 인근","경기도 안산시 단원구 중앙대로 462","0.75","Y","안산역"
"한국미인테라피","경기","경기","안산시-단원구","선부동","선부역","경기도 안산시 단원구 선부광장로 34","선부역 인근","경기도 안산시 단원구 선부광장로 34","0.53","Y","선부역"
"한국미인테라피","경기","경기","안산시-단원구","신길동","능길역","경기도 안산시 단원구 황고개로 2","능길역 인근","경기도 안산시 단원구 황고개로 2","0.72","Y","능길역"
"한국미인테라피","경기","경기","안산시-단원구","와동","선부역","경기도 안산시 단원구 선부광장로 34","선부역 인근","경기도 안산시 단원구 선부광장로 34","1.55","Y","선부역"
"한국미인테라피","경기","경기","안산시-단원구","원곡동","안산역","경기도 안산시 단원구 중앙대로 462","안산역 인근","경기도 안산시 단원구 중앙대로 462","0.74","Y","안산역"
"한국미인테라피","경기","경기","안산시-단원구","중앙동","중앙역","경기도 안산시 단원구 중앙대로 918","중앙역 인근","경기도 안산시 단원구 중앙대로 918","0.86","Y","중앙역"
"한국미인테라피","경기","경기","안산시-단원구","초지동","초지역","경기도 안산시 단원구 중앙대로 620","초지역 인근","경기도 안산시 단원구 중앙대로 620","0.80","Y","초지역"
"한국미인테라피","경기","경기","안산시-단원구","호수동","중앙역","경기도 안산시 단원구 중앙대로 918","중앙역 인근","경기도 안산시 단원구 중앙대로 918","0.97","Y","중앙역"
"한국미인테라피","경기","경기","안산시-상록구","반월동","반월역","경기도 안산시 상록구 건건로 119-10","반월역 인근","경기도 안산시 상록구 건건로 119-10","0.70","Y","반월역"
"한국미인테라피","경기","경기","안산시-상록구","본오동","사리역","경기도 안산시 상록구 충장로 103(사동)","사리역 인근","경기도 안산시 상록구 충장로 103(사동)","0.89","Y","사리역"
"한국미인테라피","경기","경기","안산시-상록구","부곡동","한대앞역","경기도 안산시 상록구 충장로 337","한대앞역 인근","경기도 안산시 상록구 충장로 337","2.36","Y","한대앞역"
"한국미인테라피","경기","경기","안산시-상록구","사동","사리역","경기도 안산시 상록구 충장로 103(사동)","사리역 인근","경기도 안산시 상록구 충장로 103(사동)","1.25","Y","사리역"
"한국미인테라피","경기","경기","안산시-상록구","사이동","사리역","경기도 안산시 상록구 충장로 103(사동)","사리역 인근","경기도 안산시 상록구 충장로 103(사동)","0.48","Y","사리역"
"한국미인테라피","경기","경기","안산시-상록구","성포동","중앙역","경기도 안산시 단원구 중앙대로 918","중앙역 인근","경기도 안산시 단원구 중앙대로 918","1.16","Y","중앙역"
"한국미인테라피","경기","경기","안산시-상록구","안산동","수리산역","경기도 군포시 번영로 385","수리산역 인근","경기도 군포시 번영로 385","4.79","Y","수리산역"
"한국미인테라피","경기","경기","안산시-상록구","월피동","중앙역","경기도 안산시 단원구 중앙대로 918","중앙역 인근","경기도 안산시 단원구 중앙대로 918","2.16","Y","중앙역"
"한국미인테라피","경기","경기","안산시-상록구","이동","한대앞역","경기도 안산시 상록구 충장로 337","한대앞역 인근","경기도 안산시 상록구 충장로 337","0.11","Y","한대앞역"
"한국미인테라피","경기","경기","안산시-상록구","일동","상록수역","경기도 안산시 상록구 상록수로 61","상록수역 인근","경기도 안산시 상록구 상록수로 61","0.79","Y","상록수역"
"한국미인테라피","경기","경기","안산시-상록구","해양동","고잔역","경기도 안산시 단원구 중앙대로 784 ","고잔역 인근","경기도 안산시 단원구 중앙대로 784 ","2.48","Y","고잔역"
"한국미인테라피","경기","경기","안성시","고삼면","","","고삼면 중심","경기 안성시 고삼면","17.63","N","용인중앙시장역"
"한국미인테라피","경기","경기","안성시","공도읍","평택역","경기도 평택시 평택로 51","평택역 인근","경기도 평택시 평택로 51","7.70","Y","평택역"
"한국미인테라피","경기","경기","안성시","금광면","","","금광면 중심","경기 안성시 금광면","19.69","N","성환역"
"한국미인테라피","경기","경기","안성시","대덕면","","","대덕면 중심","경기 안성시 대덕면","14.56","N","평택역"
"한국미인테라피","경기","경기","안성시","미양면","","","미양면 중심","경기 안성시 미양면","10.44","N","성환역"
"한국미인테라피","경기","경기","안성시","보개면","","","보개면 중심","경기 안성시 보개면","20.80","N","평택역"
"한국미인테라피","경기","경기","안성시","삼죽면","","","삼죽면 중심","경기 안성시 삼죽면","22.80","N","이천역"
"한국미인테라피","경기","경기","안성시","서운면","","","서운면 중심","경기 안성시 서운면","11.79","N","성환역"
"한국미인테라피","경기","경기","안성시","안성동","","","안성동 중심","경기 안성시 안성동","","N",""
"한국미인테라피","경기","경기","안성시","양성면","","","양성면 중심","경기 안성시 양성면","14.11","N","평택지제역"
"한국미인테라피","경기","경기","안성시","원곡면","평택지제역","경기도 평택시 경기대로 777","평택지제역 인근","경기도 평택시 경기대로 777","6.91","Y","평택지제역"
"한국미인테라피","경기","경기","안성시","일죽면","","","일죽면 중심","경기 안성시 일죽면","18.87","N","부발역"
"한국미인테라피","경기","경기","안성시","죽산면","","","죽산면 중심","경기 안성시 죽산면","21.95","N","이천역"
"한국미인테라피","경기","경기","안양시-동안구","갈산동","평촌역","경기도 안양시 동안구 부림로 지하 123","평촌역 인근","경기도 안양시 동안구 부림로 지하 123","2.03","Y","평촌역"
"한국미인테라피","경기","경기","안양시-동안구","관양동","평촌역","경기도 안양시 동안구 부림로 지하 123","평촌역 인근","경기도 안양시 동안구 부림로 지하 123","1.11","Y","평촌역"
"한국미인테라피","경기","경기","안양시-동안구","귀인동","평촌역","경기도 안양시 동안구 부림로 지하 123","평촌역 인근","경기도 안양시 동안구 부림로 지하 123","1.10","Y","평촌역"
"한국미인테라피","경기","경기","안양시-동안구","달안동","범계역","경기도 안양시 동안구 동안로 지하 130","범계역 인근","경기도 안양시 동안구 동안로 지하 130","0.70","Y","범계역"
"한국미인테라피","경기","경기","안양시-동안구","범계동","범계역","경기도 안양시 동안구 동안로 지하 130","범계역 인근","경기도 안양시 동안구 동안로 지하 130","0.16","Y","범계역"
"한국미인테라피","경기","경기","안양시-동안구","부림동","평촌역","경기도 안양시 동안구 부림로 지하 123","평촌역 인근","경기도 안양시 동안구 부림로 지하 123","0.63","Y","평촌역"
"한국미인테라피","경기","경기","안양시-동안구","부흥동","범계역","경기도 안양시 동안구 동안로 지하 130","범계역 인근","경기도 안양시 동안구 동안로 지하 130","0.54","Y","범계역"
"한국미인테라피","경기","경기","안양시-동안구","비산동","범계역","경기도 안양시 동안구 동안로 지하 130","범계역 인근","경기도 안양시 동안구 동안로 지하 130","1.45","Y","범계역"
"한국미인테라피","경기","경기","안양시-동안구","신촌동","범계역","경기도 안양시 동안구 동안로 지하 130","범계역 인근","경기도 안양시 동안구 동안로 지하 130","1.02","Y","범계역"
"한국미인테라피","경기","경기","안양시-동안구","인덕원동","","","인덕원동 중심","경기 안양시 동안구 인덕원동","","N",""
"한국미인테라피","경기","경기","안양시-동안구","평안동","평촌역","경기도 안양시 동안구 부림로 지하 123","평촌역 인근","경기도 안양시 동안구 부림로 지하 123","0.44","Y","평촌역"
"한국미인테라피","경기","경기","안양시-동안구","평촌동","인덕원역","경기도 안양시 동안구 흥안대로 529","인덕원역 인근","경기도 안양시 동안구 흥안대로 529","0.80","Y","인덕원역"
"한국미인테라피","경기","경기","안양시-동안구","호계동","금정역","경기도 군포시 군포로 750","금정역 인근","경기도 군포시 군포로 750","1.16","Y","금정역"
"한국미인테라피","경기","경기","안양시-만안구","명학동","","","명학동 중심","경기 안양시 만안구 명학동","","N",""
"한국미인테라피","경기","경기","안양시-만안구","박달동","광명역","경기도 광명시 광명역로 21","광명역 인근","경기도 광명시 광명역로 21","1.82","Y","광명역"
"한국미인테라피","경기","경기","안양시-만안구","병목안동","","","병목안동 중심","경기 안양시 만안구 병목안동","","N",""
"한국미인테라피","경기","경기","안양시-만안구","석수동","관악역","경기도 안양시 만안구 경수대로 1273번길 46","관악역 인근","경기도 안양시 만안구 경수대로 1273번길 46","0.22","Y","관악역"
"한국미인테라피","경기","경기","안양시-만안구","안양동","안양역","경기도 안양시 만안구 만안로 232","안양역 인근","경기도 안양시 만안구 만안로 232","0.47","Y","안양역"
"한국미인테라피","경기","경기","안양시-만안구","충훈동","","","충훈동 중심","경기 안양시 만안구 충훈동","","N",""
"한국미인테라피","경기","경기","안양시-만안구","호현동","","","호현동 중심","경기 안양시 만안구 호현동","","N",""
"한국미인테라피","경기","경기","양주시","광적면","덕계역","경기도 양주시 고덕로 139번길 317","덕계역 인근","경기도 양주시 고덕로 139번길 317","6.43","Y","덕계역"
"한국미인테라피","경기","경기","양주시","남면","지행역","경기도 동두천시 평화로 2285(지행동)","지행역 인근","경기도 동두천시 평화로 2285(지행동)","6.97","Y","지행역"
"한국미인테라피","경기","경기","양주시","백석읍","양주역","경기도 양주시 평화로 919(남방동 94-1)","양주역 인근","경기도 양주시 평화로 919(남방동 94-1)","5.68","Y","양주역"
"한국미인테라피","경기","경기","양주시","양주동","","","양주동 중심","경기 양주시 양주동","","N",""
"한국미인테라피","경기","경기","양주시","옥정동","덕계역","경기도 양주시 고덕로 139번길 317","덕계역 인근","경기도 양주시 고덕로 139번길 317","2.67","Y","덕계역"
"한국미인테라피","경기","경기","양주시","은현면","지행역","경기도 동두천시 평화로 2285(지행동)","지행역 인근","경기도 동두천시 평화로 2285(지행동)","3.35","Y","지행역"
"한국미인테라피","경기","경기","양주시","장흥면","","","장흥면 중심","경기 양주시 장흥면","8.11","N","지축역"
"한국미인테라피","경기","경기","양주시","회천동","","","회천동 중심","경기 양주시 회천동","","N",""
"한국미인테라피","경기","경기","양평군","강상면","양평역","경기도 양평군 양평읍 역전길 30","양평역 인근","경기도 양평군 양평읍 역전길 30","3.85","Y","양평역"
"한국미인테라피","경기","경기","양평군","강하면","국수역","경기도 양평군 양서면 국수역길 45","국수역 인근","경기도 양평군 양서면 국수역길 45","5.21","Y","국수역"
"한국미인테라피","경기","경기","양평군","개군면","원덕역","경기도 양평군 양평읍 원덕흑천길 138","원덕역 인근","경기도 양평군 양평읍 원덕흑천길 138","2.96","Y","원덕역"
"한국미인테라피","경기","경기","양평군","단월면","","","단월면 중심","경기 양평군 단월면","12.31","N","용문역"
"한국미인테라피","경기","경기","양평군","서종면","","","서종면 중심","경기 양평군 서종면","8.87","N","대성리역"
"한국미인테라피","경기","경기","양평군","양동면","","","양동면 중심","경기 양평군 양동면","10.23","N","지평역"
"한국미인테라피","경기","경기","양평군","양서면","양수역","경기도 양평군 양서면 목왕로 55-10","양수역 인근","경기도 양평군 양서면 목왕로 55-10","0.59","Y","양수역"
"한국미인테라피","경기","경기","양평군","양평읍","양평역","경기도 양평군 양평읍 역전길 30","양평역 인근","경기도 양평군 양평읍 역전길 30","0.67","Y","양평역"
"한국미인테라피","경기","경기","양평군","옥천면","아신역","경기도 양평군 옥천면 아신역길 1길 23-3","아신역 인근","경기도 양평군 옥천면 아신역길 1길 23-3","1.22","Y","아신역"
"한국미인테라피","경기","경기","양평군","용문면","용문역","경기도 양평군 용문면 다문리 748-2","용문역 인근","경기도 양평군 용문면 다문리 748-2","2.26","Y","용문역"
"한국미인테라피","경기","경기","양평군","지평면","지평역","경기도 양평군 지평면 지평역길 32","지평역 인근","경기도 양평군 지평면 지평역길 32","3.41","Y","지평역"
"한국미인테라피","경기","경기","양평군","청운면","","","청운면 중심","경기 양평군 청운면","13.09","N","지평역"
"한국미인테라피","경기","경기","여주시","가남읍","","","가남읍 중심","경기 여주시 가남읍","9.00","N","세종대왕릉역"
"한국미인테라피","경기","경기","여주시","강천면","여주역","경기도 여주시 교동로 80(교동 403-1)","여주역 인근","경기도 여주시 교동로 80(교동 403-1)","7.83","Y","여주역"
"한국미인테라피","경기","경기","여주시","금사면","","","금사면 중심","경기 여주시 금사면","8.70","N","원덕역"
"한국미인테라피","경기","경기","여주시","대신면","","","대신면 중심","경기 여주시 대신면","10.22","N","세종대왕릉역"
"한국미인테라피","경기","경기","여주시","북내면","","","북내면 중심","경기 여주시 북내면","8.49","N","여주역"
"한국미인테라피","경기","경기","여주시","산북면","","","산북면 중심","경기 여주시 산북면","10.27","N","양평역"
"한국미인테라피","경기","경기","여주시","세종대왕면","세종대왕릉역","경기도 여주시 능서면 양화로 877","세종대왕릉역 인근","경기도 여주시 능서면 양화로 877","0.39","Y","세종대왕릉역"
"한국미인테라피","경기","경기","여주시","여흥동","여주역","경기도 여주시 교동로 80(교동 403-1)","여주역 인근","경기도 여주시 교동로 80(교동 403-1)","1.69","Y","여주역"
"한국미인테라피","경기","경기","여주시","오학동","여주역","경기도 여주시 교동로 80(교동 403-1)","여주역 인근","경기도 여주시 교동로 80(교동 403-1)","3.46","Y","여주역"
"한국미인테라피","경기","경기","여주시","점동면","","","점동면 중심","경기 여주시 점동면","11.21","N","여주역"
"한국미인테라피","경기","경기","여주시","중앙동","여주역","경기도 여주시 교동로 80(교동 403-1)","여주역 인근","경기도 여주시 교동로 80(교동 403-1)","1.76","Y","여주역"
"한국미인테라피","경기","경기","여주시","흥천면","세종대왕릉역","경기도 여주시 능서면 양화로 877","세종대왕릉역 인근","경기도 여주시 능서면 양화로 877","6.84","Y","세종대왕릉역"
"한국미인테라피","경기","경기","연천군","군남면","연천역","경기도 연천군 연천읍 연천로 273-7(차탄리)","연천역 인근","경기도 연천군 연천읍 연천로 273-7(차탄리)","4.50","Y","연천역"
"한국미인테라피","경기","경기","연천군","미산면","","","미산면 중심","경기 연천군 미산면","8.29","N","전곡역"
"한국미인테라피","경기","경기","연천군","백학면","","","백학면 중심","경기 연천군 백학면","15.17","N","전곡역"
"한국미인테라피","경기","경기","연천군","신서면","","","신서면 중심","경기 연천군 신서면","10.86","N","연천역"
"한국미인테라피","경기","경기","연천군","연천읍","연천역","경기도 연천군 연천읍 연천로 273-7(차탄리)","연천역 인근","경기도 연천군 연천읍 연천로 273-7(차탄리)","0.42","Y","연천역"
"한국미인테라피","경기","경기","연천군","왕징면","","","왕징면 중심","경기 연천군 왕징면","12.25","N","연천역"
"한국미인테라피","경기","경기","연천군","장남면","","","장남면 중심","경기 연천군 장남면","14.08","N","운천역"
"한국미인테라피","경기","경기","연천군","전곡읍","청산역","경기도 연천군 청산면 초성리 170-1","청산역 인근","경기도 연천군 청산면 초성리 170-1","3.21","Y","청산역"
"한국미인테라피","경기","경기","연천군","중면","","","중면 중심","경기 연천군 중면","8.14","N","연천역"
"한국미인테라피","경기","경기","연천군","청산면","전곡역","경기도 연천군 전곡읍 전곡역로 75(전곡리)","전곡역 인근","경기도 연천군 전곡읍 전곡역로 75(전곡리)","3.14","Y","전곡역"
"한국미인테라피","경기","경기","오산시","남촌동","오산역","경기도 오산시 오산동 역광장로 59","오산역 인근","경기도 오산시 오산동 역광장로 59","1.05","Y","오산역"
"한국미인테라피","경기","경기","오산시","대원동","오산역","경기도 오산시 오산동 역광장로 59","오산역 인근","경기도 오산시 오산동 역광장로 59","0.88","Y","오산역"
"한국미인테라피","경기","경기","오산시","세마동","세마역","경기도 오산시 세마역로 88","세마역 인근","경기도 오산시 세마역로 88","0.25","Y","세마역"
"한국미인테라피","경기","경기","오산시","신장동","오산대역","경기도 오산시 청학로 236","오산대역 인근","경기도 오산시 청학로 236","1.10","Y","오산대역"
"한국미인테라피","경기","경기","오산시","중앙동","오산역","경기도 오산시 오산동 역광장로 59","오산역 인근","경기도 오산시 오산동 역광장로 59","0.95","Y","오산역"
"한국미인테라피","경기","경기","오산시","초평동","오산역","경기도 오산시 오산동 역광장로 59","오산역 인근","경기도 오산시 오산동 역광장로 59","2.10","Y","오산역"
"한국미인테라피","경기","경기","용인시-기흥구","구갈동","기흥역","경기도 용인시 기흥구 중부대로 460","기흥역 인근","경기도 용인시 기흥구 중부대로 460","0.50","Y","기흥역"
"한국미인테라피","경기","경기","용인시-기흥구","구성동","구성역","경기도 용인시 기흥구 용구대로 2403","구성역 인근","경기도 용인시 기흥구 용구대로 2403","1.21","Y","구성역"
"한국미인테라피","경기","경기","용인시-기흥구","기흥동","상갈역","경기도 용인시 기흥구 금화로 지하 40","상갈역 인근","경기도 용인시 기흥구 금화로 지하 40","3.42","Y","상갈역"
"한국미인테라피","경기","경기","용인시-기흥구","동백동","어정역","경기도 용인시 기흥구 어정로 128","어정역 인근","경기도 용인시 기흥구 어정로 128","1.83","Y","어정역"
"한국미인테라피","경기","경기","용인시-기흥구","마북동","구성역","경기도 용인시 기흥구 용구대로 2403","구성역 인근","경기도 용인시 기흥구 용구대로 2403","1.02","Y","구성역"
"한국미인테라피","경기","경기","용인시-기흥구","보라동","상갈역","경기도 용인시 기흥구 금화로 지하 40","상갈역 인근","경기도 용인시 기흥구 금화로 지하 40","1.13","Y","상갈역"
"한국미인테라피","경기","경기","용인시-기흥구","보정동","보정역","경기도 용인시 기흥구 용구대로 2560  _x000D_","보정역 인근","경기도 용인시 기흥구 용구대로 2560  _x000D_","0.92","Y","보정역"
"한국미인테라피","경기","경기","용인시-기흥구","상갈동","상갈역","경기도 용인시 기흥구 금화로 지하 40","상갈역 인근","경기도 용인시 기흥구 금화로 지하 40","0.64","Y","상갈역"
"한국미인테라피","경기","경기","용인시-기흥구","상하동","지석역","경기도 용인시 기흥구 어정로 28","지석역 인근","경기도 용인시 기흥구 어정로 28","0.76","Y","지석역"
"한국미인테라피","경기","경기","용인시-기흥구","서농동","망포역","경기도 수원시 영통구 봉영로 지하 1520","망포역 인근","경기도 수원시 영통구 봉영로 지하 1520","1.30","Y","망포역"
"한국미인테라피","경기","경기","용인시-기흥구","신갈동","신갈역","경기도 용인시 기흥구 기흥로 136","신갈역 인근","경기도 용인시 기흥구 기흥로 136","1.16","Y","신갈역"
"한국미인테라피","경기","경기","용인시-기흥구","영덕동","청명역","경기도 수원시 영통구 봉영로 지하 1670","청명역 인근","경기도 수원시 영통구 봉영로 지하 1670","1.52","Y","청명역"
"한국미인테라피","경기","경기","용인시-수지구","동천동","동천역","경기도 용인시 수지구 신수로 지하760","동천역 인근","경기도 용인시 수지구 신수로 지하760","1.53","Y","동천역"
"한국미인테라피","경기","경기","용인시-수지구","상현동","상현역","경기도 용인시 수지구 광교중앙로 지하312","상현역 인근","경기도 용인시 수지구 광교중앙로 지하312","0.83","Y","상현역"
"한국미인테라피","경기","경기","용인시-수지구","성복동","성복역","경기도 용인시 수지구 수지로 지하134","성복역 인근","경기도 용인시 수지구 수지로 지하134","0.88","Y","성복역"
"한국미인테라피","경기","경기","용인시-수지구","신봉동","성복역","경기도 용인시 수지구 수지로 지하134","성복역 인근","경기도 용인시 수지구 수지로 지하134","0.77","Y","성복역"
"한국미인테라피","경기","경기","용인시-수지구","죽전동","죽전역","경기도 용인시 수지구 포은대로 530(죽전동 1014)","죽전역 인근","경기도 용인시 수지구 포은대로 530(죽전동 1014)","0.94","Y","죽전역"
"한국미인테라피","경기","경기","용인시-수지구","풍덕천동","수지구청역","경기도 용인시 수지구 풍덕천로 지하120 ","수지구청역 인근","경기도 용인시 수지구 풍덕천로 지하120 ","0.12","Y","수지구청역"
"한국미인테라피","경기","경기","용인시-처인구","남사읍","진위역","경기도 평택시 경기대로 1855","진위역 인근","경기도 평택시 경기대로 1855","7.84","Y","진위역"
"한국미인테라피","경기","경기","용인시-처인구","동부동","용인중앙시장역","경기도 용인시 처인구 금학로 409","용인중앙시장역 인근","경기도 용인시 처인구 금학로 409","1.06","Y","용인중앙시장역"
"한국미인테라피","경기","경기","용인시-처인구","모현읍","전대·에버랜드역","경기도 용인시 처인구 포곡읍 에버랜드로 143","전대·에버랜드역 인근","경기도 용인시 처인구 포곡읍 에버랜드로 143","4.93","Y","전대·에버랜드역"
"한국미인테라피","경기","경기","용인시-처인구","백암면","","","백암면 중심","경기 용인시 처인구 백암면","12.67","N","이천역"
"한국미인테라피","경기","경기","용인시-처인구","삼가동","삼가역","경기도 용인시 처인구 중부대로 1098","삼가역 인근","경기도 용인시 처인구 중부대로 1098","0.25","Y","삼가역"
"한국미인테라피","경기","경기","용인시-처인구","양지읍","고진역","경기도 용인시 처인구 경안천로 141","고진역 인근","경기도 용인시 처인구 경안천로 141","5.90","Y","고진역"
"한국미인테라피","경기","경기","용인시-처인구","역북동","명지대역","경기도 용인시 처인구 금학로 241","명지대역 인근","경기도 용인시 처인구 금학로 241","0.30","Y","명지대역"
"한국미인테라피","경기","경기","용인시-처인구","원삼면","","","원삼면 중심","경기 용인시 처인구 원삼면","12.18","N","용인중앙시장역"
"한국미인테라피","경기","경기","용인시-처인구","유림동","보평역","경기도 용인시 처인구 경안천로 313","보평역 인근","경기도 용인시 처인구 경안천로 313","0.55","Y","보평역"
"한국미인테라피","경기","경기","용인시-처인구","이동읍","","","이동읍 중심","경기 용인시 처인구 이동읍","10.70","N","김량장역"
"한국미인테라피","경기","경기","용인시-처인구","중앙동","","","중앙동 중심","경기 용인시 처인구 중앙동","","N",""
"한국미인테라피","경기","경기","용인시-처인구","포곡읍","전대·에버랜드역","경기도 용인시 처인구 포곡읍 에버랜드로 143","전대·에버랜드역 인근","경기도 용인시 처인구 포곡읍 에버랜드로 143","1.31","Y","전대·에버랜드역"
"한국미인테라피","경기","경기","의왕시","고천동","당정역","경기도 군포시 당정역로 91","당정역 인근","경기도 군포시 당정역로 91","3.44","Y","당정역"
"한국미인테라피","경기","경기","의왕시","내손동","평촌역","경기도 안양시 동안구 부림로 지하 123","평촌역 인근","경기도 안양시 동안구 부림로 지하 123","1.91","Y","평촌역"
"한국미인테라피","경기","경기","의왕시","부곡동","의왕역","경기도 의왕시 철도박물관로 66(삼동)","의왕역 인근","경기도 의왕시 철도박물관로 66(삼동)","0.84","Y","의왕역"
"한국미인테라피","경기","경기","의왕시","오전동","군포역","경기도 군포시 군포역1길 27","군포역 인근","경기도 군포시 군포역1길 27","3.12","Y","군포역"
"한국미인테라피","경기","경기","의왕시","청계동","인덕원역","경기도 안양시 동안구 흥안대로 529","인덕원역 인근","경기도 안양시 동안구 흥안대로 529","3.66","Y","인덕원역"
"한국미인테라피","경기","경기","의정부시","가능동","흥선역","경기도 의정부시 호국로 1197","흥선역 인근","경기도 의정부시 호국로 1197","0.83","Y","흥선역"
"한국미인테라피","경기","경기","의정부시","고산동","탑석역","경기도 의정부시 충의로 20","탑석역 인근","경기도 의정부시 충의로 20","1.38","Y","탑석역"
"한국미인테라피","경기","경기","의정부시","녹양동","녹양역","경기도 의정부시 평화로 757(녹양동 973)","녹양역 인근","경기도 의정부시 평화로 757(녹양동 973)","0.83","Y","녹양역"
"한국미인테라피","경기","경기","의정부시","송산동","탑석역","경기도 의정부시 충의로 20","탑석역 인근","경기도 의정부시 충의로 20","1.89","Y","탑석역"
"한국미인테라피","경기","경기","의정부시","신곡동","동오역","경기도 의정부시 장곡로 471","동오역 인근","경기도 의정부시 장곡로 471","0.90","Y","동오역"
"한국미인테라피","경기","경기","의정부시","의정부동","의정부역","경기도 의정부시 평화로 525","의정부역 인근","경기도 의정부시 평화로 525","0.09","Y","의정부역"
"한국미인테라피","경기","경기","의정부시","자금동","효자역","경기도 의정부시 부용로 159-40","효자역 인근","경기도 의정부시 부용로 159-40","0.97","Y","효자역"
"한국미인테라피","경기","경기","의정부시","장암동","장암역","경기도 의정부시 동일로 121(장암동)","장암역 인근","경기도 의정부시 동일로 121(장암동)","1.07","Y","장암역"
"한국미인테라피","경기","경기","의정부시","호원동","회룡역","경기도 의정부시 평화로 363","회룡역 인근","경기도 의정부시 평화로 363","0.99","Y","회룡역"
"한국미인테라피","경기","경기","의정부시","흥선동","의정부시청역","경기도 의정부시 의정로 69","의정부시청역 인근","경기도 의정부시 의정로 69","1.55","Y","의정부시청역"
"한국미인테라피","경기","경기","이천시","관고동","이천역","경기도 이천시 이섭대천로 1063","이천역 인근","경기도 이천시 이섭대천로 1063","3.14","Y","이천역"
"한국미인테라피","경기","경기","이천시","대월면","부발역","경기도 이천시 부발읍 신아로 87","부발역 인근","경기도 이천시 부발읍 신아로 87","5.19","Y","부발역"
"한국미인테라피","경기","경기","이천시","마장면","이천역","경기도 이천시 이섭대천로 1063","이천역 인근","경기도 이천시 이섭대천로 1063","7.15","Y","이천역"
"한국미인테라피","경기","경기","이천시","모가면","","","모가면 중심","경기 이천시 모가면","9.94","N","부발역"
"한국미인테라피","경기","경기","이천시","백사면","부발역","경기도 이천시 부발읍 신아로 87","부발역 인근","경기도 이천시 부발읍 신아로 87","7.13","Y","부발역"
"한국미인테라피","경기","경기","이천시","부발읍","부발역","경기도 이천시 부발읍 신아로 87","부발역 인근","경기도 이천시 부발읍 신아로 87","2.57","Y","부발역"
"한국미인테라피","경기","경기","이천시","설성면","","","설성면 중심","경기 이천시 설성면","13.72","N","부발역"
"한국미인테라피","경기","경기","이천시","신둔면","신둔도예촌역","경기도 이천시 신둔면 남정로 55","신둔도예촌역 인근","경기도 이천시 신둔면 남정로 55","0.58","Y","신둔도예촌역"
"한국미인테라피","경기","경기","이천시","율면","","","율면 중심","경기 이천시 율면","19.23","N","부발역"
"한국미인테라피","경기","경기","이천시","장호원읍","","","장호원읍 중심","경기 이천시 장호원읍","17.03","N","여주역"
"한국미인테라피","경기","경기","이천시","중리동","이천역","경기도 이천시 이섭대천로 1063","이천역 인근","경기도 이천시 이섭대천로 1063","3.26","Y","이천역"
"한국미인테라피","경기","경기","이천시","증포동","이천역","경기도 이천시 이섭대천로 1063","이천역 인근","경기도 이천시 이섭대천로 1063","2.98","Y","이천역"
"한국미인테라피","경기","경기","이천시","창전동","이천역","경기도 이천시 이섭대천로 1063","이천역 인근","경기도 이천시 이섭대천로 1063","2.14","Y","이천역"
"한국미인테라피","경기","경기","이천시","호법면","이천역","경기도 이천시 이섭대천로 1063","이천역 인근","경기도 이천시 이섭대천로 1063","5.65","Y","이천역"
"한국미인테라피","경기","경기","파주시","광탄면","","","광탄면 중심","경기 파주시 광탄면","8.08","N","월롱역"
"한국미인테라피","경기","경기","파주시","교하동","야당역","경기도 파주시 소리천로 10","야당역 인근","경기도 파주시 소리천로 10","5.45","Y","야당역"
"한국미인테라피","경기","경기","파주시","금촌동","금릉역","경기도 파주시 금릉역로85","금릉역 인근","경기도 파주시 금릉역로85","0.88","Y","금릉역"
"한국미인테라피","경기","경기","파주시","문산읍","문산역","경기도 파주시 문산읍 문산역로 94","문산역 인근","경기도 파주시 문산읍 문산역로 94","1.13","Y","문산역"
"한국미인테라피","경기","경기","파주시","법원읍","","","법원읍 중심","경기 파주시 법원읍","9.13","N","문산역"
"한국미인테라피","경기","경기","파주시","운정동","","","운정동 중심","경기 파주시 운정동","","N",""
"한국미인테라피","경기","경기","파주시","월롱면","월롱역","경기도 파주시 월롱면 통일로 980","월롱역 인근","경기도 파주시 월롱면 통일로 980","0.23","Y","월롱역"
"한국미인테라피","경기","경기","파주시","장단면","임진강역","경기도 파주시 문산읍 임진각로 115(문산읍)","임진강역 인근","경기도 파주시 문산읍 임진각로 115(문산읍)","3.28","Y","임진강역"
"한국미인테라피","경기","경기","파주시","적성면","","","적성면 중심","경기 파주시 적성면","12.12","N","소요산역"
"한국미인테라피","경기","경기","파주시","조리읍","금촌역","경기도 파주시 새꽃로 193","금촌역 인근","경기도 파주시 새꽃로 193","3.76","Y","금촌역"
"한국미인테라피","경기","경기","파주시","탄현면","파주역","경기도 파주시 파주읍 주라위길 38","파주역 인근","경기도 파주시 파주읍 주라위길 38","7.26","Y","파주역"
"한국미인테라피","경기","경기","파주시","파주읍","파주역","경기도 파주시 파주읍 주라위길 38","파주역 인근","경기도 파주시 파주읍 주라위길 38","2.62","Y","파주역"
"한국미인테라피","경기","경기","파주시","파평면","","","파평면 중심","경기 파주시 파평면","8.22","N","운천역"
"한국미인테라피","경기","경기","평택시","고덕동","서정리역","경기도 평택시 탄현로 51","서정리역 인근","경기도 평택시 탄현로 51","1.73","Y","서정리역"
"한국미인테라피","경기","경기","평택시","고덕면","서정리역","경기도 평택시 탄현로 51","서정리역 인근","경기도 평택시 탄현로 51","4.35","Y","서정리역"
"한국미인테라피","경기","경기","평택시","동삭동","평택지제역","경기도 평택시 경기대로 777","평택지제역 인근","경기도 평택시 경기대로 777","2.66","Y","평택지제역"
"한국미인테라피","경기","경기","평택시","비전동","평택역","경기도 평택시 평택로 51","평택역 인근","경기도 평택시 평택로 51","1.78","Y","평택역"
"한국미인테라피","경기","경기","평택시","서정동","송탄역","경기도 평택시 신장동 송탄공원로 43","송탄역 인근","경기도 평택시 신장동 송탄공원로 43","0.83","Y","송탄역"
"한국미인테라피","경기","경기","평택시","서탄면","진위역","경기도 평택시 경기대로 1855","진위역 인근","경기도 평택시 경기대로 1855","3.07","Y","진위역"
"한국미인테라피","경기","경기","평택시","세교동","평택역","경기도 평택시 평택로 51","평택역 인근","경기도 평택시 평택로 51","1.74","Y","평택역"
"한국미인테라피","경기","경기","평택시","송북동","송탄역","경기도 평택시 신장동 송탄공원로 43","송탄역 인근","경기도 평택시 신장동 송탄공원로 43","0.87","Y","송탄역"
"한국미인테라피","경기","경기","평택시","송탄동","평택지제역","경기도 평택시 경기대로 777","평택지제역 인근","경기도 평택시 경기대로 777","3.59","Y","평택지제역"
"한국미인테라피","경기","경기","평택시","신장동","송탄역","경기도 평택시 신장동 송탄공원로 43","송탄역 인근","경기도 평택시 신장동 송탄공원로 43","0.82","Y","송탄역"
"한국미인테라피","경기","경기","평택시","신평동","","","신평동 중심","경기 평택시 신평동","","N",""
"한국미인테라피","경기","경기","평택시","안중읍","","","안중읍 중심","경기 평택시 안중읍","13.19","N","평택지제역"
"한국미인테라피","경기","경기","평택시","오성면","평택지제역","경기도 평택시 경기대로 777","평택지제역 인근","경기도 평택시 경기대로 777","7.70","Y","평택지제역"
"한국미인테라피","경기","경기","평택시","용이동","평택역","경기도 평택시 평택로 51","평택역 인근","경기도 평택시 평택로 51","5.14","Y","평택역"
"한국미인테라피","경기","경기","평택시","원평동","평택역","경기도 평택시 평택로 51","평택역 인근","경기도 평택시 평택로 51","0.47","Y","평택역"
"한국미인테라피","경기","경기","평택시","중앙동","서정리역","경기도 평택시 탄현로 51","서정리역 인근","경기도 평택시 탄현로 51","0.31","Y","서정리역"
"한국미인테라피","경기","경기","평택시","지산동","송탄역","경기도 평택시 신장동 송탄공원로 43","송탄역 인근","경기도 평택시 신장동 송탄공원로 43","1.20","Y","송탄역"
"한국미인테라피","경기","경기","평택시","진위면","진위역","경기도 평택시 경기대로 1855","진위역 인근","경기도 평택시 경기대로 1855","1.93","Y","진위역"
"한국미인테라피","경기","경기","평택시","청북읍","","","청북읍 중심","경기 평택시 청북읍","10.80","N","서정리역"
"한국미인테라피","경기","경기","평택시","통복동","평택역","경기도 평택시 평택로 51","평택역 인근","경기도 평택시 평택로 51","0.70","Y","평택역"
"한국미인테라피","경기","경기","평택시","팽성읍","평택역","경기도 평택시 평택로 51","평택역 인근","경기도 평택시 평택로 51","4.92","Y","평택역"
"한국미인테라피","경기","경기","평택시","포승읍","","","포승읍 중심","경기 평택시 포승읍","18.65","N","서정리역"
"한국미인테라피","경기","경기","평택시","현덕면","","","현덕면 중심","경기 평택시 현덕면","15.12","N","평택역"
"한국미인테라피","경기","경기","포천시","가산면","","","가산면 중심","경기 포천시 가산면","11.48","N","덕정역"
"한국미인테라피","경기","경기","포천시","관인면","","","관인면 중심","경기 포천시 관인면","15.09","N","연천역"
"한국미인테라피","경기","경기","포천시","군내면","","","군내면 중심","경기 포천시 군내면","14.59","N","덕정역"
"한국미인테라피","경기","경기","포천시","내촌면","","","내촌면 중심","경기 포천시 내촌면","9.06","N","진접역"
"한국미인테라피","경기","경기","포천시","선단동","덕정역","경기도 양주시 화합로 1356","덕정역 인근","경기도 양주시 화합로 1356","7.83","Y","덕정역"
"한국미인테라피","경기","경기","포천시","소흘읍","","","소흘읍 중심","경기 포천시 소흘읍","8.29","N","곤제역"
"한국미인테라피","경기","경기","포천시","신북면","","","신북면 중심","경기 포천시 신북면","10.30","N","소요산역"
"한국미인테라피","경기","경기","포천시","영북면","","","영북면 중심","경기 포천시 영북면","17.78","N","연천역"
"한국미인테라피","경기","경기","포천시","영중면","","","영중면 중심","경기 포천시 영중면","14.98","N","청산역"
"한국미인테라피","경기","경기","포천시","이동면","","","이동면 중심","경기 포천시 이동면","25.80","N","전곡역"
"한국미인테라피","경기","경기","포천시","일동면","","","일동면 중심","경기 포천시 일동면","22.04","N","청산역"
"한국미인테라피","경기","경기","포천시","창수면","","","창수면 중심","경기 포천시 창수면","9.09","N","전곡역"
"한국미인테라피","경기","경기","포천시","포천동","","","포천동 중심","경기 포천시 포천동","10.91","N","동두천중앙역"
"한국미인테라피","경기","경기","포천시","화현면","","","화현면 중심","경기 포천시 화현면","19.77","N","동두천중앙역"
"한국미인테라피","경기","경기","하남시","감북동","중앙보훈병원역","서울특별시 강동구 명일로 지하 117","중앙보훈병원역 인근","서울특별시 강동구 명일로 지하 117","1.32","Y","중앙보훈병원역"
"한국미인테라피","경기","경기","하남시","감일동","마천역","서울특별시 송파구 마천로57길 지하7(마천동)","마천역 인근","서울특별시 송파구 마천로57길 지하7(마천동)","1.48","Y","마천역"
"한국미인테라피","경기","경기","하남시","덕풍동","하남시청역","경기도 하남시 하남대로 지하820(덕풍동)","하남시청역 인근","경기도 하남시 하남대로 지하820(덕풍동)","0.57","Y","하남시청역"
"한국미인테라피","경기","경기","하남시","미사동","미사역","경기도 하남시 미사강변동로 지하90(망월동)","미사역 인근","경기도 하남시 미사강변동로 지하90(망월동)","1.34","Y","미사역"
"한국미인테라피","경기","경기","하남시","신장동","하남시청역","경기도 하남시 하남대로 지하820(덕풍동)","하남시청역 인근","경기도 하남시 하남대로 지하820(덕풍동)","0.58","Y","하남시청역"
"한국미인테라피","경기","경기","하남시","위례동","마천역","서울특별시 송파구 마천로57길 지하7(마천동)","마천역 인근","서울특별시 송파구 마천로57길 지하7(마천동)","1.61","Y","마천역"
"한국미인테라피","경기","경기","하남시","천현동","하남검단산역","경기도 하남시 대청로 지하100(창우동)","하남검단산역 인근","경기도 하남시 대청로 지하100(창우동)","3.56","Y","하남검단산역"
"한국미인테라피","경기","경기","하남시","초이동","중앙보훈병원역","서울특별시 강동구 명일로 지하 117","중앙보훈병원역 인근","서울특별시 강동구 명일로 지하 117","2.36","Y","중앙보훈병원역"
"한국미인테라피","경기","경기","하남시","춘궁동","하남시청역","경기도 하남시 하남대로 지하820(덕풍동)","하남시청역 인근","경기도 하남시 하남대로 지하820(덕풍동)","4.00","Y","하남시청역"
"한국미인테라피","경기","경기","화성시-동탄구","동탄동","","","동탄동 중심","경기 화성시 동탄구 동탄동","","N",""
"한국미인테라피","경기","경기","화성시-만세구","남양읍","야목역","경기도 화성시 매송면 본오매송로 286(야목리)","야목역 인근","경기도 화성시 매송면 본오매송로 286(야목리)","7.93","Y","야목역"
"한국미인테라피","경기","경기","화성시-만세구","마도면","","","마도면 중심","경기 화성시 만세구 마도면","10.91","N","원시역"
"한국미인테라피","경기","경기","화성시-만세구","새솔동","사리역","경기도 안산시 상록구 충장로 103(사동)","사리역 인근","경기도 안산시 상록구 충장로 103(사동)","3.54","Y","사리역"
"한국미인테라피","경기","경기","화성시-만세구","서신면","","","서신면 중심","경기 화성시 만세구 서신면","16.63","N","원시역"
"한국미인테라피","경기","경기","화성시-만세구","송산면","","","송산면 중심","경기 화성시 만세구 송산면","10.32","N","원시역"
"한국미인테라피","경기","경기","화성시-만세구","양감면","","","양감면 중심","경기 화성시 만세구 양감면","9.68","N","송탄역"
"한국미인테라피","경기","경기","화성시-만세구","우정읍","","","우정읍 중심","경기 화성시 만세구 우정읍","19.64","N","어천역"
"한국미인테라피","경기","경기","화성시-만세구","장안면","","","장안면 중심","경기 화성시 만세구 장안면","19.79","N","송탄역"
"한국미인테라피","경기","경기","화성시-만세구","팔탄면","","","팔탄면 중심","경기 화성시 만세구 팔탄면","12.93","N","어천역"
"한국미인테라피","경기","경기","화성시-만세구","향남읍","","","향남읍 중심","경기 화성시 만세구 향남읍","12.49","N","세마역"
"한국미인테라피","경기","경기","화성시-병점구","반월동","망포역","경기도 수원시 영통구 봉영로 지하 1520","망포역 인근","경기도 수원시 영통구 봉영로 지하 1520","1.86","Y","망포역"
"한국미인테라피","경기","경기","화성시-병점구","병점동","병점역","경기도 화성시 떡전골로 97","병점역 인근","경기도 화성시 떡전골로 97","0.77","Y","병점역"
"한국미인테라피","경기","경기","화성시-병점구","진안동","병점역","경기도 화성시 떡전골로 97","병점역 인근","경기도 화성시 떡전골로 97","1.05","Y","병점역"
"한국미인테라피","경기","경기","화성시-병점구","화산동","병점역","경기도 화성시 떡전골로 97","병점역 인근","경기도 화성시 떡전골로 97","1.63","Y","병점역"
"한국미인테라피","경기","경기","화성시-효행구","기배동","오목천역","경기도 수원시 권선구 삼천병마로 1576(오목천동)","오목천역 인근","경기도 수원시 권선구 삼천병마로 1576(오목천동)","2.86","Y","오목천역"
"한국미인테라피","경기","경기","화성시-효행구","매송면","어천역","경기도 화성시 매송면 화성로 2227-5(어천리)","어천역 인근","경기도 화성시 매송면 화성로 2227-5(어천리)","0.59","Y","어천역"
"한국미인테라피","경기","경기","화성시-효행구","봉담읍","오목천역","경기도 수원시 권선구 삼천병마로 1576(오목천동)","오목천역 인근","경기도 수원시 권선구 삼천병마로 1576(오목천동)","5.67","Y","오목천역"
"한국미인테라피","경기","경기","화성시-효행구","비봉면","야목역","경기도 화성시 매송면 본오매송로 286(야목리)","야목역 인근","경기도 화성시 매송면 본오매송로 286(야목리)","3.20","Y","야목역"
"한국미인테라피","경기","경기","화성시-효행구","정남면","세마역","경기도 오산시 세마역로 88","세마역 인근","경기도 오산시 세마역로 88","7.04","Y","세마역"
"한국미인테라피","서울","서울","강남구","개포동","개포동역","서울시 강남구 개포동 지하 420(개포동)","개포동역 인근","서울시 강남구 개포동 지하 420(개포동)","0.00","Y","개포동역"
"한국미인테라피","서울","서울","강남구","논현동","학동역","서울특별시 강남구 학동로 지하180(논현동)","학동역 인근","서울특별시 강남구 학동로 지하180(논현동)","0.29","Y","학동역"
"한국미인테라피","서울","서울","강남구","대치동","학여울역","서울특별시 강남구 남부순환로 지하3104(대치동)","학여울역 인근","서울특별시 강남구 남부순환로 지하3104(대치동)","0.51","Y","학여울역"
"한국미인테라피","서울","서울","강남구","도곡동","매봉역","서울특별시 강남구 남부순환로 지하2744(도곡동)","매봉역 인근","서울특별시 강남구 남부순환로 지하2744(도곡동)","0.28","Y","매봉역"
"한국미인테라피","서울","서울","강남구","삼성동","삼성중앙역","서울특별시 강남구 봉은사로 501","삼성중앙역 인근","서울특별시 강남구 봉은사로 501","0.29","Y","삼성중앙역"
"한국미인테라피","서울","서울","강남구","세곡동","수서역","서울특별시 강남구 광평로 지하270(수서동)","수서역 인근","서울특별시 강남구 광평로 지하270(수서동)","1.85","Y","수서역"
"한국미인테라피","서울","서울","강남구","수서동","수서역","서울시 강남구 광평로 지하 270(수서동)","수서역 인근","서울시 강남구 광평로 지하 270(수서동)","0.43","Y","수서역"
"한국미인테라피","서울","서울","강남구","신사동","압구정역","서울특별시 강남구 압구정로 지하172(신사동)","압구정역 인근","서울특별시 강남구 압구정로 지하172(신사동)","0.43","Y","압구정역"
"한국미인테라피","서울","서울","강남구","압구정동","압구정역","서울특별시 강남구 압구정로 지하172(신사동)","압구정역 인근","서울특별시 강남구 압구정로 지하172(신사동)","0.50","Y","압구정역"
"한국미인테라피","서울","서울","강남구","역삼동","역삼역","서울특별시 강남구 테헤란로 지하156(역삼동)","역삼역 인근","서울특별시 강남구 테헤란로 지하156(역삼동)","0.21","Y","역삼역"
"한국미인테라피","서울","서울","강남구","일원동","일원역","서울특별시 강남구 일원로 지하121(일원동)","일원역 인근","서울특별시 강남구 일원로 지하121(일원동)","0.48","Y","일원역"
"한국미인테라피","서울","서울","강남구","일원본동","일원역","서울특별시 강남구 일원로 지하121(일원동)","일원역 인근","서울특별시 강남구 일원로 지하121(일원동)","0.22","Y","일원역"
"한국미인테라피","서울","서울","강남구","청담동","청담역","서울특별시 강남구 학동로 지하508(청담동)","청담역 인근","서울특별시 강남구 학동로 지하508(청담동)","0.74","Y","청담역"
"한국미인테라피","서울","서울","강동구","강일동","강일역","서울특별시 강동구 고덕로 지하456(강일동)","강일역 인근","서울특별시 강동구 고덕로 지하456(강일동)","1.16","Y","강일역"
"한국미인테라피","서울","서울","강동구","고덕동","고덕역","서울특별시 강동구 고덕로 지하253(고덕동)","고덕역 인근","서울특별시 강동구 고덕로 지하253(고덕동)","1.18","Y","고덕역"
"한국미인테라피","서울","서울","강동구","길동","길동역","서울특별시 강동구 양재대로 지하1480(길동)","길동역 인근","서울특별시 강동구 양재대로 지하1480(길동)","0.04","Y","길동역"
"한국미인테라피","서울","서울","강동구","둔촌동","둔촌동역","서울특별시 강동구 양재대로 지하1369(둔촌동)","둔촌동역 인근","서울특별시 강동구 양재대로 지하1369(둔촌동)","0.00","Y","둔촌동역"
"한국미인테라피","서울","서울","강동구","명일동","명일역","서울특별시 강동구 양재대로 지하1632(명일동)","명일역 인근","서울특별시 강동구 양재대로 지하1632(명일동)","0.74","Y","명일역"
"한국미인테라피","서울","서울","강동구","상일동","상일동역","서울특별시 강동구 고덕로 지하359(상일동)","상일동역 인근","서울특별시 강동구 고덕로 지하359(상일동)","0.04","Y","상일동역"
"한국미인테라피","서울","서울","강동구","성내동","둔촌동역","서울특별시 강동구 양재대로 지하1369(둔촌동)","둔촌동역 인근","서울특별시 강동구 양재대로 지하1369(둔촌동)","0.70","Y","둔촌동역"
"한국미인테라피","서울","서울","강동구","암사동","암사역사공원역","서울시 강동구 아리수로 27번길 2","암사역사공원역 인근","서울시 강동구 아리수로 27번길 2","0.60","Y","암사역사공원역"
"한국미인테라피","서울","서울","강동구","천호동","천호역","서울특별시 강동구 천호대로 지하997(천호동)","천호역 인근","서울특별시 강동구 천호대로 지하997(천호동)","0.59","Y","천호역"
"한국미인테라피","서울","서울","강북구","미아동","삼양사거리역","서울특별시 강북구 삼양로 197","삼양사거리역 인근","서울특별시 강북구 삼양로 197","0.08","Y","삼양사거리역"
"한국미인테라피","서울","서울","강북구","번동","미아역","서울특별시 강북구 도봉로 지하198(미아동)","미아역 인근","서울특별시 강북구 도봉로 지하198(미아동)","1.04","Y","미아역"
"한국미인테라피","서울","서울","강북구","삼각산동","솔샘역","서울특별시 강북구 솔샘로 지하 189","솔샘역 인근","서울특별시 강북구 솔샘로 지하 189","0.56","Y","솔샘역"
"한국미인테라피","서울","서울","강북구","삼양동","솔샘역","서울특별시 강북구 솔샘로 지하 189","솔샘역 인근","서울특별시 강북구 솔샘로 지하 189","0.46","Y","솔샘역"
"한국미인테라피","서울","서울","강북구","송중동","미아사거리역","서울특별시 강북구 도봉로 지하50(미아동)","미아사거리역 인근","서울특별시 강북구 도봉로 지하50(미아동)","0.58","Y","미아사거리역"
"한국미인테라피","서울","서울","강북구","송천동","삼양사거리역","서울특별시 강북구 삼양로 197","삼양사거리역 인근","서울특별시 강북구 삼양로 197","0.54","Y","삼양사거리역"
"한국미인테라피","서울","서울","강북구","수유동","화계역","서울특별시 강북구 삼양로 341","화계역 인근","서울특별시 강북구 삼양로 341","1.18","Y","화계역"
"한국미인테라피","서울","서울","강북구","우이동","솔밭공원역","서울특별시 강북구 삼양로 595","솔밭공원역 인근","서울특별시 강북구 삼양로 595","0.41","Y","솔밭공원역"
"한국미인테라피","서울","서울","강북구","인수동","가오리역","서울특별시 강북구 삼양로 426","가오리역 인근","서울특별시 강북구 삼양로 426","1.46","Y","가오리역"
"한국미인테라피","서울","서울","강서구","가양동","양천향교역","서울특별시 강서구 양천로 지하341","양천향교역 인근","서울특별시 강서구 양천로 지하341","0.75","Y","양천향교역"
"한국미인테라피","서울","서울","강서구","공항동","김포공항역","서울특별시 강서구 하늘길 지하77(방화동)","김포공항역 인근","서울특별시 강서구 하늘길 지하77(방화동)","0.99","Y","김포공항역"
"한국미인테라피","서울","서울","강서구","등촌동","등촌역","서울특별시 강서구 공항대로 지하529","등촌역 인근","서울특별시 강서구 공항대로 지하529","0.30","Y","등촌역"
"한국미인테라피","서울","서울","강서구","발산동","","","발산동 중심","서울 강서구 발산동","","N",""
"한국미인테라피","서울","서울","강서구","방화동","방화역","서울특별시 강서구 금낭화로 지하132(방화동)","방화역 인근","서울특별시 강서구 금낭화로 지하132(방화동)","0.16","Y","방화역"
"한국미인테라피","서울","서울","강서구","염창동","등촌역","서울특별시 강서구 공항대로 지하529","등촌역 인근","서울특별시 강서구 공항대로 지하529","0.83","Y","등촌역"
"한국미인테라피","서울","서울","강서구","우장산동","우장산역","서울특별시 강서구 강서로 지하262(화곡동)","우장산역 인근","서울특별시 강서구 강서로 지하262(화곡동)","0.46","Y","우장산역"
"한국미인테라피","서울","서울","강서구","화곡동","화곡역","서울특별시 강서구 화곡로 지하168(화곡동)","화곡역 인근","서울특별시 강서구 화곡로 지하168(화곡동)","0.34","Y","화곡역"
"한국미인테라피","서울","서울","강서구","화곡본동","화곡역","서울특별시 강서구 화곡로 지하168(화곡동)","화곡역 인근","서울특별시 강서구 화곡로 지하168(화곡동)","0.76","Y","화곡역"
"한국미인테라피","서울","서울","관악구","낙성대동","낙성대역","서울특별시 관악구 남부순환로 지하1928(봉천동)","낙성대역 인근","서울특별시 관악구 남부순환로 지하1928(봉천동)","1.07","Y","낙성대역"
"한국미인테라피","서울","서울","관악구","난곡동","서울대벤처타운역","서울특별시 관악구 신림로 144 (신림동)","서울대벤처타운역 인근","서울특별시 관악구 신림로 144 (신림동)","1.22","Y","서울대벤처타운역"
"한국미인테라피","서울","서울","관악구","난향동","서울대벤처타운역","서울특별시 관악구 신림로 144 (신림동)","서울대벤처타운역 인근","서울특별시 관악구 신림로 144 (신림동)","1.77","Y","서울대벤처타운역"
"한국미인테라피","서울","서울","관악구","남현동","남태령역","서울특별시 서초구 과천대로 지하816(방배동)","남태령역 인근","서울특별시 서초구 과천대로 지하816(방배동)","0.89","Y","남태령역"
"한국미인테라피","서울","서울","관악구","대학동","관악산역","서울특별시 관악구 신림로 23 (신림동)","관악산역 인근","서울특별시 관악구 신림로 23 (신림동)","1.89","Y","관악산역"
"한국미인테라피","서울","서울","관악구","미성동","신대방역","서울특별시 동작구 대림로 2(신대방동)","신대방역 인근","서울특별시 동작구 대림로 2(신대방동)","1.49","Y","신대방역"
"한국미인테라피","서울","서울","관악구","보라매동","당곡역","서울특별시 관악구 보라매로 6 (봉천동)","당곡역 인근","서울특별시 관악구 보라매로 6 (봉천동)","0.39","Y","당곡역"
"한국미인테라피","서울","서울","관악구","삼성동","서울대벤처타운역","서울특별시 관악구 신림로 144 (신림동)","서울대벤처타운역 인근","서울특별시 관악구 신림로 144 (신림동)","1.06","Y","서울대벤처타운역"
"한국미인테라피","서울","서울","관악구","서림동","관악산역","서울특별시 관악구 신림로 23 (신림동)","관악산역 인근","서울특별시 관악구 신림로 23 (신림동)","0.56","Y","관악산역"
"한국미인테라피","서울","서울","관악구","서원동","서원역","서울특별시 관악구 신림로 258 (신림동)","서원역 인근","서울특별시 관악구 신림로 258 (신림동)","0.18","Y","서원역"
"한국미인테라피","서울","서울","관악구","성현동","숭실대입구역","서울특별시 동작구 상도로 지하378(상도동)","숭실대입구역 인근","서울특별시 동작구 상도로 지하378(상도동)","0.74","Y","숭실대입구역"
"한국미인테라피","서울","서울","관악구","신림동","신림역","서울특별시 관악구 남부순환로 지하1614 (신림동)","신림역 인근","서울특별시 관악구 남부순환로 지하1614 (신림동)","0.26","Y","신림역"
"한국미인테라피","서울","서울","관악구","신사동","신대방역","서울특별시 동작구 대림로 2(신대방동)","신대방역 인근","서울특별시 동작구 대림로 2(신대방동)","0.50","Y","신대방역"
"한국미인테라피","서울","서울","관악구","신원동","서원역","서울특별시 관악구 신림로 258 (신림동)","서원역 인근","서울특별시 관악구 신림로 258 (신림동)","0.57","Y","서원역"
"한국미인테라피","서울","서울","관악구","은천동","봉천역","서울특별시 관악구 남부순환로 지하1721(봉천동)","봉천역 인근","서울특별시 관악구 남부순환로 지하1721(봉천동)","0.56","Y","봉천역"
"한국미인테라피","서울","서울","관악구","인헌동","낙성대역","서울특별시 관악구 남부순환로 지하1928(봉천동)","낙성대역 인근","서울특별시 관악구 남부순환로 지하1928(봉천동)","0.90","Y","낙성대역"
"한국미인테라피","서울","서울","관악구","조원동","구로디지털단지역","서울특별시 구로구 도림천로 477(구로동)","구로디지털단지역 인근","서울특별시 구로구 도림천로 477(구로동)","0.62","Y","구로디지털단지역"
"한국미인테라피","서울","서울","관악구","중앙동","서울대입구역","서울특별시 관악구 남부순환로 지하1822(봉천동)","서울대입구역 인근","서울특별시 관악구 남부순환로 지하1822(봉천동)","0.36","Y","서울대입구역"
"한국미인테라피","서울","서울","관악구","청룡동","봉천역","서울특별시 관악구 남부순환로 지하1721(봉천동)","봉천역 인근","서울특별시 관악구 남부순환로 지하1721(봉천동)","0.67","Y","봉천역"
"한국미인테라피","서울","서울","관악구","청림동","숭실대입구역","서울특별시 동작구 상도로 지하378(상도동)","숭실대입구역 인근","서울특별시 동작구 상도로 지하378(상도동)","0.90","Y","숭실대입구역"
"한국미인테라피","서울","서울","관악구","행운동","서울대입구역","서울특별시 관악구 남부순환로 지하1822(봉천동)","서울대입구역 인근","서울특별시 관악구 남부순환로 지하1822(봉천동)","0.56","Y","서울대입구역"
"한국미인테라피","서울","서울","광진구","광장동","광나루역","서울특별시 광진구 아차산로 지하571(광장동)","광나루역 인근","서울특별시 광진구 아차산로 지하571(광장동)","0.29","Y","광나루역"
"한국미인테라피","서울","서울","광진구","구의동","구의역","서울특별시 광진구 아차산로 384-1(구의동)","구의역 인근","서울특별시 광진구 아차산로 384-1(구의동)","0.82","Y","구의역"
"한국미인테라피","서울","서울","광진구","군자동","어린이대공원역","서울특별시 광진구 능동로 지하210(화양동)","어린이대공원역 인근","서울특별시 광진구 능동로 지하210(화양동)","0.58","Y","어린이대공원역"
"한국미인테라피","서울","서울","광진구","능동","군자역","서울특별시 광진구 천호대로 지하550(능동)","군자역 인근","서울특별시 광진구 천호대로 지하550(능동)","0.34","Y","군자역"
"한국미인테라피","서울","서울","광진구","자양동","자양역","서울특별시 광진구 능동로 10(자양동)","자양역 인근","서울특별시 광진구 능동로 10(자양동)","0.73","Y","자양역"
"한국미인테라피","서울","서울","광진구","중곡동","중곡역","서울특별시 광진구 능동로 지하417(중곡동)","중곡역 인근","서울특별시 광진구 능동로 지하417(중곡동)","0.43","Y","중곡역"
"한국미인테라피","서울","서울","광진구","화양동","건대입구역","서울특별시 광진구 능동로 지하110(화양동)","건대입구역 인근","서울특별시 광진구 능동로 지하110(화양동)","0.31","Y","건대입구역"
"한국미인테라피","서울","서울","구로구","가리봉동","남구로역","서울특별시 구로구 도림로 지하7(구로동) ","남구로역 인근","서울특별시 구로구 도림로 지하7(구로동) ","0.29","Y","남구로역"
"한국미인테라피","서울","서울","구로구","개봉동","개봉역","서울시 구로구 경인로 40길 47","개봉역 인근","서울시 구로구 경인로 40길 47","0.20","Y","개봉역"
"한국미인테라피","서울","서울","구로구","고척동","구일역","서울시 구로구 구일로 133","구일역 인근","서울시 구로구 구일로 133","0.91","Y","구일역"
"한국미인테라피","서울","서울","구로구","구로동","대림역","서울특별시 구로구 도림천로 351(구로동)","대림역 인근","서울특별시 구로구 도림천로 351(구로동)","0.93","Y","대림역"
"한국미인테라피","서울","서울","구로구","수궁동","온수역","서울시 구로구 부일로 872","온수역 인근","서울시 구로구 부일로 872","0.88","Y","온수역"
"한국미인테라피","서울","서울","구로구","신도림동","도림천역","서울특별시 구로구 경인로67길 160(신도림동)","도림천역 인근","서울특별시 구로구 경인로67길 160(신도림동)","0.45","Y","도림천역"
"한국미인테라피","서울","서울","구로구","오류동","오류동역","서울시 구로구 경인로 20길 13","오류동역 인근","서울시 구로구 경인로 20길 13","0.01","Y","오류동역"
"한국미인테라피","서울","서울","구로구","항동","온수역","서울특별시 구로구 경인로3길 지하64(온수동)","온수역 인근","서울특별시 구로구 경인로3길 지하64(온수동)","1.20","Y","온수역"
"한국미인테라피","서울","서울","금천구","가산동","가산디지털단지역","서울특별시 금천구 벚꽃로 309(가산동)","가산디지털단지역 인근","서울특별시 금천구 벚꽃로 309(가산동)","0.65","Y","가산디지털단지역"
"한국미인테라피","서울","서울","금천구","독산동","독산역","서울시 금천구 벚꽃로 115","독산역 인근","서울시 금천구 벚꽃로 115","0.79","Y","독산역"
"한국미인테라피","서울","서울","금천구","시흥동","금천구청역","서울시 금천구 시흥대로 63길 91","금천구청역 인근","서울시 금천구 시흥대로 63길 91","1.37","Y","금천구청역"
"한국미인테라피","서울","서울","노원구","3동","중계역","서울특별시 노원구 동일로 지하1308-1(중계동)","중계역 인근","서울특별시 노원구 동일로 지하1308-1(중계동)","0.21","Y","중계역"
"한국미인테라피","서울","서울","노원구","4동","불암산역","서울특별시 노원구 상계로 305(상계동)","불암산역 인근","서울특별시 노원구 상계로 305(상계동)","0.77","Y","불암산역"
"한국미인테라피","서울","서울","노원구","7동","중계역","서울특별시 노원구 동일로 지하1308-1(중계동)","중계역 인근","서울특별시 노원구 동일로 지하1308-1(중계동)","0.44","Y","중계역"
"한국미인테라피","서울","서울","노원구","공릉동","화랑대역","서울특별시 노원구 화랑로 지하510(공릉동)","화랑대역 인근","서울특별시 노원구 화랑로 지하510(공릉동)","1.18","Y","화랑대역"
"한국미인테라피","서울","서울","노원구","상계동","불암산역","서울특별시 노원구 상계로 305(상계동)","불암산역 인근","서울특별시 노원구 상계로 305(상계동)","0.66","Y","불암산역"
"한국미인테라피","서울","서울","노원구","월계동","월계역","서울시 노원구 월계로 53길 40(월계2동 261)","월계역 인근","서울시 노원구 월계로 53길 40(월계2동 261)","0.55","Y","월계역"
"한국미인테라피","서울","서울","노원구","중계동","상계역","서울특별시 노원구 상계로 182(상계동)","상계역 인근","서울특별시 노원구 상계로 182(상계동)","1.27","Y","상계역"
"한국미인테라피","서울","서울","노원구","중계본동","상계역","서울특별시 노원구 상계로 182(상계동)","상계역 인근","서울특별시 노원구 상계로 182(상계동)","1.70","Y","상계역"
"한국미인테라피","서울","서울","노원구","하계동","하계역","서울특별시 노원구 동일로 지하1196(하계동)","하계역 인근","서울특별시 노원구 동일로 지하1196(하계동)","0.55","Y","하계역"
"한국미인테라피","서울","서울","도봉구","도봉동","도봉산역","서울시 도봉구 도봉로 964-33","도봉산역 인근","서울시 도봉구 도봉로 964-33","1.46","Y","도봉산역"
"한국미인테라피","서울","서울","도봉구","방학동","방학역","서울시 도봉구 도봉로 150다길 3","방학역 인근","서울시 도봉구 도봉로 150다길 3","1.02","Y","방학역"
"한국미인테라피","서울","서울","도봉구","쌍문동","쌍문역","서울특별시 도봉구 도봉로 지하 486-1(창동)","쌍문역 인근","서울특별시 도봉구 도봉로 지하 486-1(창동)","0.98","Y","쌍문역"
"한국미인테라피","서울","서울","도봉구","창동","창동역","서울시 도봉구 마들로 11길 77(창1동 135-86)","창동역 인근","서울시 도봉구 마들로 11길 77(창1동 135-86)","0.00","Y","창동역"
"한국미인테라피","서울","서울","동대문구","답십리동","답십리역","서울특별시 성동구 천호대로 지하300(용답동)","답십리역 인근","서울특별시 성동구 천호대로 지하300(용답동)","0.40","Y","답십리역"
"한국미인테라피","서울","서울","동대문구","신설동","신설동역","서울특별시 동대문구 왕산로 지하1(신설동)","신설동역 인근","서울특별시 동대문구 왕산로 지하1(신설동)","0.01","Y","신설동역"
"한국미인테라피","서울","서울","동대문구","용두동","제기동역","서울특별시 동대문구 왕산로 지하93(제기동)","제기동역 인근","서울특별시 동대문구 왕산로 지하93(제기동)","0.22","Y","제기동역"
"한국미인테라피","서울","서울","동대문구","이문동","외대앞역","서울시 동대문구 휘경로 27(이문동 360-5)","외대앞역 인근","서울시 동대문구 휘경로 27(이문동 360-5)","0.50","Y","외대앞역"
"한국미인테라피","서울","서울","동대문구","장안동","장한평역","서울특별시 동대문구 천호대로 지하405(장안동)","장한평역 인근","서울특별시 동대문구 천호대로 지하405(장안동)","1.11","Y","장한평역"
"한국미인테라피","서울","서울","동대문구","전농동","청량리역","서울시 동대문구 왕산로 214","청량리역 인근","서울시 동대문구 왕산로 214","0.65","Y","청량리역"
"한국미인테라피","서울","서울","동대문구","제기동","제기동역","서울특별시 동대문구 왕산로 지하93(제기동)","제기동역 인근","서울특별시 동대문구 왕산로 지하93(제기동)","0.05","Y","제기동역"
"한국미인테라피","서울","서울","동대문구","청량리동","청량리역","서울시 동대문구 왕산로 214","청량리역 인근","서울시 동대문구 왕산로 214","0.87","Y","청량리역"
"한국미인테라피","서울","서울","동대문구","회기동","회기역","서울시 동대문구 회기로196(휘경동 317-101)","회기역 인근","서울시 동대문구 회기로196(휘경동 317-101)","0.74","Y","회기역"
"한국미인테라피","서울","서울","동대문구","휘경동","회기역","서울시 동대문구 회기로196(휘경동 317-101)","회기역 인근","서울시 동대문구 회기로196(휘경동 317-101)","0.68","Y","회기역"
"한국미인테라피","서울","서울","동작구","노량진동","노량진역","서울특별시 동작구 노량진로 지하130","노량진역 인근","서울특별시 동작구 노량진로 지하130","0.16","Y","노량진역"
"한국미인테라피","서울","서울","동작구","대방동","서울지방병무청역","서울특별시 동작구 여의대방로 지하218 (대방동)","서울지방병무청역 인근","서울특별시 동작구 여의대방로 지하218 (대방동)","0.57","Y","서울지방병무청역"
"한국미인테라피","서울","서울","동작구","사당동","남성역","서울특별시 동작구 사당로 지하218(사당동)","남성역 인근","서울특별시 동작구 사당로 지하218(사당동)","0.07","Y","남성역"
"한국미인테라피","서울","서울","동작구","상도동","상도역","서울특별시 동작구 상도로 지하272(상도1동)","상도역 인근","서울특별시 동작구 상도로 지하272(상도1동)","0.56","Y","상도역"
"한국미인테라피","서울","서울","동작구","신대방동","보라매공원역","서울특별시 동작구 여의대방로20길 지하11 (신대방동)","보라매공원역 인근","서울특별시 동작구 여의대방로20길 지하11 (신대방동)","0.44","Y","보라매공원역"
"한국미인테라피","서울","서울","동작구","흑석동","흑석역","서울특별시 동작구 현충로 지하90 (흑석동)","흑석역 인근","서울특별시 동작구 현충로 지하90 (흑석동)","0.34","Y","흑석역"
"한국미인테라피","서울","서울","마포구","공덕동","애오개역","서울특별시 마포구 마포대로 지하210(아현동)","애오개역 인근","서울특별시 마포구 마포대로 지하210(아현동)","0.47","Y","애오개역"
"한국미인테라피","서울","서울","마포구","대흥동","대흥역","서울특별시 마포구 대흥로 지하85(대흥동)","대흥역 인근","서울특별시 마포구 대흥로 지하85(대흥동)","0.36","Y","대흥역"
"한국미인테라피","서울","서울","마포구","도화동","마포역","서울특별시 마포구 마포대로 지하33(도화동)","마포역 인근","서울특별시 마포구 마포대로 지하33(도화동)","0.31","Y","마포역"
"한국미인테라피","서울","서울","마포구","망원동","망원역","서울특별시 마포구 월드컵로 지하77(망원동)","망원역 인근","서울특별시 마포구 월드컵로 지하77(망원동)","0.81","Y","망원역"
"한국미인테라피","서울","서울","마포구","상암동","증미역","서울특별시 강서구 양천로 지하560","증미역 인근","서울특별시 강서구 양천로 지하560","1.84","Y","증미역"
"한국미인테라피","서울","서울","마포구","서강동","상수역","서울특별시 마포구 독막로 지하85(상수동)","상수역 인근","서울특별시 마포구 독막로 지하85(상수동)","0.29","Y","상수역"
"한국미인테라피","서울","서울","마포구","서교동","홍대입구역","서울특별시 마포구 양화로 지하160(동교동)","홍대입구역 인근","서울특별시 마포구 양화로 지하160(동교동)","0.19","Y","홍대입구역"
"한국미인테라피","서울","서울","마포구","성산동","월드컵경기장역","서울특별시 마포구 월드컵로 지하240(성산동)","월드컵경기장역 인근","서울특별시 마포구 월드컵로 지하240(성산동)","0.37","Y","월드컵경기장역"
"한국미인테라피","서울","서울","마포구","신수동","광흥창역","서울특별시 마포구 독막로 지하165(창전동)","광흥창역 인근","서울특별시 마포구 독막로 지하165(창전동)","0.38","Y","광흥창역"
"한국미인테라피","서울","서울","마포구","아현동","애오개역","서울특별시 마포구 마포대로 지하210(아현동)","애오개역 인근","서울특별시 마포구 마포대로 지하210(아현동)","0.50","Y","애오개역"
"한국미인테라피","서울","서울","마포구","연남동","홍대입구역","서울특별시 마포구 양화로 188","홍대입구역 인근","서울특별시 마포구 양화로 188","0.65","Y","홍대입구역"
"한국미인테라피","서울","서울","마포구","염리동","대흥역","서울특별시 마포구 대흥로 지하85(대흥동)","대흥역 인근","서울특별시 마포구 대흥로 지하85(대흥동)","0.57","Y","대흥역"
"한국미인테라피","서울","서울","마포구","용강동","마포역","서울특별시 마포구 마포대로 지하33(도화동)","마포역 인근","서울특별시 마포구 마포대로 지하33(도화동)","0.37","Y","마포역"
"한국미인테라피","서울","서울","마포구","합정동","합정역","서울특별시 마포구 양화로 지하45(합정동)","합정역 인근","서울특별시 마포구 양화로 지하45(합정동)","0.38","Y","합정역"
"한국미인테라피","서울","서울","서대문구","남가좌동","가좌역","서울시 서대문구 수색로 27(남가좌동)","가좌역 인근","서울시 서대문구 수색로 27(남가좌동)","1.05","Y","가좌역"
"한국미인테라피","서울","서울","서대문구","북가좌동","증산역","서울특별시 은평구 증산로 지하306(증산동)","증산역 인근","서울특별시 은평구 증산로 지하306(증산동)","0.56","Y","증산역"
"한국미인테라피","서울","서울","서대문구","북아현동","아현역","서울특별시 마포구 신촌로 지하270(아현동)","아현역 인근","서울특별시 마포구 신촌로 지하270(아현동)","0.70","Y","아현역"
"한국미인테라피","서울","서울","서대문구","신촌동","신촌역","서울특별시 서대문구 신촌역로 30 신촌민자역사","신촌역 인근","서울특별시 서대문구 신촌역로 30 신촌민자역사","0.72","Y","신촌역"
"한국미인테라피","서울","서울","서대문구","연희동","가좌역","서울시 서대문구 수색로 27(남가좌동)","가좌역 인근","서울시 서대문구 수색로 27(남가좌동)","1.47","Y","가좌역"
"한국미인테라피","서울","서울","서대문구","천연동","서대문역","서울특별시 종로구 통일로 지하126(평동)","서대문역 인근","서울특별시 종로구 통일로 지하126(평동)","0.60","Y","서대문역"
"한국미인테라피","서울","서울","서대문구","충현동","충정로역","서울특별시 서대문구 충정로 지하 28-1(충정로3가)","충정로역 인근","서울특별시 서대문구 충정로 지하 28-1(충정로3가)","0.64","Y","충정로역"
"한국미인테라피","서울","서울","서대문구","홍은동","홍제역","서울특별시 서대문구 통일로 지하440-1(홍제동)","홍제역 인근","서울특별시 서대문구 통일로 지하440-1(홍제동)","0.76","Y","홍제역"
"한국미인테라피","서울","서울","서대문구","홍제동","홍제역","서울특별시 서대문구 통일로 지하440-1(홍제동)","홍제역 인근","서울특별시 서대문구 통일로 지하440-1(홍제동)","0.31","Y","홍제역"
"한국미인테라피","서울","서울","서초구","내곡동","청계산입구역","서울특별시 서초구 청계산로 지하 179","청계산입구역 인근","서울특별시 서초구 청계산로 지하 179","1.19","Y","청계산입구역"
"한국미인테라피","서울","서울","서초구","반포동","고속터미널역","서울특별시 서초구 신반포로 지하188","고속터미널역 인근","서울특별시 서초구 신반포로 지하188","0.29","Y","고속터미널역"
"한국미인테라피","서울","서울","서초구","반포본동","구반포역","서울특별시 서초구 신반포로 지하17","구반포역 인근","서울특별시 서초구 신반포로 지하17","0.42","Y","구반포역"
"한국미인테라피","서울","서울","서초구","방배동","방배역","서울특별시 서초구 방배로 지하80(방배동)","방배역 인근","서울특별시 서초구 방배로 지하80(방배동)","0.51","Y","방배역"
"한국미인테라피","서울","서울","서초구","방배본동","내방역","서울특별시 서초구 서초대로 지하103(방배동)","내방역 인근","서울특별시 서초구 서초대로 지하103(방배동)","0.33","Y","내방역"
"한국미인테라피","서울","서울","서초구","서초동","남부터미널역","서울특별시 서초구 서초중앙로 지하31(서초동)","남부터미널역 인근","서울특별시 서초구 서초중앙로 지하31(서초동)","0.39","Y","남부터미널역"
"한국미인테라피","서울","서울","서초구","양재동","양재시민의숲역","서울특별시 서초구 매헌로 지하 116","양재시민의숲역 인근","서울특별시 서초구 매헌로 지하 116","0.22","Y","양재시민의숲역"
"한국미인테라피","서울","서울","서초구","잠원동","잠원역","서울특별시 서초구 잠원로4길 지하46(잠원동)","잠원역 인근","서울특별시 서초구 잠원로4길 지하46(잠원동)","0.59","Y","잠원역"
"한국미인테라피","서울","서울","성동구","3가동","신금호역","서울특별시 성동구 금호로 지하154(금호동2가)","신금호역 인근","서울특별시 성동구 금호로 지하154(금호동2가)","0.19","Y","신금호역"
"한국미인테라피","서울","서울","성동구","금호1가동","행당역","서울특별시 성동구 행당로 지하89(행당동)","행당역 인근","서울특별시 성동구 행당로 지하89(행당동)","0.56","Y","행당역"
"한국미인테라피","서울","서울","성동구","금호4가동","옥수역","서울시 성동구 동호로 지하21(옥수동)","옥수역 인근","서울시 성동구 동호로 지하21(옥수동)","0.69","Y","옥수역"
"한국미인테라피","서울","서울","성동구","마장동","마장역","서울특별시 성동구 마장로 지하296(마장동)","마장역 인근","서울특별시 성동구 마장로 지하296(마장동)","0.27","Y","마장역"
"한국미인테라피","서울","서울","성동구","사근동","용답역","서울특별시 성동구 용답길 86(용답동)","용답역 인근","서울특별시 성동구 용답길 86(용답동)","0.42","Y","용답역"
"한국미인테라피","서울","서울","성동구","성수1가제1동","","","성수1가제1동 중심","서울 성동구 성수1가제1동","","N",""
"한국미인테라피","서울","서울","성동구","성수1가제2동","뚝섬역","서울특별시 성동구 아차산로 18(성수동1가)","뚝섬역 인근","서울특별시 성동구 아차산로 18(성수동1가)","0.25","Y","뚝섬역"
"한국미인테라피","서울","서울","성동구","성수2가제1동","","","성수2가제1동 중심","서울 성동구 성수2가제1동","","N",""
"한국미인테라피","서울","서울","성동구","성수2가제3동","","","성수2가제3동 중심","서울 성동구 성수2가제3동","","N",""
"한국미인테라피","서울","서울","성동구","송정동","어린이대공원역","서울특별시 광진구 능동로 지하210(화양동)","어린이대공원역 인근","서울특별시 광진구 능동로 지하210(화양동)","0.84","Y","어린이대공원역"
"한국미인테라피","서울","서울","성동구","옥수동","옥수역","서울특별시 성동구 동호로 21(옥수동)","옥수역 인근","서울특별시 성동구 동호로 21(옥수동)","0.07","Y","옥수역"
"한국미인테라피","서울","서울","성동구","왕십리도선동","상왕십리역","서울특별시 성동구 왕십리로 지하374(하왕십리동)","상왕십리역 인근","서울특별시 성동구 왕십리로 지하374(하왕십리동)","0.23","Y","상왕십리역"
"한국미인테라피","서울","서울","성동구","왕십리동","","","왕십리동 중심","서울 성동구 왕십리동","","N",""
"한국미인테라피","서울","서울","성동구","용답동","장한평역","서울특별시 동대문구 천호대로 지하405(장안동)","장한평역 인근","서울특별시 동대문구 천호대로 지하405(장안동)","0.58","Y","장한평역"
"한국미인테라피","서울","서울","성동구","응봉동","응봉역","서울시 성동구 고산자로 123(응봉동)","응봉역 인근","서울시 성동구 고산자로 123(응봉동)","0.24","Y","응봉역"
"한국미인테라피","서울","서울","성동구","행당동","왕십리역","서울특별시 성동구 왕십리로 지하300(행당동)","왕십리역 인근","서울특별시 성동구 왕십리로 지하300(행당동)","0.40","Y","왕십리역"
"한국미인테라피","서울","서울","성북구","길음동","길음역","서울특별시 성북구 동소문로 지하248(길음동)","길음역 인근","서울특별시 성북구 동소문로 지하248(길음동)","0.71","Y","길음역"
"한국미인테라피","서울","서울","성북구","돈암동","성신여대입구역","서울특별시 성북구 동소문로 지하102(동선동4가)","성신여대입구역 인근","서울특별시 성북구 동소문로 지하102(동선동4가)","0.66","Y","성신여대입구역"
"한국미인테라피","서울","서울","성북구","동선동","성신여대입구역","서울특별시 성북구 동소문로 지하102(동선동4가)","성신여대입구역 인근","서울특별시 성북구 동소문로 지하102(동선동4가)","0.14","Y","성신여대입구역"
"한국미인테라피","서울","서울","성북구","보문동","보문역","서울특별시 성북구 보문동1가 127-6","보문역 인근","서울특별시 성북구 보문동1가 127-6","0.27","Y","보문역"
"한국미인테라피","서울","서울","성북구","삼선동","한성대입구역","서울특별시 성북구 삼선교로 지하1(삼선동1가)","한성대입구역 인근","서울특별시 성북구 삼선교로 지하1(삼선동1가)","0.52","Y","한성대입구역"
"한국미인테라피","서울","서울","성북구","석관동","돌곶이역","서울특별시 성북구 화랑로 지하243(석관동)","돌곶이역 인근","서울특별시 성북구 화랑로 지하243(석관동)","0.53","Y","돌곶이역"
"한국미인테라피","서울","서울","성북구","성북동","한성대입구역","서울특별시 성북구 삼선교로 지하1(삼선동1가)","한성대입구역 인근","서울특별시 성북구 삼선교로 지하1(삼선동1가)","1.45","Y","한성대입구역"
"한국미인테라피","서울","서울","성북구","안암동","안암역","서울특별시 성북구 고려대로 지하89(안암동5가)","안암역 인근","서울특별시 성북구 고려대로 지하89(안암동5가)","0.23","Y","안암역"
"한국미인테라피","서울","서울","성북구","월곡동","","","월곡동 중심","서울 성북구 월곡동","","N",""
"한국미인테라피","서울","서울","성북구","장위동","돌곶이역","서울특별시 성북구 화랑로 지하243(석관동)","돌곶이역 인근","서울특별시 성북구 화랑로 지하243(석관동)","0.82","Y","돌곶이역"
"한국미인테라피","서울","서울","성북구","정릉동","북한산보국문역","서울특별시 성북구 보국문로 지하 88","북한산보국문역 인근","서울특별시 성북구 보국문로 지하 88","1.08","Y","북한산보국문역"
"한국미인테라피","서울","서울","성북구","종암동","고려대역","서울특별시 성북구 종암로 지하1(종암동)","고려대역 인근","서울특별시 성북구 종암로 지하1(종암동)","0.71","Y","고려대역"
"한국미인테라피","서울","서울","송파구","가락동","가락시장역","서울특별시 송파구 송파대로 지하257(가락동)","가락시장역 인근","서울특별시 송파구 송파대로 지하257(가락동)","0.20","Y","가락시장역"
"한국미인테라피","서울","서울","송파구","가락본동","경찰병원역","서울특별시 송파구 중대로 지하149(가락동)","경찰병원역 인근","서울특별시 송파구 중대로 지하149(가락동)","0.40","Y","경찰병원역"
"한국미인테라피","서울","서울","송파구","거여동","거여역","서울특별시 송파구 오금로 지하499(거여동)","거여역 인근","서울특별시 송파구 오금로 지하499(거여동)","0.38","Y","거여역"
"한국미인테라피","서울","서울","송파구","마천동","마천역","서울특별시 송파구 마천로57길 지하7(마천동)","마천역 인근","서울특별시 송파구 마천로57길 지하7(마천동)","0.35","Y","마천역"
"한국미인테라피","서울","서울","송파구","문정동","문정역","서울특별시 송파구 송파대로 지하179(문정동)","문정역 인근","서울특별시 송파구 송파대로 지하179(문정동)","0.29","Y","문정역"
"한국미인테라피","서울","서울","송파구","방이동","송파나루역","서울특별시 송파구 백제고분로 지하 446","송파나루역 인근","서울특별시 송파구 백제고분로 지하 446","0.57","Y","송파나루역"
"한국미인테라피","서울","서울","송파구","삼전동","삼전역","서울특별시 송파구 백제고분로 지하 187","삼전역 인근","서울특별시 송파구 백제고분로 지하 187","0.43","Y","삼전역"
"한국미인테라피","서울","서울","송파구","석촌동","석촌역","서울특별시 송파구 석촌동 209","석촌역 인근","서울특별시 송파구 석촌동 209","0.42","Y","석촌역"
"한국미인테라피","서울","서울","송파구","송파동","송파역","서울특별시 송파구 송파대로 지하354(가락동)","송파역 인근","서울특별시 송파구 송파대로 지하354(가락동)","0.60","Y","송파역"
"한국미인테라피","서울","서울","송파구","오금동","오금역","서울특별시 송파구 오금로 지하321(오금동)","오금역 인근","서울특별시 송파구 오금로 지하321(오금동)","0.50","Y","오금역"
"한국미인테라피","서울","서울","송파구","오륜동","올림픽공원역","서울특별시 송파구 양재대로 지하 1233","올림픽공원역 인근","서울특별시 송파구 양재대로 지하 1233","0.41","Y","올림픽공원역"
"한국미인테라피","서울","서울","송파구","위례동","거여역","서울특별시 송파구 오금로 지하499(거여동)","거여역 인근","서울특별시 송파구 오금로 지하499(거여동)","1.46","Y","거여역"
"한국미인테라피","서울","서울","송파구","잠실동","잠실새내역","서울특별시 송파구 올림픽로 지하140(잠실동)","잠실새내역 인근","서울특별시 송파구 올림픽로 지하140(잠실동)","0.09","Y","잠실새내역"
"한국미인테라피","서울","서울","송파구","잠실본동","삼전역","서울특별시 송파구 백제고분로 지하 187","삼전역 인근","서울특별시 송파구 백제고분로 지하 187","0.37","Y","삼전역"
"한국미인테라피","서울","서울","송파구","장지동","장지역","서울특별시 송파구 송파대로 지하82(장지동)","장지역 인근","서울특별시 송파구 송파대로 지하82(장지동)","0.44","Y","장지역"
"한국미인테라피","서울","서울","송파구","풍납동","강동구청역","서울특별시 강동구 올림픽로 지하550(성내동)","강동구청역 인근","서울특별시 강동구 올림픽로 지하550(성내동)","0.61","Y","강동구청역"
"한국미인테라피","서울","서울","양천구","목동","목동역","서울특별시 양천구 오목로 지하245(목동)","목동역 인근","서울특별시 양천구 오목로 지하245(목동)","0.02","Y","목동역"
"한국미인테라피","서울","서울","양천구","신월동","까치산역","서울특별시 강서구 강서로 지하54(화곡동)","까치산역 인근","서울특별시 강서구 강서로 지하54(화곡동)","1.19","Y","까치산역"
"한국미인테라피","서울","서울","양천구","신정동","양천구청역","서울특별시 양천구 목동로3길 지하33(신정동)","양천구청역 인근","서울특별시 양천구 목동로3길 지하33(신정동)","0.48","Y","양천구청역"
"한국미인테라피","서울","서울","영등포구","당산동","당산역","서울특별시 영등포구 당산로 229(당산동6가)","당산역 인근","서울특별시 영등포구 당산로 229(당산동6가)","0.35","Y","당산역"
"한국미인테라피","서울","서울","영등포구","대림동","대림역","서울특별시 영등포구 도림로 지하137(대림동)","대림역 인근","서울특별시 영등포구 도림로 지하137(대림동)","0.55","Y","대림역"
"한국미인테라피","서울","서울","영등포구","도림동","신도림역","서울시 구로구 새말로 117-21","신도림역 인근","서울시 구로구 새말로 117-21","0.70","Y","신도림역"
"한국미인테라피","서울","서울","영등포구","문래동","문래역","서울특별시 영등포구 당산로 지하28(문래동3가)","문래역 인근","서울특별시 영등포구 당산로 지하28(문래동3가)","0.33","Y","문래역"
"한국미인테라피","서울","서울","영등포구","신길동","신풍역","서울특별시 영등포구 신풍로 지하27(신길동)","신풍역 인근","서울특별시 영등포구 신풍로 지하27(신길동)","0.74","Y","신풍역"
"한국미인테라피","서울","서울","영등포구","양평동","선유도역","서울특별시 영등포구 양평로 지하124","선유도역 인근","서울특별시 영등포구 양평로 지하124","0.08","Y","선유도역"
"한국미인테라피","서울","서울","영등포구","여의동","여의나루역","서울특별시 영등포구 여의동로 지하343(여의도동)","여의나루역 인근","서울특별시 영등포구 여의동로 지하343(여의도동)","0.29","Y","여의나루역"
"한국미인테라피","서울","서울","영등포구","영등포동","영등포시장역","서울특별시 영등포구 양산로 지하200(영등포동5가)","영등포시장역 인근","서울특별시 영등포구 양산로 지하200(영등포동5가)","0.25","Y","영등포시장역"
"한국미인테라피","서울","서울","영등포구","영등포본동","영등포역","서울시 영등포구 경인로 846(영등포동 1가 618-496)","영등포역 인근","서울시 영등포구 경인로 846(영등포동 1가 618-496)","0.34","Y","영등포역"
"한국미인테라피","서울","서울","용산구","남영동","숙대입구역","서울특별시 용산구 한강대로 지하306(갈월동)","숙대입구역 인근","서울특별시 용산구 한강대로 지하306(갈월동)","0.25","Y","숙대입구역"
"한국미인테라피","서울","서울","용산구","보광동","한남역","서울시 용산구 독서당로6길 12-13(한남동)","한남역 인근","서울시 용산구 독서당로6길 12-13(한남동)","0.83","Y","한남역"
"한국미인테라피","서울","서울","용산구","서빙고동","서빙고역","서울시 용산구 서빙고로 238(서빙고동 241-11)","서빙고역 인근","서울시 용산구 서빙고로 238(서빙고동 241-11)","0.33","Y","서빙고역"
"한국미인테라피","서울","서울","용산구","용문동","효창공원앞역","서울특별시 용산구 백범로 지하287(효창동)","효창공원앞역 인근","서울특별시 용산구 백범로 지하287(효창동)","0.27","Y","효창공원앞역"
"한국미인테라피","서울","서울","용산구","용산2가동","녹사평역","서울특별시 용산구 녹사평대로 지하195(용산동4가)","녹사평역 인근","서울특별시 용산구 녹사평대로 지하195(용산동4가)","0.53","Y","녹사평역"
"한국미인테라피","서울","서울","용산구","원효로동","마포역","서울특별시 마포구 마포대로 지하33(도화동)","마포역 인근","서울특별시 마포구 마포대로 지하33(도화동)","0.81","Y","마포역"
"한국미인테라피","서울","서울","용산구","이촌동","이촌역","서울시 용산구 이촌로 71길 42","이촌역 인근","서울시 용산구 이촌로 71길 42","0.73","Y","이촌역"
"한국미인테라피","서울","서울","용산구","이태원동","이태원역","서울특별시 용산구 이태원로 지하177(이태원동)","이태원역 인근","서울특별시 용산구 이태원로 지하177(이태원동)","0.48","Y","이태원역"
"한국미인테라피","서울","서울","용산구","청파동","서울역","서울특별시 용산구 청파로 378","서울역 인근","서울특별시 용산구 청파로 378","0.55","Y","서울역"
"한국미인테라피","서울","서울","용산구","한강로동","이촌역","서울특별시 용산구 서빙고로 지하83(용산동5가)","이촌역 인근","서울특별시 용산구 서빙고로 지하83(용산동5가)","0.17","Y","이촌역"
"한국미인테라피","서울","서울","용산구","한남동","한강진역","서울특별시 용산구 이태원로 지하287(한남동)","한강진역 인근","서울특별시 용산구 이태원로 지하287(한남동)","0.52","Y","한강진역"
"한국미인테라피","서울","서울","용산구","효창동","효창공원앞역","서울특별시 용산구 백범로 지하287(효창동)","효창공원앞역 인근","서울특별시 용산구 백범로 지하287(효창동)","0.47","Y","효창공원앞역"
"한국미인테라피","서울","서울","용산구","후암동","서울역","서울특별시 용산구 한강대로 지하392(동자동)","서울역 인근","서울특별시 용산구 한강대로 지하392(동자동)","0.75","Y","서울역"
"한국미인테라피","서울","서울","은평구","갈현동","연신내역","서울특별시 은평구 통일로 지하849(갈현동)","연신내역 인근","서울특별시 은평구 통일로 지하849(갈현동)","0.73","Y","연신내역"
"한국미인테라피","서울","서울","은평구","구산동","구산역","서울특별시 은평구 연서로 지하137-1(구산동)","구산역 인근","서울특별시 은평구 연서로 지하137-1(구산동)","0.80","Y","구산역"
"한국미인테라피","서울","서울","은평구","녹번동","녹번역","서울특별시 은평구 통일로 지하602-1(녹번동)","녹번역 인근","서울특별시 은평구 통일로 지하602-1(녹번동)","0.50","Y","녹번역"
"한국미인테라피","서울","서울","은평구","대조동","구산역","서울특별시 은평구 연서로 지하137-1(구산동)","구산역 인근","서울특별시 은평구 연서로 지하137-1(구산동)","0.51","Y","구산역"
"한국미인테라피","서울","서울","은평구","불광동","독바위역","서울특별시 은평구 불광로 지하129-1(불광동)","독바위역 인근","서울특별시 은평구 불광로 지하129-1(불광동)","0.24","Y","독바위역"
"한국미인테라피","서울","서울","은평구","수색동","수색역","서울시 은평구 수색로 261-1","수색역 인근","서울시 은평구 수색로 261-1","0.49","Y","수색역"
"한국미인테라피","서울","서울","은평구","신사동","새절역","서울특별시 은평구 증산로 지하400(신사동)","새절역 인근","서울특별시 은평구 증산로 지하400(신사동)","0.68","Y","새절역"
"한국미인테라피","서울","서울","은평구","역촌동","역촌역","서울특별시 은평구 서오릉로 지하63(녹번동)","역촌역 인근","서울특별시 은평구 서오릉로 지하63(녹번동)","0.70","Y","역촌역"
"한국미인테라피","서울","서울","은평구","응암동","새절역","서울특별시 은평구 증산로 지하400(신사동)","새절역 인근","서울특별시 은평구 증산로 지하400(신사동)","0.72","Y","새절역"
"한국미인테라피","서울","서울","은평구","증산동","증산역","서울특별시 은평구 증산로 지하306(증산동)","증산역 인근","서울특별시 은평구 증산로 지하306(증산동)","0.38","Y","증산역"
"한국미인테라피","서울","서울","은평구","진관동","구파발역","서울특별시 은평구 진관2로 지하15-25 (진관동)","구파발역 인근","서울특별시 은평구 진관2로 지하15-25 (진관동)","1.58","Y","구파발역"
"한국미인테라피","서울","서울","종로구","4가동","종로3가역","서울특별시 종로구 돈화문로11길 지하 26(돈의동)","종로3가역 인근","서울특별시 종로구 돈화문로11길 지하 26(돈의동)","0.64","Y","종로3가역"
"한국미인테라피","서울","서울","종로구","6가동","종로5가역","서울특별시 종로구 종로 지하216(종로5가)","종로5가역 인근","서울특별시 종로구 종로 지하216(종로5가)","0.28","Y","종로5가역"
"한국미인테라피","서울","서울","종로구","가회동","안국역","서울특별시 종로구 율곡로 지하62(안국동)","안국역 인근","서울특별시 종로구 율곡로 지하62(안국동)","0.84","Y","안국역"
"한국미인테라피","서울","서울","종로구","교남동","독립문역","서울특별시 서대문구 통일로 지하247(현저동)","독립문역 인근","서울특별시 서대문구 통일로 지하247(현저동)","0.58","Y","독립문역"
"한국미인테라피","서울","서울","종로구","무악동","독립문역","서울특별시 서대문구 통일로 지하247(현저동)","독립문역 인근","서울특별시 서대문구 통일로 지하247(현저동)","0.24","Y","독립문역"
"한국미인테라피","서울","서울","종로구","부암동","무악재역","서울특별시 서대문구 통일로 지하361(홍제동)","무악재역 인근","서울특별시 서대문구 통일로 지하361(홍제동)","1.94","Y","무악재역"
"한국미인테라피","서울","서울","종로구","사직동","경복궁역","서울특별시 종로구 사직로 지하130(적선동)","경복궁역 인근","서울특별시 종로구 사직로 지하130(적선동)","0.37","Y","경복궁역"
"한국미인테라피","서울","서울","종로구","삼청동","안국역","서울특별시 종로구 율곡로 지하62(안국동)","안국역 인근","서울특별시 종로구 율곡로 지하62(안국동)","1.50","Y","안국역"
"한국미인테라피","서울","서울","종로구","숭인동","동묘앞역","서울특별시 종로구 종로 359(숭인동)","동묘앞역 인근","서울특별시 종로구 종로 359(숭인동)","0.40","Y","동묘앞역"
"한국미인테라피","서울","서울","종로구","이화동","혜화역","서울특별시 종로구 대학로 지하120(명륜4가)","혜화역 인근","서울특별시 종로구 대학로 지하120(명륜4가)","0.67","Y","혜화역"
"한국미인테라피","서울","서울","종로구","창신동","동묘앞역","서울특별시 종로구 종로 359(숭인동)","동묘앞역 인근","서울특별시 종로구 종로 359(숭인동)","0.42","Y","동묘앞역"
"한국미인테라피","서울","서울","종로구","청운효자동","경복궁역","서울특별시 종로구 사직로 지하130(적선동)","경복궁역 인근","서울특별시 종로구 사직로 지하130(적선동)","1.11","Y","경복궁역"
"한국미인테라피","서울","서울","종로구","평창동","독바위역","서울특별시 은평구 불광로 지하129-1(불광동)","독바위역 인근","서울특별시 은평구 불광로 지하129-1(불광동)","3.06","Y","독바위역"
"한국미인테라피","서울","서울","종로구","혜화동","한성대입구역","서울특별시 성북구 삼선교로 지하1(삼선동1가)","한성대입구역 인근","서울특별시 성북구 삼선교로 지하1(삼선동1가)","0.35","Y","한성대입구역"
"한국미인테라피","서울","서울","중구","광희동","동대문역사문화공원역","서울특별시 중구 장충단로 지하230(광희동2가)","동대문역사문화공원역 인근","서울특별시 중구 장충단로 지하230(광희동2가)","0.08","Y","동대문역사문화공원역"
"한국미인테라피","서울","서울","중구","다산동","약수역","서울특별시 중구 다산로 지하115(신당동)","약수역 인근","서울특별시 중구 다산로 지하115(신당동)","0.21","Y","약수역"
"한국미인테라피","서울","서울","중구","동화동","청구역","서울특별시 중구 청구로 지하77(신당동)","청구역 인근","서울특별시 중구 청구로 지하77(신당동)","0.34","Y","청구역"
"한국미인테라피","서울","서울","중구","명동","명동역","서울특별시 중구 퇴계로 지하126(충무로2가)","명동역 인근","서울특별시 중구 퇴계로 지하126(충무로2가)","0.11","Y","명동역"
"한국미인테라피","서울","서울","중구","소공동","시청역","서울특별시 중구 세종대로 지하101(정동)","시청역 인근","서울특별시 중구 세종대로 지하101(정동)","0.27","Y","시청역"
"한국미인테라피","서울","서울","중구","신당동","신당역","서울특별시 중구 다산로 지하260(흥인동)","신당역 인근","서울특별시 중구 다산로 지하260(흥인동)","0.28","Y","신당역"
"한국미인테라피","서울","서울","중구","약수동","버티고개역","서울특별시 중구 다산로 지하38(신당동)","버티고개역 인근","서울특별시 중구 다산로 지하38(신당동)","0.33","Y","버티고개역"
"한국미인테라피","서울","서울","중구","을지로동","을지로4가역","서울특별시 중구 을지로 지하178(을지로4가)","을지로4가역 인근","서울특별시 중구 을지로 지하178(을지로4가)","0.07","Y","을지로4가역"
"한국미인테라피","서울","서울","중구","장충동","동대입구역","서울특별시 중구 동호로 지하256(장충동2가)","동대입구역 인근","서울특별시 중구 동호로 지하256(장충동2가)","0.42","Y","동대입구역"
"한국미인테라피","서울","서울","중구","중림동","충정로역","서울특별시 서대문구 서소문로 지하17(충정로3가)","충정로역 인근","서울특별시 서대문구 서소문로 지하17(충정로3가)","0.37","Y","충정로역"
"한국미인테라피","서울","서울","중구","청구동","약수역","서울특별시 중구 다산로 지하122(신당동)","약수역 인근","서울특별시 중구 다산로 지하122(신당동)","0.41","Y","약수역"
"한국미인테라피","서울","서울","중구","필동","충무로역","서울특별시 중구 퇴계로 지하214(필동2가)","충무로역 인근","서울특별시 중구 퇴계로 지하214(필동2가)","0.53","Y","충무로역"
"한국미인테라피","서울","서울","중구","황학동","신당역","서울특별시 중구 퇴계로 지하431-1(신당동)","신당역 인근","서울특별시 중구 퇴계로 지하431-1(신당동)","0.29","Y","신당역"
"한국미인테라피","서울","서울","중구","회현동","회현역","서울특별시 중구 퇴계로 지하54(남창동)","회현역 인근","서울특별시 중구 퇴계로 지하54(남창동)","0.26","Y","회현역"
"한국미인테라피","서울","서울","중랑구","8동","신내역","서울특별시 중랑구 용마산로136길 33 신내차량기지","신내역 인근","서울특별시 중랑구 용마산로136길 33 신내차량기지","1.15","Y","신내역"
"한국미인테라피","서울","서울","중랑구","망우동","신내역","서울특별시 중랑구 용마산로136길 33 신내차량기지","신내역 인근","서울특별시 중랑구 용마산로136길 33 신내차량기지","1.33","Y","신내역"
"한국미인테라피","서울","서울","중랑구","망우본동","신내역","서울특별시 중랑구 용마산로136길 33 신내차량기지","신내역 인근","서울특별시 중랑구 용마산로136길 33 신내차량기지","1.16","Y","신내역"
"한국미인테라피","서울","서울","중랑구","면목동","사가정역","서울특별시 중랑구 사가정로 지하393(면목동)","사가정역 인근","서울특별시 중랑구 사가정로 지하393(면목동)","0.24","Y","사가정역"
"한국미인테라피","서울","서울","중랑구","면목본동","면목역","서울특별시 중랑구 면목로 지하407(면목동) ","면목역 인근","서울특별시 중랑구 면목로 지하407(면목동) ","0.17","Y","면목역"
"한국미인테라피","서울","서울","중랑구","묵동","먹골역","서울특별시 중랑구 동일로 지하901(묵동)","먹골역 인근","서울특별시 중랑구 동일로 지하901(묵동)","0.25","Y","먹골역"
"한국미인테라피","서울","서울","중랑구","상봉동","망우역","서울시 중랑구 망우로 55길 11-10","망우역 인근","서울시 중랑구 망우로 55길 11-10","0.10","Y","망우역"
"한국미인테라피","서울","서울","중랑구","신내동","봉화산역","서울특별시 중랑구 신내로 지하232(신내동)","봉화산역 인근","서울특별시 중랑구 신내로 지하232(신내동)","0.77","Y","봉화산역"
"한국미인테라피","서울","서울","중랑구","중화동","중화역","서울특별시 중랑구 동일로 지하797(중화동)","중화역 인근","서울특별시 중랑구 동일로 지하797(중화동)","0.23","Y","중화역"
"한국미인테라피","인천","인천","강화군","강화읍","","","강화읍 중심","인천 강화군 강화읍","16.54","N","양촌역"
"한국미인테라피","인천","인천","강화군","교동면","","","교동면 중심","인천 강화군 교동면","34.46","N","양촌역"
"한국미인테라피","인천","인천","강화군","길상면","","","길상면 중심","인천 강화군 길상면","10.34","N","양촌역"
"한국미인테라피","인천","인천","강화군","내가면","","","내가면 중심","인천 강화군 내가면","21.90","N","양촌역"
"한국미인테라피","인천","인천","강화군","불은면","","","불은면 중심","인천 강화군 불은면","11.48","N","양촌역"
"한국미인테라피","인천","인천","강화군","삼산면","","","삼산면 중심","인천 강화군 삼산면","28.35","N","양촌역"
"한국미인테라피","인천","인천","강화군","서도면","","","서도면 중심","인천 강화군 서도면","27.60","N","인천공항2터미널역"
"한국미인테라피","인천","인천","강화군","선원면","","","선원면 중심","인천 강화군 선원면","13.83","N","양촌역"
"한국미인테라피","인천","인천","강화군","송해면","","","송해면 중심","인천 강화군 송해면","20.06","N","양촌역"
"한국미인테라피","인천","인천","강화군","양도면","","","양도면 중심","인천 강화군 양도면","16.65","N","양촌역"
"한국미인테라피","인천","인천","강화군","양사면","","","양사면 중심","인천 강화군 양사면","25.64","N","양촌역"
"한국미인테라피","인천","인천","강화군","하점면","","","하점면 중심","인천 강화군 하점면","23.23","N","양촌역"
"한국미인테라피","인천","인천","강화군","화도면","","","화도면 중심","인천 강화군 화도면","14.87","N","영종역"
"한국미인테라피","인천","인천","검단구","검단동","검단사거리역","인천광역시 서구 검단로 473 (왕길동)","검단사거리역 인근","인천광역시 서구 검단로 473 (왕길동)","1.46","Y","검단사거리역"
"한국미인테라피","인천","인천","검단구","당하동","독정역","인천광역시 서구 서곶로 760 (백석동)","독정역 인근","인천광역시 서구 서곶로 760 (백석동)","0.40","Y","독정역"
"한국미인테라피","인천","인천","검단구","마전동","마전역","인천광역시 서구 완정로 68 (마전동)","마전역 인근","인천광역시 서구 완정로 68 (마전동)","0.09","Y","마전역"
"한국미인테라피","인천","인천","검단구","불로대곡동","검단호수공원역","인천광역시 서구 불로동 608-16","검단호수공원역 인근","인천광역시 서구 불로동 608-16","1.87","Y","검단호수공원역"
"한국미인테라피","인천","인천","검단구","아라동","아라역","인천광역시 서구 당하동 1238","아라역 인근","인천광역시 서구 당하동 1238","0.16","Y","아라역"
"한국미인테라피","인천","인천","검단구","오류왕길동","검단오류역","인천광역시 서구 검단로 187 (오류동)","검단오류역 인근","인천광역시 서구 검단로 187 (오류동)","2.17","Y","검단오류역"
"한국미인테라피","인천","인천","검단구","원당동","신검단중앙역","인천광역시 서구 원당로652","신검단중앙역 인근","인천광역시 서구 원당로652","1.21","Y","신검단중앙역"
"한국미인테라피","인천","인천","계양구","계산동","경인교대입구역","인천광역시 계양구 계양대로 162","경인교대입구역 인근","인천광역시 계양구 계양대로 162","0.60","Y","경인교대입구역"
"한국미인테라피","인천","인천","계양구","계양동","","","계양동 중심","인천 계양구 계양동","","N",""
"한국미인테라피","인천","인천","계양구","작전동","작전역","인천광역시 계양구 게양대로 73","작전역 인근","인천광역시 계양구 게양대로 73","0.29","Y","작전역"
"한국미인테라피","인천","인천","계양구","작전서운동","임학역","인천광역시 계양구 장제로 875","임학역 인근","인천광역시 계양구 장제로 875","1.74","Y","임학역"
"한국미인테라피","인천","인천","계양구","효성동","작전역","인천광역시 계양구 게양대로 73","작전역 인근","인천광역시 계양구 게양대로 73","1.42","Y","작전역"
"한국미인테라피","인천","인천","남동구","간석동","간석오거리역","인천광역시 남동구 경인로 674","간석오거리역 인근","인천광역시 남동구 경인로 674","0.25","Y","간석오거리역"
"한국미인테라피","인천","인천","남동구","구월동","예술회관역","인천광역시 남동구 예술로 172","예술회관역 인근","인천광역시 남동구 예술로 172","0.52","Y","예술회관역"
"한국미인테라피","인천","인천","남동구","남촌도림동","선학역","인천광역시 연수구 경원대로 480","선학역 인근","인천광역시 연수구 경원대로 480","2.01","Y","선학역"
"한국미인테라피","인천","인천","남동구","논현고잔동","호구포역","인천시 남동구 호구포로 205","호구포역 인근","인천시 남동구 호구포로 205","1.02","Y","호구포역"
"한국미인테라피","인천","인천","남동구","논현동","인천논현역","인천시 남동구 청능대로 567","인천논현역 인근","인천시 남동구 청능대로 567","0.43","Y","인천논현역"
"한국미인테라피","인천","인천","남동구","만수동","만수역","인천광역시 남동구 구월로 지하 367 (만수동)","만수역 인근","인천광역시 남동구 구월로 지하 367 (만수동)","0.43","Y","만수역"
"한국미인테라피","인천","인천","남동구","서창동","운연역","인천광역시 남동구 매소홀로 1229 (운연동)","운연역 인근","인천광역시 남동구 매소홀로 1229 (운연동)","1.24","Y","운연역"
"한국미인테라피","인천","인천","남동구","장수서창동","인천대공원역","인천광역시 남동구 수인로 3677 (장수동)","인천대공원역 인근","인천광역시 남동구 수인로 3677 (장수동)","0.54","Y","인천대공원역"
"한국미인테라피","인천","인천","미추홀구","3동","도화역","인천시 남구 숙골로 24번길 9","도화역 인근","인천시 남구 숙골로 24번길 9","0.77","Y","도화역"
"한국미인테라피","인천","인천","미추홀구","4동","인하대역","인천시 남구 용현동 294-3","인하대역 인근","인천시 남구 용현동 294-3","0.98","Y","인하대역"
"한국미인테라피","인천","인천","미추홀구","관교동","인천터미널역","인천광역시 미추홀구 예술로 85","인천터미널역 인근","인천광역시 미추홀구 예술로 85","0.80","Y","인천터미널역"
"한국미인테라피","인천","인천","미추홀구","도화동","제물포역","인천시 남구 경인로 129","제물포역 인근","인천시 남구 경인로 129","0.65","Y","제물포역"
"한국미인테라피","인천","인천","미추홀구","문학동","문학경기장역","인천광역시 연수구 예술로 2","문학경기장역 인근","인천광역시 연수구 예술로 2","1.40","Y","문학경기장역"
"한국미인테라피","인천","인천","미추홀구","숭의동","제물포역","인천시 남구 경인로 129","제물포역 인근","인천시 남구 경인로 129","0.68","Y","제물포역"
"한국미인테라피","인천","인천","미추홀구","용현동","인하대역","인천시 남구 용현동 294-3","인하대역 인근","인천시 남구 용현동 294-3","0.30","Y","인하대역"
"한국미인테라피","인천","인천","미추홀구","주안동","시민공원역","인천광역시 미추홀구 경인로 371 (주안동)","시민공원역 인근","인천광역시 미추홀구 경인로 371 (주안동)","0.12","Y","시민공원역"
"한국미인테라피","인천","인천","미추홀구","학익동","인하대역","인천시 남구 용현동 294-3","인하대역 인근","인천시 남구 용현동 294-3","1.08","Y","인하대역"
"한국미인테라피","인천","인천","부평구","갈산동","갈산역","인천광역시 부평구 부평대로 286","갈산역 인근","인천광역시 부평구 부평대로 286","0.50","Y","갈산역"
"한국미인테라피","인천","인천","부평구","부개동","부개역","인천시 부평구 수변로 22","부개역 인근","인천시 부평구 수변로 22","0.63","Y","부개역"
"한국미인테라피","인천","인천","부평구","부평동","부평역","인천광역시 부평구 광장로 15","부평역 인근","인천광역시 부평구 광장로 15","0.04","Y","부평역"
"한국미인테라피","인천","인천","부평구","산곡동","산곡역","인천광역시 부평구 길주로 지하 379 (산곡동)","산곡역 인근","인천광역시 부평구 길주로 지하 379 (산곡동)","1.05","Y","산곡역"
"한국미인테라피","인천","인천","부평구","삼산동","삼산체육관역","인천광역시 부평구 길주로 지하 713 (삼산동)","삼산체육관역 인근","인천광역시 부평구 길주로 지하 713 (삼산동)","0.97","Y","삼산체육관역"
"한국미인테라피","인천","인천","부평구","십정동","동암역","인천시 부평구 동암광장로 10","동암역 인근","인천시 부평구 동암광장로 10","0.81","Y","동암역"
"한국미인테라피","인천","인천","부평구","일신동","송내역","경기도 부천시 소사구 송내대로 43","송내역 인근","경기도 부천시 소사구 송내대로 43","0.88","Y","송내역"
"한국미인테라피","인천","인천","부평구","청천동","갈산역","인천광역시 부평구 부평대로 286","갈산역 인근","인천광역시 부평구 부평대로 286","1.20","Y","갈산역"
"한국미인테라피","인천","인천","서해구","가정동","가정역","인천광역시 서구 봉오대로 234 (가정동)","가정역 인근","인천광역시 서구 봉오대로 234 (가정동)","0.23","Y","가정역"
"한국미인테라피","인천","인천","서해구","가좌동","인천가좌역","인천광역시 서구 가석로 67 (가좌동)","인천가좌역 인근","인천광역시 서구 가석로 67 (가좌동)","0.22","Y","인천가좌역"
"한국미인테라피","인천","인천","서해구","검암경서동","검바위역","인천광역시 서구 서곶로 492 (검암동)","검바위역 인근","인천광역시 서구 서곶로 492 (검암동)","1.90","Y","검바위역"
"한국미인테라피","인천","인천","서해구","석남동","석남역","인천광역시 서구 길주로 지하 120 (석남동)","석남역 인근","인천광역시 서구 길주로 지하 120 (석남동)","0.50","Y","석남역"
"한국미인테라피","인천","인천","서해구","신현원창동","청라국제도시역","인천광역시 서구 에코로 163","청라국제도시역 인근","인천광역시 서구 에코로 163","3.75","Y","청라국제도시역"
"한국미인테라피","인천","인천","서해구","연희동","아시아드경기장역","인천광역시 서구 서곶로 382 (연희동)","아시아드경기장역 인근","인천광역시 서구 서곶로 382 (연희동)","0.58","Y","아시아드경기장역"
"한국미인테라피","인천","인천","서해구","청라동","청라국제도시역","인천광역시 서구 에코로 163","청라국제도시역 인근","인천광역시 서구 에코로 163","2.65","Y","청라국제도시역"
"한국미인테라피","인천","인천","연수구","동춘동","동막역","인천광역시 연수구 경원대로 80","동막역 인근","인천광역시 연수구 경원대로 80","1.04","Y","동막역"
"한국미인테라피","인천","인천","연수구","선학동","선학역","인천광역시 연수구 경원대로 480","선학역 인근","인천광역시 연수구 경원대로 480","0.25","Y","선학역"
"한국미인테라피","인천","인천","연수구","송도동","인천대입구역","인천광역시 연수구 인천타워대로 155","인천대입구역 인근","인천광역시 연수구 인천타워대로 155","0.58","Y","인천대입구역"
"한국미인테라피","인천","인천","연수구","연수동","연수역","인천시 연수구 벚꽃로 115","연수역 인근","인천시 연수구 벚꽃로 115","0.64","Y","연수역"
"한국미인테라피","인천","인천","연수구","옥련동","송도역","인천시 연수구 비류대로 175(옥련동)","송도역 인근","인천시 연수구 비류대로 175(옥련동)","0.85","Y","송도역"
"한국미인테라피","인천","인천","연수구","청학동","송도역","인천시 연수구 비류대로 175(옥련동)","송도역 인근","인천시 연수구 비류대로 175(옥련동)","1.13","Y","송도역"
"한국미인테라피","인천","인천","영종구","영종동","영종역","인천광역시 중구 백운로414번길 75","영종역 인근","인천광역시 중구 백운로414번길 75","1.56","Y","영종역"
"한국미인테라피","인천","인천","영종구","용유동","용유역","인천시 중구 용유로 44","용유역 인근","인천시 중구 용유로 44","1.92","Y","용유역"
"한국미인테라피","인천","인천","영종구","운서동","운서역","인천광역시 중구 흰바위로59번길 26","운서역 인근","인천광역시 중구 흰바위로59번길 26","1.14","Y","운서역"
"한국미인테라피","인천","인천","옹진군","대청면","","","대청면 중심","인천 옹진군 대청면","157.59","N","인천공항2터미널역"
"한국미인테라피","인천","인천","옹진군","덕적면","","","덕적면 중심","인천 옹진군 덕적면","34.68","N","용유역"
"한국미인테라피","인천","인천","옹진군","백령면","","","백령면 중심","인천 옹진군 백령면","163.23","N","인천공항2터미널역"
"한국미인테라피","인천","인천","옹진군","북도면","인천공항2터미널역","인천광역시 중구 공항로 272","인천공항2터미널역 인근","인천광역시 중구 공항로 272","7.34","Y","인천공항2터미널역"
"한국미인테라피","인천","인천","옹진군","연평면","","","연평면 중심","인천 옹진군 연평면","68.80","N","인천공항2터미널역"
"한국미인테라피","인천","인천","옹진군","영흥면","","","영흥면 중심","인천 옹진군 영흥면","19.41","N","용유역"
"한국미인테라피","인천","인천","옹진군","자월면","","","자월면 중심","인천 옹진군 자월면","21.90","N","용유역"
"한국미인테라피","인천","인천","제물포구","2동","신포역","인천시 중구 우현로 지하 3","신포역 인근","인천시 중구 우현로 지하 3","2.44","Y","신포역"
"한국미인테라피","인천","인천","제물포구","개항동","인천역","인천시 중구 제물량로 269","인천역 인근","인천시 중구 제물량로 269","0.71","Y","인천역"
"한국미인테라피","인천","인천","제물포구","금창동","도원역","인천시 동구 참외전로 245","도원역 인근","인천시 동구 참외전로 245","0.40","Y","도원역"
"한국미인테라피","인천","인천","제물포구","도원동","도원역","인천시 동구 참외전로 245","도원역 인근","인천시 동구 참외전로 245","0.29","Y","도원역"
"한국미인테라피","인천","인천","제물포구","동인천동","동인천역","인천시 중구 참외전로 119","동인천역 인근","인천시 중구 참외전로 119","0.41","Y","동인천역"
"한국미인테라피","인천","인천","제물포구","만석동","인천역","인천시 중구 제물량로 269","인천역 인근","인천시 중구 제물량로 269","1.13","Y","인천역"
"한국미인테라피","인천","인천","제물포구","송림동","도원역","인천시 동구 참외전로 245","도원역 인근","인천시 동구 참외전로 245","1.11","Y","도원역"
"한국미인테라피","인천","인천","제물포구","송현동","동인천역","인천시 중구 참외전로 119","동인천역 인근","인천시 중구 참외전로 119","1.43","Y","동인천역"
"한국미인테라피","인천","인천","제물포구","신포동","신포역","인천시 중구 우현로 지하 3","신포역 인근","인천시 중구 우현로 지하 3","0.34","Y","신포역"
"한국미인테라피","인천","인천","제물포구","신흥동","숭의역","인천시 남구 인주대로 지하6","숭의역 인근","인천시 남구 인주대로 지하6","0.56","Y","숭의역"
"한국미인테라피","인천","인천","제물포구","연안동","신포역","인천시 중구 우현로 지하 3","신포역 인근","인천시 중구 우현로 지하 3","3.23","Y","신포역"
"한국미인테라피","인천","인천","제물포구","율목동","동인천역","인천시 중구 참외전로 119","동인천역 인근","인천시 중구 참외전로 119","0.63","Y","동인천역"
"한국미인테라피","인천","인천","제물포구","화수동","동인천역","인천시 중구 참외전로 119","동인천역 인근","인천시 중구 참외전로 119","0.79","Y","동인천역"
"한국미인테라피","인천","인천","제물포구","화평동","동인천역","인천시 중구 참외전로 119","동인천역 인근","인천시 중구 참외전로 119","0.45","Y","동인천역"
"한국미인테라피","아산","충남","아산","도고면","신창(순천향대)역","충남 아산시 신창면 행목로 50","신창(순천향대)역 인근","충남 아산시 신창면 행목로 50","5.55","Y","신창(순천향대)역"
"한국미인테라피","아산","충남","아산","둔포면","성환역","충남 천안시 서북구 성환읍 성환1로 237-5(성환리 449-128)","성환역 인근","충남 천안시 서북구 성환읍 성환1로 237-5(성환리 449-128)","7.88","Y","성환역"
"한국미인테라피","아산","충남","아산","배방읍","배방역","충남 아산시 배방읍 온천대로 1967","배방역 인근","충남 아산시 배방읍 온천대로 1967","1.79","Y","배방역"
"한국미인테라피","아산","충남","아산","선장면","신창(순천향대)역","충남 아산시 신창면 행목로 50","신창(순천향대)역 인근","충남 아산시 신창면 행목로 50","7.72","Y","신창(순천향대)역"
"한국미인테라피","아산","충남","아산","송악면","온양온천역","충남 아산시 온천대로 1496(온천동 56-9)","온양온천역 인근","충남 아산시 온천대로 1496(온천동 56-9)","5.57","Y","온양온천역"
"한국미인테라피","아산","충남","아산","신창면","신창(순천향대)역","충남 아산시 신창면 행목로 50","신창(순천향대)역 인근","충남 아산시 신창면 행목로 50","2.80","Y","신창(순천향대)역"
"한국미인테라피","아산","충남","아산","염치읍","온양온천역","충남 아산시 온천대로 1496(온천동 56-9)","온양온천역 인근","충남 아산시 온천대로 1496(온천동 56-9)","4.67","Y","온양온천역"
"한국미인테라피","아산","충남","아산","영인면","","","영인면 중심","충남 아산 영인면","11.89","N","온양온천역"
"한국미인테라피","아산","충남","아산","온양동","","","온양동 중심","충남 아산 온양동","","N",""
"한국미인테라피","아산","충남","아산","음봉면","","","음봉면 중심","충남 아산 음봉면","8.48","N","직산역"
"한국미인테라피","아산","충남","아산","인주면","","","인주면 중심","충남 아산 인주면","11.70","N","신창(순천향대)역"
"한국미인테라피","아산","충남","아산","탕정면","탕정역","충청남도 아산시 탕정면 매곡중앙6로 11","탕정역 인근","충청남도 아산시 탕정면 매곡중앙6로 11","2.74","Y","탕정역"
"한국미인테라피","천안","충남","천안","광덕면","","","광덕면 중심","충남 천안 광덕면","11.79","N","배방역"
"한국미인테라피","천안","충남","천안","동면","","","동면 중심","충남 천안 동면","19.58","N","천안역"
"한국미인테라피","천안","충남","천안","목천읍","천안역","충남 천안시 동남구 대흥로 239(대흥동 57-1)","천안역 인근","충남 천안시 동남구 대흥로 239(대흥동 57-1)","6.75","Y","천안역"
"한국미인테라피","천안","충남","천안","문성동","천안역","충남 천안시 동남구 대흥로 239(대흥동 57-1)","천안역 인근","충남 천안시 동남구 대흥로 239(대흥동 57-1)","0.36","Y","천안역"
"한국미인테라피","천안","충남","천안","백석동","두정역","충남 천안시 서북구 두정로 289(두정동 84-1)","두정역 인근","충남 천안시 서북구 두정로 289(두정동 84-1)","2.96","Y","두정역"
"한국미인테라피","천안","충남","천안","병천면","","","병천면 중심","충남 천안 병천면","14.97","N","천안역"
"한국미인테라피","천안","충남","천안","봉명동","봉명역","충남 천안시 동남구 차돌로 51(봉명동 20-2)","봉명역 인근","충남 천안시 동남구 차돌로 51(봉명동 20-2)","0.56","Y","봉명역"
"한국미인테라피","천안","충남","천안","부성동","","","부성동 중심","충남 천안 부성동","","N",""
"한국미인테라피","천안","충남","천안","북면","","","북면 중심","충남 천안 북면","10.73","N","두정역"
"한국미인테라피","천안","충남","천안","불당동","아산역","충남 아산시 배방읍 희망로 90(장재리 325-3)","아산역 인근","충남 아산시 배방읍 희망로 90(장재리 325-3)","2.24","Y","아산역"
"한국미인테라피","천안","충남","천안","성거읍","직산역","충남 천안시 서북구 직산읍 천안대로 1471-33","직산역 인근","충남 천안시 서북구 직산읍 천안대로 1471-33","4.85","Y","직산역"
"한국미인테라피","천안","충남","천안","성남면","","","성남면 중심","충남 천안 성남면","11.50","N","천안역"
"한국미인테라피","천안","충남","천안","성정동","천안역","충남 천안시 동남구 대흥로 239(대흥동 57-1)","천안역 인근","충남 천안시 동남구 대흥로 239(대흥동 57-1)","0.93","Y","천안역"
"한국미인테라피","천안","충남","천안","성환읍","성환역","충남 천안시 서북구 성환읍 성환1로 237-5(성환리 449-128)","성환역 인근","충남 천안시 서북구 성환읍 성환1로 237-5(성환리 449-128)","0.17","Y","성환역"
"한국미인테라피","천안","충남","천안","수신면","","","수신면 중심","충남 천안 수신면","15.43","N","천안역"
"한국미인테라피","천안","충남","천안","신방동","쌍용(나사렛대)역","충청남도 천안시 서북구 쌍용19로 20  _x000D_","쌍용(나사렛대)역 인근","충청남도 천안시 서북구 쌍용19로 20  _x000D_","1.13","Y","쌍용(나사렛대)역"
"한국미인테라피","천안","충남","천안","신안동","천안역","충남 천안시 동남구 대흥로 239(대흥동 57-1)","천안역 인근","충남 천안시 동남구 대흥로 239(대흥동 57-1)","1.48","Y","천안역"
"한국미인테라피","천안","충남","천안","쌍용동","봉명역","충남 천안시 동남구 차돌로 51(봉명동 20-2)","봉명역 인근","충남 천안시 동남구 차돌로 51(봉명동 20-2)","0.35","Y","봉명역"
"한국미인테라피","천안","충남","천안","원성동","천안역","충남 천안시 동남구 대흥로 239(대흥동 57-1)","천안역 인근","충남 천안시 동남구 대흥로 239(대흥동 57-1)","1.30","Y","천안역"
"한국미인테라피","천안","충남","천안","일봉동","봉명역","충남 천안시 동남구 차돌로 51(봉명동 20-2)","봉명역 인근","충남 천안시 동남구 차돌로 51(봉명동 20-2)","0.51","Y","봉명역"
"한국미인테라피","천안","충남","천안","입장면","","","입장면 중심","충남 천안 입장면","8.16","N","직산역"
"한국미인테라피","천안","충남","천안","중앙동","천안역","충남 천안시 동남구 대흥로 239(대흥동 57-1)","천안역 인근","충남 천안시 동남구 대흥로 239(대흥동 57-1)","1.26","Y","천안역"
"한국미인테라피","천안","충남","천안","직산읍","직산역","충남 천안시 서북구 직산읍 천안대로 1471-33","직산역 인근","충남 천안시 서북구 직산읍 천안대로 1471-33","0.92","Y","직산역"
"한국미인테라피","천안","충남","천안","청룡동","봉명역","충남 천안시 동남구 차돌로 51(봉명동 20-2)","봉명역 인근","충남 천안시 동남구 차돌로 51(봉명동 20-2)","2.50","Y","봉명역"
"한국미인테라피","천안","충남","천안","풍세면","쌍용(나사렛대)역","충청남도 천안시 서북구 쌍용19로 20  _x000D_","쌍용(나사렛대)역 인근","충청남도 천안시 서북구 쌍용19로 20  _x000D_","6.15","Y","쌍용(나사렛대)역"
