"광역지역","상위지역","하위지역","부모페이지"
"충남","천안","백석동","E:\mong-lounge-site\massage\other\cheonan\dongnam-gu\천안-동남구-출장마사지-동별-생활권-지역안내\index.html"
"충남","천안","부성동","E:\mong-lounge-site\massage\other\cheonan\dongnam-gu\천안-동남구-출장마사지-동별-생활권-지역안내\index.html"
"충남","천안","불당동","E:\mong-lounge-site\massage\other\cheonan\dongnam-gu\천안-동남구-출장마사지-동별-생활권-지역안내\index.html"
"충남","천안","성거읍","E:\mong-lounge-site\massage\other\cheonan\dongnam-gu\천안-동남구-출장마사지-동별-생활권-지역안내\index.html"
"충남","천안","성정동","E:\mong-lounge-site\massage\other\cheonan\dongnam-gu\천안-동남구-출장마사지-동별-생활권-지역안내\index.html"
"충남","천안","성환읍","E:\mong-lounge-site\massage\other\cheonan\dongnam-gu\천안-동남구-출장마사지-동별-생활권-지역안내\index.html"
"충남","천안","쌍용동","E:\mong-lounge-site\massage\other\cheonan\dongnam-gu\천안-동남구-출장마사지-동별-생활권-지역안내\index.html"
"충남","천안","입장면","E:\mong-lounge-site\massage\other\cheonan\dongnam-gu\천안-동남구-출장마사지-동별-생활권-지역안내\index.html"
"충남","천안","직산읍","E:\mong-lounge-site\massage\other\cheonan\dongnam-gu\천안-동남구-출장마사지-동별-생활권-지역안내\index.html"
