"하위지역","링크출처","실제페이지","업체수"
"백석동","E:\mong-lounge-site\massage\other\cheonan\seobuk-gu\천안-서북구-출장마사지-동별-생활권-지역안내\index.html","E:\mong-lounge-site\massage\백석동-출장마사지-천안-서북구-생활권-이동동선-지역정보-이용전-안내\index.html","2"
"부성동","E:\mong-lounge-site\massage\other\cheonan\seobuk-gu\천안-서북구-출장마사지-동별-생활권-지역안내\index.html","E:\mong-lounge-site\massage\부성동-출장마사지-천안-서북구-생활권-이동동선-지역정보-이용전-안내\index.html","2"
"불당동","E:\mong-lounge-site\massage\other\cheonan\seobuk-gu\천안-서북구-출장마사지-동별-생활권-지역안내\index.html","E:\mong-lounge-site\massage\불당동-출장마사지-천안-서북구-생활권-이동동선-지역정보-이용전-안내\index.html","2"
"성거읍","E:\mong-lounge-site\massage\other\cheonan\seobuk-gu\천안-서북구-출장마사지-동별-생활권-지역안내\index.html","E:\mong-lounge-site\massage\성거읍-출장마사지-천안-서북구-생활권-지역정보-이용안내\index.html","2"
"성정동","E:\mong-lounge-site\massage\other\cheonan\seobuk-gu\천안-서북구-출장마사지-동별-생활권-지역안내\index.html","E:\mong-lounge-site\massage\성정동-출장마사지-천안-서북구-생활권-이동동선-지역정보-이용전-안내\index.html","2"
"성환읍","E:\mong-lounge-site\massage\other\cheonan\seobuk-gu\천안-서북구-출장마사지-동별-생활권-지역안내\index.html","E:\mong-lounge-site\massage\성환읍-출장마사지-천안-서북구-생활권-지역정보-이용안내\index.html","2"
"쌍용동","E:\mong-lounge-site\massage\other\cheonan\seobuk-gu\천안-서북구-출장마사지-동별-생활권-지역안내\index.html","E:\mong-lounge-site\massage\쌍용동-출장마사지-천안-서북구-생활권-이동동선-지역정보-이용전-안내\index.html","2"
"입장면","E:\mong-lounge-site\massage\other\cheonan\seobuk-gu\천안-서북구-출장마사지-동별-생활권-지역안내\index.html","E:\mong-lounge-site\massage\입장면-출장마사지-천안-서북구-생활권-지역정보-이용안내\index.html","2"
"직산읍","E:\mong-lounge-site\massage\other\cheonan\seobuk-gu\천안-서북구-출장마사지-동별-생활권-지역안내\index.html","E:\mong-lounge-site\massage\직산읍-출장마사지-천안-서북구-생활권-지역정보-이용안내\index.html","2"
