운영기관,노선,대표역,원본역사명,도로명주소,위도,경도,데이터기준일자
경기도 신분당선,신분당선,신사역,신사,서울특별시 강남구 강남대로 620-2,37.5161252633129,127.019760916726,2026-06-18
경기도 신분당선,신분당선,논현역,논현,서울특별시 강남구 강남대로 492-2,37.5111153846379,127.021365807131,2026-06-18
경기도 신분당선,신분당선,신논현역,신논현,서울특별시 강남구 강남대로 302-2,37.504555429592,127.024530640799,2026-06-18
경기도 신분당선,신분당선,강남역,강남,서울특별시 강남구 강남대로 지하 396,37.4973854397871,127.02787893753,2026-06-18
경기도 신분당선,신분당선,양재역,양재(서초구청),서울시 서초구 남부순환로 지하 2585,37.4844535239588,127.034099452522,2026-06-18
경기도 신분당선,신분당선,양재시민의숲역,양재시민의숲(매헌),서울특별시 서초구 매헌로 지하 116,37.4709638768813,127.038420263319,2026-06-18
경기도 신분당선,신분당선,청계산입구역,청계산입구,서울특별시 서초구 청계산로 지하 179,37.4487148450701,127.054339616958,2026-06-18
경기도 신분당선,신분당선,판교역,판교,경기도 성남시 분당구 판교역로 지하 160,37.3957147534829,127.111210738619,2026-06-18
경기도 신분당선,신분당선,정자역,정자,경기도 성남시 분당구 성남대로 지하 333 ,37.3682101915529,127.108385905864,2026-06-18
경기도 신분당선,신분당선,미금역,미금,경기도 성남시 성남대로 지하 163 (금곡동),37.3511833209472,127.108902778591,2026-06-18
경기도 신분당선,신분당선,동천역,동천,경기도 용인시 수지구 신수로 지하760,37.3386841329961,127.102793673668,2026-06-18
경기도 신분당선,신분당선,수지구청역,수지구청,경기도 용인시 수지구 풍덕천로 지하120 ,37.3230089609191,127.095581285703,2026-06-18
경기도 신분당선,신분당선,성복역,성복,경기도 용인시 수지구 수지로 지하134,37.3140425091456,127.080757826931,2026-06-18
경기도 신분당선,신분당선,상현역,상현,경기도 용인시 수지구 광교중앙로 지하312,37.2986852587224,127.06957991138,2026-06-18
경기도 신분당선,신분당선,광교중앙역,광교중앙(아주대),경기도 수원시 영통구 도청로 지하45,37.2877375194967,127.052625032841,2026-06-18
경기도 신분당선,신분당선,광교역,광교(경기대),경기도 수원시 영통구 대학로 55 신분당선 광교역,37.3017347422146,127.044856131638,2026-06-18
경기도 용인경전철,에버라인,기흥역,기흥(백남준아트센터),경기도 용인시 기흥구 중부대로 460,37.27545288,127.1170465,2025-03-25
경기도 용인경전철,에버라인,강남대역,강남대,경기도 용인시 기흥구 중부대로 578,37.27017073,127.1260669,2025-03-25
경기도 용인경전철,에버라인,지석역,지석,경기도 용인시 기흥구 어정로 28,37.26973732,127.1363256,2025-03-25
경기도 용인경전철,에버라인,어정역,어정,경기도 용인시 기흥구 어정로 128,37.27495132,127.1437499,2025-03-25
경기도 용인경전철,에버라인,동백역,동백(용인세브란스),경기도 용인시 기흥구 동백죽전대로 314,37.26910138,127.1526906,2025-03-25
경기도 용인경전철,에버라인,초당역,초당,경기도 용인시 기흥구 동백죽전대로 204,37.26080647,127.1594692,2025-03-25
경기도 용인경전철,에버라인,삼가역,삼가,경기도 용인시 처인구 중부대로 1098,37.24205993,127.16818,2025-03-25
경기도 용인경전철,에버라인,시청·용인대역,시청·용인대,경기도 용인시 처인구 중부대로 1199-1,37.23944203,127.1788851,2025-03-25
경기도 용인경전철,에버라인,명지대역,명지대,경기도 용인시 처인구 금학로 241,37.23807629,127.1902913,2025-03-25
경기도 용인경전철,에버라인,김량장역,김량장,경기도 용인시 처인구 금학로 315,37.23732377,127.1986109,2025-03-25
경기도 용인경전철,에버라인,용인중앙시장역,용인중앙시장(용인예술과학대),경기도 용인시 처인구 금학로 409,37.2379113,127.2090526,2025-03-25
경기도 용인경전철,에버라인,고진역,고진,경기도 용인시 처인구 경안천로 141,37.24463834,127.2141836,2025-03-25
경기도 용인경전철,에버라인,보평역,보평,경기도 용인시 처인구 경안천로 313,37.25896427,127.2184808,2025-03-25
경기도 용인경전철,에버라인,둔전역,둔전,경기도 용인시 처인구 포곡읍 포곡로 70,37.26721222,127.2136387,2025-03-25
경기도 용인경전철,에버라인,전대·에버랜드역,전대·에버랜드,경기도 용인시 처인구 포곡읍 에버랜드로 143,37.28541327,127.219509,2025-03-25
공항철도주식회사,인천국제공항선,서울역,서울,서울특별시 용산구 청파로 378,37.55301784,126.9697643,2023-05-31
공항철도주식회사,인천국제공항선,공덕역,공덕,서울특별시 마포구 마포대로 92,37.5427105,126.9516296,2023-05-31
공항철도주식회사,인천국제공항선,홍대입구역,홍대입구,서울특별시 마포구 양화로 188,37.55774103,126.9264939,2023-05-31
공항철도주식회사,인천국제공항선,디지털미디어시티역,디지털미디어시티,서울특별시 마포구 성암로 184,37.577355,126.898025,2023-05-31
공항철도주식회사,인천국제공항선,마곡나루역,마곡나루,서울특별시 강서구 마곡중앙로 지하 135,37.56581914,126.8276358,2023-05-31
공항철도주식회사,인천국제공항선,김포공항역,김포공항,서울특별시 강서구 하늘길 77,37.56211652,126.8015442,2023-05-31
공항철도주식회사,인천국제공항선,계양역,계양,인천광역시 계양구 다남로 24,37.571769,126.736319,2023-05-31
공항철도주식회사,인천국제공항선,검암역,검암,인천광역시 서구 검바위로 26,37.56915547,126.6735357,2023-05-31
공항철도주식회사,인천국제공항선,청라국제도시역,청라국제도시,인천광역시 서구 에코로 163,37.556509,126.624725,2023-05-31
공항철도주식회사,인천국제공항선,영종역,영종,인천광역시 중구 백운로414번길 75,37.51209814,126.5242471,2023-05-31
공항철도주식회사,인천국제공항선,운서역,운서,인천광역시 중구 흰바위로59번길 26,37.49284463,126.4936619,2023-05-31
공항철도주식회사,인천국제공항선,공항화물청사역,공항화물청사,인천광역시 중구 공항동로135번길 86,37.45902611,126.4774333,2023-05-31
공항철도주식회사,인천국제공항선,인천공항1터미널역,인천공항1터미널,인천광역시 중구 공항로 271,37.44760672,126.4523433,2023-05-31
공항철도주식회사,인천국제공항선,인천공항2터미널역,인천공항2터미널,인천광역시 중구 공항로 272,37.46866,126.433415,2023-05-31
광주교통공사,광주도시철도 1호선,녹동역,녹동,광주광역시 동구 녹동길 45(용산동),35.107028,126.933932,2022-09-02
광주교통공사,광주도시철도 1호선,소태역,소태,광주광역시 동구 남문로 지하 587(소태동),35.124108,126.932013,2022-09-02
광주교통공사,광주도시철도 1호선,학동증심사입구역,학동증심사입구,광주광역시 동구 남문로 지하 700(학동),35.133023,126.928382,2022-09-02
광주교통공사,광주도시철도 1호선,남광주역,남광주,광주광역시 동구 제봉로 지하 14(학동),35.1389849,126.92318,2022-09-02
광주교통공사,광주도시철도 1호선,문화전당역,문화전당(구도청),광주광역시 동구 문화전당로 26번길 지하 7(광산동),35.14661,126.92005,2022-09-02
광주교통공사,광주도시철도 1호선,금남로4가역,금남로4가,광주광역시 동구 금남로 지하 210(금남로4가),35.150976,126.914446,2022-09-02
광주교통공사,광주도시철도 1호선,금남로5가역,금남로5가,광주광역시 북구 금남로 지하 138(북동),35.153658,126.910033,2022-09-02
광주교통공사,광주도시철도 1호선,양동시장역,양동시장,광주광역시 서구 경열로 지하 152(양동),35.154176,126.901089,2022-09-02
광주교통공사,광주도시철도 1호선,돌고개역,돌고개,광주광역시 서구 경열로 지하 87(농성동),35.152047,126.895637,2022-09-02
광주교통공사,광주도시철도 1호선,농성역,농성,광주광역시 서구 상무대로 지하 1123(농성동),35.153363,126.883973,2022-09-02
광주교통공사,광주도시철도 1호선,화정역,화정,광주광역시 서구 상무대로 지하 1041(화정동),35.152085,126.876698,2022-09-02
광주교통공사,광주도시철도 1호선,쌍촌역,쌍촌,광주광역시 서구 상무대로 지하 983(쌍촌동),35.151793,126.869519,2022-09-02
광주교통공사,광주도시철도 1호선,운천역,운천,광주광역시 서구 상무대로 지하 883(쌍촌동),35.150486,126.858694,2022-09-02
광주교통공사,광주도시철도 1호선,상무역,상무,광주광역시 서구 상무대로 지하 777(마륵동),35.146784,126.848641,2022-09-02
광주교통공사,광주도시철도 1호선,김대중컨벤션센터역,김대중컨벤션센터(마륵),광주광역시 서구 상무대로 지하 705(마륵동),35.143214,126.841442,2022-09-02
광주교통공사,광주도시철도 1호선,공항역,공항,광주광역시 광산구 상무대로 지하 416-99(신촌동),35.144179,126.81153,2022-09-02
광주교통공사,광주도시철도 1호선,송정공원역,송정공원,광주광역시 광산구 상무대로 지하 314-99(송정동),35.143565,126.799245,2022-09-02
광주교통공사,광주도시철도 1호선,광주송정역,광주송정역,광주광역시 광산구 상무대로 지하 201-99(송정동),35.137529,126.791488,2022-09-02
광주교통공사,광주도시철도 1호선,도산역,도산,광주광역시 광산구 상무대로 지하 125-99(도산동),35.131713,126.787942,2022-09-02
광주교통공사,광주도시철도 1호선,평동역,평동,광주광역시 광산구 평동로 870(월전동),35.1247,126.769586,2022-09-02
구리도시공사,8호선,동구릉역,동구릉,인창동 679-8 일원(구리도매시장),37.610556,127.135056,2024-08-12
구리도시공사,8호선,구리역,구리(구리전통시장),인창동 675-1 일원(구리역공원),37.60256,127.14073,2024-08-12
구리도시공사,8호선,장자호수공원역,장자호수공원,수택동 870-3 일원(장자2사거리),37.587222,127.13793,2024-08-12
김포골드라인에스알에스㈜,김포도시철도,양촌역,양촌역,경기도 김포시 양촌읍 양촌역길 107,37.641639,126.614694,2026-05-25
김포골드라인에스알에스㈜,김포도시철도,구래역,구래역,경기도 김포시 김포한강7로 87,37.645354,126.6285,2026-05-25
김포골드라인에스알에스㈜,김포도시철도,마산역,마산역,경기도 김포시 김포한강3로 지하 442,37.640606,126.643944,2026-05-25
김포골드라인에스알에스㈜,김포도시철도,장기역,장기역,경기도 김포시 김포한강1로 지하 59,37.644028,126.669,2026-05-25
김포골드라인에스알에스㈜,김포도시철도,운양역,운양역,경기도 김포시 김포한강1로 지하 235,37.653861,126.683833,2026-05-25
김포골드라인에스알에스㈜,김포도시철도,걸포북변역,걸포북변역,경기도 김포시 김포대로 지하 1040,37.631639,126.70575,2026-05-25
김포골드라인에스알에스㈜,김포도시철도,사우역,사우역,경기도 김포시 김포대로 지하 852,37.620361,126.719722,2026-05-25
김포골드라인에스알에스㈜,김포도시철도,풍무역,풍무역,경기도 김포시 김포대로 지하 710,37.612333,126.732583,2026-05-25
김포골드라인에스알에스㈜,김포도시철도,고촌역,고촌역,경기도 김포시 고촌읍 김포대로 지하 350,37.60125,126.770361,2026-05-25
김포골드라인에스알에스㈜,김포도시철도,김포공항역,김포공항역,서울특별시 강서구 하늘길 지하 77,37.562309,126.801833,2026-05-25
남서울경전철 주식회사,수도권 경량도시철도 신림선,샛강역,샛강,서울특별시 영등포구 의사당대로 지하166 (여의도동),37.517219937,126.929403964,2025-09-23
남서울경전철 주식회사,수도권 경량도시철도 신림선,대방역,대방,서울특별시 영등포구 여의대방로 300 (신길동),37.512840166,126.925316781,2025-09-23
남서울경전철 주식회사,수도권 경량도시철도 신림선,서울지방병무청역,서울지방병무청,서울특별시 동작구 여의대방로 지하218 (대방동),37.50604687,126.922783404,2025-09-23
남서울경전철 주식회사,수도권 경량도시철도 신림선,보라매역,보라매,서울특별시 동작구 상도로 지하2 (대방동),37.500312709,126.920485864,2025-09-23
남서울경전철 주식회사,수도권 경량도시철도 신림선,보라매공원역,보라매공원,서울특별시 동작구 여의대방로20길 지하11 (신대방동),37.495225405,126.918258811,2025-09-23
남서울경전철 주식회사,수도권 경량도시철도 신림선,보라매병원역,보라매병원,서울특별시 동작구 보라매로5길 지하24 (신대방동),37.4929607,126.923886,2025-09-23
남서울경전철 주식회사,수도권 경량도시철도 신림선,당곡역,당곡,서울특별시 관악구 보라매로 6 (봉천동),37.490039105,126.927568759,2025-09-23
남서울경전철 주식회사,수도권 경량도시철도 신림선,신림역,신림,서울특별시 관악구 남부순환로 지하1614 (신림동),37.484890755,126.92960992,2025-09-23
남서울경전철 주식회사,수도권 경량도시철도 신림선,서원역,서원,서울특별시 관악구 신림로 258 (신림동),37.47827336,126.933228219,2025-09-23
남서울경전철 주식회사,수도권 경량도시철도 신림선,서울대벤처타운역,서울대벤처타운,서울특별시 관악구 신림로 144 (신림동),37.47204068,126.933976556,2025-09-23
남서울경전철 주식회사,수도권 경량도시철도 신림선,관악산역,관악산,서울특별시 관악구 신림로 23 (신림동),37.46916896,126.944954837,2025-09-23
남양주도시공사,진접선,진접역,진접역,경기도 남양주시 진접읍 경복대로 지하 244,37.720472,127.203167,2022-08-31
남양주도시공사,진접선,오남역,오남역,경기도 남양주시 오남읍 진건오남로 지하 929,37.7054056,127.191644,2022-08-31
남양주도시공사,진접선,별내별가람역,별내별가람역,경기도 남양주시 별내3로 지하 345,37.667833,127.116167,2022-08-31
남양주도시공사,수도권 광역철도 8호선,별내역,별내역,경기도 남양주시 경춘북로 375(별내동),37.642517,127.1273,2024-09-12
남양주도시공사,수도권 광역철도 8호선,다산역,다산역,경기도 남양주 다산중앙로 123번길(다산동),37.62437,127.1498,2024-09-12
대구교통공사,대구 도시철도 1호선,설화명곡역,설화명곡,달성군 화원읍 비슬로 2476,35.7986179,128.4893927,2025-03-31
대구교통공사,대구 도시철도 1호선,화원역,화원,달성군 화원읍 비슬로 지하2600,35.804349,128.500409,2025-03-31
대구교통공사,대구 도시철도 1호선,대곡역,대곡(정부대구청사),달서구 비슬로 지하2718 (대곡동),35.809571,128.51257,2025-03-31
대구교통공사,대구 도시철도 1호선,진천역,진천,달서구 월배로 지하76 (진천동),35.813815,128.522374,2025-03-31
대구교통공사,대구 도시철도 1호선,월배역,월배,달서구 월배로 지하143 (진천동),35.816123,128.530119,2025-03-31
대구교통공사,대구 도시철도 1호선,상인역,상인,달서구 월배로 지하223 (상인동),35.8188583,128.5375588,2025-03-31
대구교통공사,대구 도시철도 1호선,월촌역,월촌,달서구 월배로 지하311 (송현동),35.823695,128.545465,2025-03-31
대구교통공사,대구 도시철도 1호선,송현역,송현,달서구 월배로 지하412 (송현동),35.831092,128.551755,2025-03-31
대구교통공사,대구 도시철도 1호선,서부정류장역,서부정류장(관문시장),남구 월배로 지하501 (대명동),35.8373375,128.5570702,2025-03-31
대구교통공사,대구 도시철도 1호선,대명역,대명,남구 대명로 지하71 (대명동),35.8392924,128.5652846,2025-03-31
대구교통공사,대구 도시철도 1호선,안지랑역,안지랑,남구 대명로 지하141 (대명동),35.8392,128.574,2025-03-31
대구교통공사,대구 도시철도 1호선,현충로역,현충로,남구 대명로 지하222 (대명동),35.84072,128.58085,2025-03-31
대구교통공사,대구 도시철도 1호선,영대병원역,영대병원,남구 대명로 지하292 (대명동),35.8442516,128.5882407,2025-03-31
대구교통공사,대구 도시철도 1호선,교대역,교대,남구 중앙대로 지하194 (대명동),35.8510953,128.590643,2025-03-31
대구교통공사,대구 도시철도 1호선,명덕역,명덕(2.28민주운동기념회관),중구 명덕로 지하185 (남산동),35.857382,128.59088,2025-03-31
대구교통공사,대구 도시철도 1호선,반월당역,반월당,중구 달구벌대로 지하2100 (덕산동),35.86389,128.593312,2025-03-31
대구교통공사,대구 도시철도 1호선,중앙로역,중앙로,중구 중앙대로 지하424 (남일동),35.870873,128.593888,2025-03-31
대구교통공사,대구 도시철도 1호선,대구역,대구역,북구 칠성남로30길 지하24 (칠성동),35.876379,128.596919,2025-03-31
대구교통공사,대구 도시철도 1호선,칠성시장역,칠성시장,북구 칠성남로 지하222 (칠성동),35.876159,128.604885,2025-03-31
대구교통공사,대구 도시철도 1호선,신천역,신천(경북대입구),동구 동부로 지하41 (신천동),35.874527,128.617244,2025-03-31
대구교통공사,대구 도시철도 1호선,동대구역,동대구역,동구 동대구로 지하530 (신천동),35.877626,128.627152,2025-03-31
대구교통공사,대구 도시철도 1호선,동구청역,동구청(큰고개),동구 신암남로 지하169 (신암동),35.884485,128.632295,2025-03-31
대구교통공사,대구 도시철도 1호선,아양교역,아양교(대구국제공항입구),동구 아양로 지하245 (신암동),35.887208,128.639572,2025-03-31
대구교통공사,대구 도시철도 1호선,동촌역,동촌(동촌유원지),동구 해동로 지하197 (검사동),35.886039,128.650455,2025-03-31
대구교통공사,대구 도시철도 1호선,해안역,해안,동구 동촌로 지하167 (방촌동),35.883765,128.659079,2025-03-31
대구교통공사,대구 도시철도 1호선,방촌역,방촌,동구 동촌로 지하275 (방촌동),35.879929,128.669767,2025-03-31
대구교통공사,대구 도시철도 1호선,용계역,용계,동구 동촌로 지하383 (용계동),35.876256,128.681414,2025-03-31
대구교통공사,대구 도시철도 1호선,율하역,율하,동구 안심로 지하57 (율하동),35.869751,128.692775,2025-03-31
대구교통공사,대구 도시철도 1호선,신기역,신기,동구 안심로 지하159 (신기동),35.866761,128.701724,2025-03-31
대구교통공사,대구 도시철도 1호선,반야월역,반야월,동구 안심로 지하261 (동호동),35.865948,128.713663,2025-03-31
대구교통공사,대구 도시철도 1호선,각산역,각산,동구 안심로 지하363 (신서동),35.867852,128.723843,2025-03-31
대구교통공사,대구 도시철도 1호선,안심역,안심(혁신도시·첨복단지),동구 안심로 지하455 (괴전동),35.8712,128.7338,2025-03-31
대구교통공사,대구 도시철도 1호선,대구한의대병원역,대구한의대병원,동구 안심로 610 (사복동),35.8717089,128.7508237,2025-03-31
대구교통공사,대구 도시철도 1호선,부호역,부호(경일대·호산대),경산시 하양읍 대경로 528,35.9002809,128.8031144,2025-03-31
대구교통공사,대구 도시철도 1호선,하양역,하양(대구가톨릭대),경산시 하양읍 하양역길 3,35.9094258,128.8175403,2025-03-31
대구교통공사,대구 도시철도 2호선,문양역,문양,달성군 다사읍 문양역길 71,35.86414313,128.4370043,2025-03-31
대구교통공사,대구 도시철도 2호선,다사역,다사,달성군 다사읍 다사역로 지하30 ,35.86495301,128.4582876,2025-03-31
대구교통공사,대구 도시철도 2호선,대실역,대실,달성군 다사읍 달구벌대로 지하888 ,35.8573333,128.4656264,2025-03-31
대구교통공사,대구 도시철도 2호선,강창역,강창,달서구 달구벌대로 지하1014 (호산동),35.8531116,128.4789997,2025-03-31
대구교통공사,대구 도시철도 2호선,계명대역,계명대,달서구 달구벌대로 지하1140 (신당동),35.85146491,128.491969,2025-03-31
대구교통공사,대구 도시철도 2호선,성서산업단지역,성서산업단지,달서구 달구벌대로 지하1280 (이곡동),35.8518236,128.5071662,2025-03-31
대구교통공사,대구 도시철도 2호선,이곡역,이곡,달서구 달구벌대로 지하1357 (이곡동),35.85062003,128.5157686,2025-03-31
대구교통공사,대구 도시철도 2호선,용산역,용산(서부법원․검찰청입구),달서구 달구벌대로 지하1476 (용산동),35.84912,128.5287686,2025-03-31
대구교통공사,대구 도시철도 2호선,죽전역,죽전,달서구 달구벌대로 지하1560 (죽전동),35.8503505,128.537089,2025-03-31
대구교통공사,대구 도시철도 2호선,감삼역,감삼,달서구 달구벌대로 지하1665 (감삼동),35.8543251,128.547905,2025-03-31
대구교통공사,대구 도시철도 2호선,두류역,두류,달서구 달구벌대로 지하1760 (두류동),35.8572405,128.555509,2025-03-31
대구교통공사,대구 도시철도 2호선,내당역,내당,달서구 달구벌대로 지하1900 (두류동),35.860194,128.564593,2025-03-31
대구교통공사,대구 도시철도 2호선,반고개역,반고개,서구 달구벌대로 지하1827 (내당동),35.8623,128.572817,2025-03-31
대구교통공사,대구 도시철도 2호선,청라언덕역,청라언덕,중구 달구벌대로 지하2000 (동산동),35.865,128.58232271,2025-03-31
대구교통공사,대구 도시철도 2호선,반월당역,반월당,중구 달구벌대로 지하2100 (덕산동),35.865592,128.593334,2025-03-31
대구교통공사,대구 도시철도 2호선,경대병원역,경대병원,중구 달구벌대로 지하2190 (삼덕동),35.863102,128.60316,2025-03-31
대구교통공사,대구 도시철도 2호선,대구은행역,대구은행(대구교육청),수성구 달구벌대로 지하2300 (수성동),35.859868,128.613975,2025-03-31
대구교통공사,대구 도시철도 2호선,범어역,범어,수성구 달구벌대로 지하2396 (범어동),35.8591,128.6257,2025-03-31
대구교통공사,대구 도시철도 2호선,수성구청역,수성구청(KBS),수성구 달구벌대로 지하2500 (범어동),35.85874022,128.6359517,2025-03-31
대구교통공사,대구 도시철도 2호선,만촌역,만촌,수성구 달구벌대로 지하2584 (만촌동),35.858841,128.644951,2025-03-31
대구교통공사,대구 도시철도 2호선,담티역,담티(수성대·대륜),수성구 달구벌대로 지하2672 (만촌동),35.854841,128.654151,2025-03-31
대구교통공사,대구 도시철도 2호선,연호역,연호,수성구 달구벌대로 지하2870 (연호동),35.8465,128.67185,2025-03-31
대구교통공사,대구 도시철도 2호선,수성알파시티역,수성알파시티(삼성라이온즈파크),수성구 달구벌대로 지하2950 (연호동),35.842718,128.67999,2025-03-31
대구교통공사,대구 도시철도 2호선,고산역,고산,수성구 달구벌대로 지하3080 (시지동),35.842955,128.69335,2025-03-31
대구교통공사,대구 도시철도 2호선,신매역,신매,수성구 달구벌대로 지하3180 (매호동),35.8408,128.705,2025-03-31
대구교통공사,대구 도시철도 2호선,사월역,사월,수성구달구벌대로 지하3290 (신매동),35.837066,128.715173,2025-03-31
대구교통공사,대구 도시철도 2호선,정평역,정평,"경상북도 경산시 대학로 지하60(정평동, 정평역)",35.83407,128.728695,2025-03-31
대구교통공사,대구 도시철도 2호선,임당역,임당,"경상북도 경산시 대학로 지하170(중방동, 임당역)",35.834131,128.741076,2025-03-31
대구교통공사,대구 도시철도 2호선,영남대역,영남대,"경상북도 경산시 대학로 지하270 (대동, 영남대역)",35.836373,128.752966,2025-03-31
대구교통공사,대구 도시철도 3호선,칠곡경대병원역,칠곡경대병원, 북구 팔거천동로 386(동호동),35.95838748,128.5598908,2025-03-31
대구교통공사,대구 도시철도 3호선,학정역,학정, 북구 팔거천동로 310(학정동),35.95155512,128.5591934,2025-03-31
대구교통공사,대구 도시철도 3호선,팔거역,팔거(국립농관원통계청), 북구 팔거천동로 226(동천동),35.94404716,128.5583366,2025-03-31
대구교통공사,대구 도시철도 3호선,동천역,동천, 북구 팔거천동로 147(동천동),35.93770658,128.556683,2025-03-31
대구교통공사,대구 도시철도 3호선,칠곡운암역,칠곡운암, 북구 팔거천동로 79(구암동),35.93145534,128.5545305,2025-03-31
대구교통공사,대구 도시철도 3호선,구암역,구암(과학대보건대입구), 북구 팔거천동로 1(구암동),35.92574223,128.5503415,2025-03-31
대구교통공사,대구 도시철도 3호선,태전역,태전, 북구 칠곡중앙대로 262(태전동),35.9196172,128.547388,2025-03-31
대구교통공사,대구 도시철도 3호선,매천역,매천, 북구 학정로 6(매천동),35.91265,128.5434,2025-03-31
대구교통공사,대구 도시철도 3호선,매천시장역,매천시장, 북구 매천로 18길 39(매천동),35.90443,128.545755,2025-03-31
대구교통공사,대구 도시철도 3호선,팔달역,팔달, 북구 매천로2길 43(팔달동),35.89777,128.5468,2025-03-31
대구교통공사,대구 도시철도 3호선,공단역,공단, 북구 팔달로 28(비산동),35.892,128.5536,2025-03-31
대구교통공사,대구 도시철도 3호선,만평역,만평, 북구 팔달로 105(노원동3가),35.889893,128.561002,2025-03-31
대구교통공사,대구 도시철도 3호선,팔달시장역,팔달시장, 북구 팔달로 163-1(노원동3가),35.88883085,128.5678716,2025-03-31
대구교통공사,대구 도시철도 3호선,원대역,원대, 서구 팔달로 224-2(원대동3가),35.887886,128.574392,2025-03-31
대구교통공사,대구 도시철도 3호선,북구청역,"북구청
(대구iM뱅크파크)", 서구 원대로 71(원대동2가),35.88381395,128.5814483,2025-03-31
대구교통공사,대구 도시철도 3호선,달성공원역,달성공원, 중구 달성로 116(수창동),35.87573001,128.5821218,2025-03-31
대구교통공사,대구 도시철도 3호선,서문시장역,서문시장(동산병원), 중구 달성로 50(대신동),35.86966429,128.582241,2025-03-31
대구교통공사,대구 도시철도 3호선,청라언덕역,청라언덕(신남), 중구 남산로 80(남산동),35.86419437,128.5823758,2025-03-31
대구교통공사,대구 도시철도 3호선,남산역,남산(계명네거리), 중구 남산로 2(남산동),35.85668979,128.5834576,2025-03-31
대구교통공사,대구 도시철도 3호선,명덕역,명덕(2·28민주운동기념회관), 남구 명덕로 186(대명동),35.85694518,128.5900469,2025-03-31
대구교통공사,대구 도시철도 3호선,건들바위역,건들바위, 남구 명덕로 260(이천동),35.85538252,128.5996903,2025-03-31
대구교통공사,대구 도시철도 3호선,대봉교역,대봉교, 남구 명덕로 330(이천동),35.85499783,128.6063685,2025-03-31
대구교통공사,대구 도시철도 3호선,수성시장역,수성시장, 수성구 명덕로 420(수성동2가),35.85431676,128.6160292,2025-03-31
대구교통공사,대구 도시철도 3호선,수성구민운동장역,수성구민운동장, 수성구 동대구로 248(범어동),35.85240979,128.6251246,2025-03-31
대구교통공사,대구 도시철도 3호선,어린이세상역,어린이세상, 수성구 동대구로 166(황금동),35.84516989,128.6244677,2025-03-31
대구교통공사,대구 도시철도 3호선,황금역,황금, 수성구 동대구로 100(두산동),35.83907838,128.6239185,2025-03-31
대구교통공사,대구 도시철도 3호선,수성못역,수성못(TBC), 수성구 동대구로 14(지산동),35.83135605,128.6232167,2025-03-31
대구교통공사,대구 도시철도 3호선,지산역,지산, 수성구 지범로 100(지산동),35.82515322,128.6319513,2025-03-31
대구교통공사,대구 도시철도 3호선,범물역,범물, 수성구 지범로 194(범물동),35.82083917,128.6401127,2025-03-31
대구교통공사,대구 도시철도 3호선,용지역,용지, 수성구 범안로 83(범물동),35.8182678,128.6465345,2025-03-31
대전교통공사,대전 도시철도 1호선,판암역,판암,대전광역시 동구 옥천로 지하162 (판암동),36.316896,127.458264,2026-06-25
대전교통공사,대전 도시철도 1호선,신흥역,신흥,대전광역시 동구 옥천로 지하 70 (판암동),36.319652,127.448792,2026-06-25
대전교통공사,대전 도시철도 1호선,대동역,대동,대전광역시 동구 계족로 지하 176 (대동),36.329532,127.442848,2026-06-25
대전교통공사,대전 도시철도 1호선,대전역,대전,대전광역시 동구 중앙로 지하 218 (중동),36.331583,127.433118,2026-06-25
대전교통공사,대전 도시철도 1호선,중앙로역,중앙로,대전광역시 중구 중앙로 지하 145 (은행동),36.328664,127.425842,2026-06-25
대전교통공사,대전 도시철도 1호선,중구청역,중구청,대전광역시 중구 중앙로 지하 71 (선화동),36.324831,127.419627,2026-06-25
대전교통공사,대전 도시철도 1호선,서대전네거리역,서대전네거리,대전광역시 중구 계룡로 지하 889(용두동),36.322416,127.412518,2026-06-25
대전교통공사,대전 도시철도 1호선,오룡역,오룡,대전광역시 중구 계룡로 지하 793(오류동),36.328582,127.405046,2026-06-25
대전교통공사,대전 도시철도 1호선,용문역,용문,대전광역시 서구 계룡로 지하 644(용문동),36.338252,127.393317,2026-06-25
대전교통공사,대전 도시철도 1호선,탄방역,탄방,대전광역시 서구 문정로48번길 지하 19(탄방동),36.34544,127.384603,2026-06-25
대전교통공사,대전 도시철도 1호선,시청역,시청,대전광역시 서구 둔산중로 지하 55(둔산동),36.351673,127.386739,2026-06-25
대전교통공사,대전 도시철도 1호선,정부청사역,정부청사,대전광역시 서구 한밭대로 지하 744(둔산동),36.357661,127.381047,2026-06-25
대전교통공사,대전 도시철도 1호선,갈마역,갈마,대전광역시 서구 한밭대로 지하 666(갈마동),36.357522,127.372632,2026-06-25
대전교통공사,대전 도시철도 1호선,월평역,월평,대전광역시 서구 한밭대로 지하 595(월평동),36.358272,127.364382,2026-06-25
대전교통공사,대전 도시철도 1호선,갑천역,갑천,대전광역시 서구 갑천도시고속도로 지하 1833(월평동),36.354578,127.354467,2026-06-25
대전교통공사,대전 도시철도 1호선,유성온천역,유성온천,대전광역시 유성구 계룡로 지하 97(봉명동),36.353689,127.341524,2026-06-25
대전교통공사,대전 도시철도 1호선,구암역,구암,대전광역시 유성구 유성대로 703(구암동),36.356605,127.33083,2026-06-25
대전교통공사,대전 도시철도 1호선,현충원역,현충원,대전광역시 유성구 현충원로 지하 455(구암동),36.359021,127.321525,2026-06-25
대전교통공사,대전 도시철도 1호선,월드컵경기장역,월드컵경기장,대전광역시 유성구 한밭대로 지하 155(노은동),36.366825,127.317859,2026-06-25
대전교통공사,대전 도시철도 1호선,노은역,노은,대전광역시 유성구 노은로 지하 161(지족동),36.37415,127.317835,2026-06-25
대전교통공사,대전 도시철도 1호선,지족역,지족,대전광역시 유성구 노은로 273(지족동),36.384106,127.319501,2026-06-25
대전교통공사,대전 도시철도 1호선,반석역,반석,대전광역시 유성구 북유성대로 지하 303(반석동),36.392128,127.314581,2026-06-25
부산광역시 부산교통공사,부산 도시철도 1호선,다대포해수욕장역,다대포해수욕장,부산광역시 사하구 다대로 지하 692,35.048229,128.965919,2022-11-30
부산광역시 부산교통공사,부산 도시철도 1호선,다대포항역,다대포항,부산광역시 사하구 다대로 지하 548,35.057288,128.971151,2022-11-30
부산광역시 부산교통공사,부산 도시철도 1호선,낫개역,낫개,부산광역시 사하구 다대로 지하422,35.065179,128.979702,2022-11-30
부산광역시 부산교통공사,부산 도시철도 1호선,신장림역,신장림,부산광역시 사하구 다대로 지하310,35.074222,128.976538,2022-11-30
부산광역시 부산교통공사,부산 도시철도 1호선,장림역,장림,부산광역시 사하구 다대로 지하230,35.081555,128.9773083,2022-11-30
부산광역시 부산교통공사,부산 도시철도 1호선,동매역,동매,부산광역시 사하구 신산로 지하168,35.089819,128.974029,2022-11-30
부산광역시 부산교통공사,부산 도시철도 1호선,신평역,신평,부산광역시 사하구 하신번영로 140,35.09556,128.96056,2022-11-30
부산광역시 부산교통공사,부산 도시철도 1호선,하단역,하단,부산광역시 사하구 낙동남로 지하 1415,35.10611,128.96667,2022-11-30
부산광역시 부산교통공사,부산 도시철도 1호선,당리역,당리,부산광역시 사하구 낙동대로 지하 405,35.10333,128.97417,2022-11-30
부산광역시 부산교통공사,부산 도시철도 1호선,사하역,사하,부산광역시 사하구 낙동대로 지하 309,35.09972,128.98333,2022-11-30
부산광역시 부산교통공사,부산 도시철도 1호선,괴정역,괴정,부산광역시 사하구 낙동대로 지하 221,35.1,128.9925,2022-11-30
부산광역시 부산교통공사,부산 도시철도 1호선,대티역,대티,부산광역시 사하구 낙동대로 지하 141,35.10306,128.99972,2022-11-30
부산광역시 부산교통공사,부산 도시철도 1호선,서대신역,서대신,부산광역시 서구 대영로 지하 1,35.11083,129.01194,2022-11-30
부산광역시 부산교통공사,부산 도시철도 1호선,동대신역,동대신,부산광역시 서구 구덕로 지하 290,35.11056,129.01757,2022-11-30
부산광역시 부산교통공사,부산 도시철도 1호선,토성역,토성,부산광역시 서구 구덕로 지하 170,35.10083,129.01972,2022-11-30
부산광역시 부산교통공사,부산 도시철도 1호선,자갈치역,자갈치,부산광역시 중구 구덕로 지하 80,35.0975,129.02694,2022-11-30
부산광역시 부산교통공사,부산 도시철도 1호선,남포역,남포,부산광역시 중구 구덕로 지하 12,35.09778,129.03472,2022-11-30
부산광역시 부산교통공사,부산 도시철도 1호선,중앙역,중앙,부산광역시 중구 중앙대로 지하 83,35.10389,129.03639,2022-11-30
부산광역시 부산교통공사,부산 도시철도 1호선,부산역,부산역,부산광역시 동구 중앙대로 지하 200,35.11528,129.03972,2022-11-30
부산광역시 부산교통공사,부산 도시철도 1호선,초량역,초량,부산광역시 동구 중앙대로 지하 264,35.12111,129.04296,2022-11-30
부산광역시 부산교통공사,부산 도시철도 1호선,부산진역,부산진,부산광역시 동구 중앙대로 지하 350,35.12778,129.04778,2022-11-30
부산광역시 부산교통공사,부산 도시철도 1호선,좌천역,좌천,부산광역시 동구 중앙대로 지하 446,35.13417,129.05417,2022-11-30
부산광역시 부산교통공사,부산 도시철도 1호선,범일역,범일,부산광역시 동구 범일로 지하 108,35.14139,129.05944,2022-11-30
부산광역시 부산교통공사,부산 도시철도 1호선,범내골역,범내골,부산광역시 부산진구 중앙대로 지하 612,35.14722,129.05917,2022-11-30
부산광역시 부산교통공사,부산 도시철도 1호선,서면역,서면,부산광역시 부산진구 중앙대로 지하 730,35.15778,129.05917,2022-11-30
부산광역시 부산교통공사,부산 도시철도 1호선,부전역,부전,부산광역시 부산진구 중앙대로 지하 786,35.1625,129.06278,2022-11-30
부산광역시 부산교통공사,부산 도시철도 1호선,양정역,양정,부산광역시 부산진구 중앙대로 지하930 ,35.17304,129.07119,2022-11-30
부산광역시 부산교통공사,부산 도시철도 1호선,시청역,시청(연제),부산광역시 연제구 중앙대로 지하 1017,35.17972,129.07667,2022-11-30
부산광역시 부산교통공사,부산 도시철도 1호선,연산역,연산,부산광역시 연제구 중앙대로 지하 1101,35.18611,129.08167,2022-11-30
부산광역시 부산교통공사,부산 도시철도 1호선,교대역,교대,부산광역시 연제구 중앙대로 지하 1217,35.19583,129.08,2022-11-30
부산광역시 부산교통공사,부산 도시철도 1호선,동래역,동래,부산광역시 동래구 중앙대로 1324,35.20556,129.078461,2022-11-30
부산광역시 부산교통공사,부산 도시철도 1호선,명륜역,명륜,부산광역시 동래구 중앙대로 1414,35.21222,129.07944,2022-11-30
부산광역시 부산교통공사,부산 도시철도 1호선,온천장역,온천장,부산광역시 동래구 중앙대로 1520,35.22056,129.08667,2022-11-30
부산광역시 부산교통공사,부산 도시철도 1호선,부산대역,부산대,부산광역시 금정구 장전온천천로 48,35.23,129.08944,2022-11-30
부산광역시 부산교통공사,부산 도시철도 1호선,장전역,장전,부산광역시 금정구 장전온천천로 144,35.23806,129.08806,2022-11-30
부산광역시 부산교통공사,부산 도시철도 1호선,구서역,구서,부산광역시 금정구 금정로 233번길 46,35.247407,129.091327,2022-11-30
부산광역시 부산교통공사,부산 도시철도 1호선,두실역,두실,부산광역시 금정구 중앙대로 1927-1,35.25694,129.09139,2022-11-30
부산광역시 부산교통공사,부산 도시철도 1호선,남산역,남산,부산광역시 금정구 중앙대로 지하2019-1 ,35.26528,129.0925,2022-11-30
부산광역시 부산교통공사,부산 도시철도 1호선,범어사역,범어사,부산광역시 금정구 중앙대로 지하 2107,35.27333,129.09268,2022-11-30
부산광역시 부산교통공사,부산 도시철도 1호선,노포역,노포,부산광역시 금정구 중앙대로 2238,35.28361,129.095,2022-11-30
부산광역시 부산교통공사,부산 도시철도 2호선,장산역,장산,부산광역시 해운대구 해운대로 지하 820,35.17,129.17694,2022-11-30
부산광역시 부산교통공사,부산 도시철도 2호선,중동역,중동,부산광역시 해운대구 해운대로 지하 730,35.16669,129.16887,2022-11-30
부산광역시 부산교통공사,부산 도시철도 2호선,해운대역,해운대,부산광역시 해운대구 해운대로 지하 626,35.163518,129.158584,2022-11-30
부산광역시 부산교통공사,부산 도시철도 2호선,동백역,동백,부산광역시 해운대구 해운대로 지하 522,35.16147,129.147887,2022-11-30
부산광역시 부산교통공사,부산 도시철도 2호선,벡스코역,벡스코,부산광역시 해운대구 해운대로 지하 396,35.16911,129.138431,2022-11-30
부산광역시 부산교통공사,부산 도시철도 2호선,센텀시티역,센텀시티,부산광역시 해운대구 센텀남대로 지하 76,35.16892,129.131764,2022-11-30
부산광역시 부산교통공사,부산 도시철도 2호선,민락역,민락,부산광역시 수영구 수영로 지하 769,35.16722,129.121878,2022-11-30
부산광역시 부산교통공사,부산 도시철도 2호선,수영역,수영,부산광역시 수영구 수영로 지하 677,35.16578,129.114842,2022-11-30
부산광역시 부산교통공사,부산 도시철도 2호선,광안역,광안,부산광역시 수영구 수영로 지하 576,35.15792,129.113197,2022-11-30
부산광역시 부산교통공사,부산 도시철도 2호선,금련산역,금련산,부산광역시 수영구 수영로 지하 482,35.14989,129.111008,2022-11-30
부산광역시 부산교통공사,부산 도시철도 2호선,남천역,남천,부산광역시 수영구 수영로 지하 410,35.14217,129.10797,2022-11-30
부산광역시 부산교통공사,부산 도시철도 2호선,경성대·부경대역,경성대·부경대,부산광역시 남구 수영로 지하 324,35.13757,129.10055,2022-11-30
부산광역시 부산교통공사,부산 도시철도 2호선,대연역,대연,부산광역시 남구 수영로 지하 242,35.13512,129.09218,2022-11-30
부산광역시 부산교통공사,부산 도시철도 2호선,못골역,못골,부산광역시 남구 수영로 지하 170,35.13472,129.08442,2022-11-30
부산광역시 부산교통공사,부산 도시철도 2호선,지게골역,지게골,부산광역시 남구 수영로 지하 70,35.13558,129.07436,2022-11-30
부산광역시 부산교통공사,부산 도시철도 2호선,문현역,문현,부산광역시 남구 전포대로 지하 17,35.13911,129.06736,2022-11-30
부산광역시 부산교통공사,부산 도시철도 2호선,국제금융센터·부산은행역,국제금융센터·부산은행,부산광역시 남구 전포대로 지하97 ,35.14583,129.06672,2022-11-30
부산광역시 부산교통공사,부산 도시철도 2호선,전포역,전포,부산광역시 부산진구 전포대로 지하 181,35.15311,129.06533,2022-11-30
부산광역시 부산교통공사,부산 도시철도 2호선,서면역,서면,부산광역시 부산진구 부전동 573번지,35.15768,129.058517,2022-11-30
부산광역시 부산교통공사,부산 도시철도 2호선,부암역,부암,부산광역시 부산진구 가야대로 지하 719,35.15744,129.05019,2022-11-30
부산광역시 부산교통공사,부산 도시철도 2호선,가야역,가야,부산광역시 부산진구 가야대로 지하 650,35.15589,129.04283,2022-11-30
부산광역시 부산교통공사,부산 도시철도 2호선,동의대역,동의대,부산광역시 부산진구 가야대로 지하 554,35.15411,129.0325,2022-11-30
부산광역시 부산교통공사,부산 도시철도 2호선,개금역,개금,부산광역시 부산진구 가야대로 지하 442,35.15325,129.02056,2022-11-30
부산광역시 부산교통공사,부산 도시철도 2호선,냉정역,냉정,부산광역시 사상구 가야대로 지하 362-1,35.15125,129.01228,2022-11-30
부산광역시 부산교통공사,부산 도시철도 2호선,주례역,주례,부산광역시 사상구 가야대로 지하 292,35.1505,129.00306,2022-11-30
부산광역시 부산교통공사,부산 도시철도 2호선,감전역,감전,부산광역시 사상구 사상로 지하 93-1,35.15553,128.99114,2022-11-30
부산광역시 부산교통공사,부산 도시철도 2호선,사상역,사상,부산광역시 사상구 사상로 지하 203,35.16218,128.98467,2022-11-30
부산광역시 부산교통공사,부산 도시철도 2호선,덕포역,덕포,부산광역시 사상구 사상로 지하 320-1,35.17378,128.98394,2022-11-30
부산광역시 부산교통공사,부산 도시철도 2호선,모덕역,모덕,부산광역시 사상구 사상로 지하 409,35.18036,128.98561,2022-11-30
부산광역시 부산교통공사,부산 도시철도 2호선,모라역,모라,부산광역시 사상구 사상로 지하 498,35.18967,128.98864,2022-11-30
부산광역시 부산교통공사,부산 도시철도 2호선,구남역,구남,부산광역시 북구 백양대로 지하 1026,35.19681,128.99492,2022-11-30
부산광역시 부산교통공사,부산 도시철도 2호선,구명역,구명,부산광역시 북구 백양대로 지하 1094,35.20253,128.99931,2022-11-30
부산광역시 부산교통공사,부산 도시철도 2호선,덕천역,덕천,부산광역시 북구 금곡대로 지하 14,35.21011,129.00533,2022-11-30
부산광역시 부산교통공사,부산 도시철도 2호선,수정역,수정,부산광역시 북구 금곡대로 지하160 ,35.22336,129.00922,2022-11-30
부산광역시 부산교통공사,부산 도시철도 2호선,화명역,화명,부산광역시 북구 금곡대로 지하 311,35.23585,129.01387,2022-11-30
부산광역시 부산교통공사,부산 도시철도 2호선,율리역,율리,부산광역시 북구 금곡대로 지하 440,35.24672,129.01292,2022-11-30
부산광역시 부산교통공사,부산 도시철도 2호선,동원역,동원,부산광역시 북구 금곡대로 575,35.25864,129.01242,2022-11-30
부산광역시 부산교통공사,부산 도시철도 2호선,금곡역,금곡,부산광역시 북구 금곡대로 685,35.26733,129.01686,2022-11-30
부산광역시 부산교통공사,부산 도시철도 2호선,호포역,호포,경상남도 양산시 동면 양산대로 62,35.281,129.017525,2022-11-30
부산광역시 부산교통공사,부산 도시철도 2호선,증산역,증산,경상남도 양산시 물금읍 메기로 168,35.30828,129.01028,2022-11-30
부산광역시 부산교통공사,부산 도시철도 2호선,부산대양산캠퍼스역,부산대양산캠퍼스,경상남도 양산시 물금읍 메기로 270,35.31697,129.01383,2022-11-30
부산광역시 부산교통공사,부산 도시철도 2호선,남양산역,남양산,경상남도 양산시 동면 메기로 380,35.32533,129.01942,2022-11-30
부산광역시 부산교통공사,부산 도시철도 2호선,양산역,양산,경상남도 양산시 강변로 441,35.33851,129.02643,2022-11-30
부산광역시 부산교통공사,부산 도시철도 3호선,수영역,수영,부산광역시 수영구 수영로 677,35.16775,129.11458,2022-11-30
부산광역시 부산교통공사,부산 도시철도 3호선,망미역,망미,부산광역시 수영구 연수로 지하 337,35.17153,129.10822,2022-11-30
부산광역시 부산교통공사,부산 도시철도 3호선,배산역,배산,부산광역시 연제구 연수로 지하 229,35.1735,129.0955,2022-11-30
부산광역시 부산교통공사,부산 도시철도 3호선,물만골역,물만골,부산광역시 연제구 월드컵대로 지하 23,35.17681,129.08575,2022-11-30
부산광역시 부산교통공사,부산 도시철도 3호선,연산역,연산,부산광역시 연제구 연산동 1515-1번지,35.18614,129.08147,2022-11-30
부산광역시 부산교통공사,부산 도시철도 3호선,거제역,거제,부산광역시 연제구 월드컵대로 지하 209,35.18858,129.07394,2022-11-30
부산광역시 부산교통공사,부산 도시철도 3호선,종합운동장역,종합운동장,부산광역시 연제구 아시아드대로 지하 73,35.19125,129.0675,2022-11-30
부산광역시 부산교통공사,부산 도시철도 3호선,사직역,사직,부산광역시 동래구 아시아드대로 지하 153,35.199,129.065,2022-11-30
부산광역시 부산교통공사,부산 도시철도 3호선,미남역,미남,부산광역시 동래구 아시아드대로 지하 232,35.2055,129.06806,2022-11-30
부산광역시 부산교통공사,부산 도시철도 3호선,만덕역,만덕,부산광역시 북구 만덕대로 지하 291,35.213,129.0365,2022-11-30
부산광역시 부산교통공사,부산 도시철도 3호선,남산정역,남산정,부산광역시 북구 만덕대로 지하 179,35.21333,129.02392,2022-11-30
부산광역시 부산교통공사,부산 도시철도 3호선,숙등역,숙등,부산광역시 북구 만덕대로 지하 79,35.21197,129.01275,2022-11-30
부산광역시 부산교통공사,부산 도시철도 3호선,덕천역,덕천,부산광역시 북구 덕천동 327번지,35.210139,129.005545,2022-11-30
부산광역시 부산교통공사,부산 도시철도 3호선,구포역,구포,부산광역시 북구 낙동대로 1697,35.20644,128.99631,2022-11-30
부산광역시 부산교통공사,부산 도시철도 3호선,강서구청역,강서구청,부산광역시 강서구 낙동북로 485,35.21125,128.98175,2022-11-30
부산광역시 부산교통공사,부산 도시철도 3호선,체육공원역,체육공원,부산광역시 강서구 낙동북로 371,35.21261,128.96894,2022-11-30
부산광역시 부산교통공사,부산 도시철도 3호선,대저역,대저,부산광역시 강서구 낙동북로 295,35.21343,128.96074,2022-11-30
부산광역시 부산교통공사,부산 경량도시철도 4호선,미남역,미남,부산광역시 동래구 충렬대로 지하 147,35.20643,129.06868,2022-11-30
부산광역시 부산교통공사,부산 경량도시철도 4호선,동래역,동래,부산광역시 동래구 온천2동 1486번지,35.20466,129.07741,2022-11-30
부산광역시 부산교통공사,부산 경량도시철도 4호선,수안역,수안,부산광역시 동래구 충렬대로 지하 223,35.20183,129.08378,2022-11-30
부산광역시 부산교통공사,부산 경량도시철도 4호선,낙민역,낙민,부산광역시 동래구 충렬대로 지하 285,35.20025,129.09078,2022-11-30
부산광역시 부산교통공사,부산 경량도시철도 4호선,충렬사역,충렬사,부산광역시 동래구 반송로 지하 205,35.19986,129.09764,2022-11-30
부산광역시 부산교통공사,부산 경량도시철도 4호선,명장역,명장,부산광역시 동래구 반송로 지하 281,35.20503,129.10161,2022-11-30
부산광역시 부산교통공사,부산 경량도시철도 4호선,서동역,서동,부산광역시 금정구 반송로 지하 387,35.21331,129.10769,2022-11-30
부산광역시 부산교통공사,부산 경량도시철도 4호선,금사역,금사,부산광역시 금정구 반송로 지하 465,35.21583,129.11517,2022-11-30
부산광역시 부산교통공사,부산 경량도시철도 4호선,반여농산물시장역,반여농산물시장,부산광역시 해운대구 반송로 550,35.21778,129.12397,2022-11-30
부산광역시 부산교통공사,부산 경량도시철도 4호선,석대역,석대,부산광역시 해운대구 석대천로 121,35.21825,129.13717,2022-11-30
부산광역시 부산교통공사,부산 경량도시철도 4호선,영산대역,영산대,부산광역시 해운대구 반송로 803,35.22578,129.14617,2022-11-30
부산광역시 부산교통공사,부산 경량도시철도 4호선,윗반송역,윗반송,부산광역시 해운대구 반송로 917,35.2325,129.15403,2022-11-30
부산광역시 부산교통공사,부산 경량도시철도 4호선,고촌역,고촌,부산광역시 기장군 철마면 반송로 991,35.23603,129.1605,2022-11-30
부산광역시 부산교통공사,부산 경량도시철도 4호선,안평역,안평,부산광역시 기장군 철마면 반송로 1001,35.23733,129.17183,2022-11-30
부산-김해경전철㈜,부산김해경전철,사상역,사상,부산광역시 사상구 광장로 83,35.1623018,128.9859408,2022-04-27
부산-김해경전철㈜,부산김해경전철,괘법르네시떼역,괘법르네시떼,부산광역시 사상구 광장로 9,35.1632616,128.9776836,2022-04-27
부산-김해경전철㈜,부산김해경전철,서부산유통지구역,서부산유통지구,부산광역시 강서구 유통단지1로 57번길 7,35.16640204,128.9548881,2022-04-27
부산-김해경전철㈜,부산김해경전철,공항역,공항,부산광역시 강서구 공항진입로 165,35.171906,128.948586,2022-04-27
부산-김해경전철㈜,부산김해경전철,덕두역,덕두,부산광역시 강서구 경전철로 10,35.182001,128.954198,2022-04-27
부산-김해경전철㈜,부산김해경전철,등구역,등구,부산광역시 강서구 경전철로 194,35.196143,128.963599,2022-04-27
부산-김해경전철㈜,부산김해경전철,대저역,대저,부산광역시 강서구 낙동북로 294,35.213066,128.960562,2022-04-27
부산-김해경전철㈜,부산김해경전철,평강역,평강,부산광역시 강서구 낙동북로 203,35.214105,128.950825,2022-04-27
부산-김해경전철㈜,부산김해경전철,대사역,대사,부산광역시 강서구 낙동북로 82,35.217657,128.938417,2022-04-27
부산-김해경전철㈜,부산김해경전철,불암역,불암,경상남도 김해시 김해대로 2787,35.222162,128.927893,2022-04-27
부산-김해경전철㈜,부산김해경전철,지내역,지내,경상남도 김해시 김해대로 2718,35.2275,128.923721,2022-04-27
부산-김해경전철㈜,부산김해경전철,김해대학역,김해대학,경상남도 김해시 김해대로 2641,35.22899,128.915612,2022-04-27
부산-김해경전철㈜,부산김해경전철,인제대역,인제대,경상남도 김해시 김해대로 2515,35.228099,128.901736,2022-04-27
부산-김해경전철㈜,부산김해경전철,김해시청역,김해시청,경상남도 김해시 김해대로 2408,35.227103,128.89041,2022-04-27
부산-김해경전철㈜,부산김해경전철,부원역,부원,경상남도 김해시 김해대로 2350,35.22646624,128.8838997,2022-04-27
부산-김해경전철㈜,부산김해경전철,봉황역,봉황,경상남도 김해시 김해대로 2249,35.22726757,128.8743069,2022-04-27
부산-김해경전철㈜,부산김해경전철,수로왕릉역,수로왕릉,경상남도 김해시 김해대로 2181,35.2328215,128.8721409,2022-04-27
부산-김해경전철㈜,부산김해경전철,박물관역,박물관,경상남도 김해시 김해대로 2103,35.24006467,128.8718628,2022-04-27
부산-김해경전철㈜,부산김해경전철,연지공원역,연지공원,경상남도 김해시 해반천로 5,35.24965763,128.8692908,2022-04-27
부산-김해경전철㈜,부산김해경전철,장신대역,장신대,경상남도 김해시 해반천로 129,35.25955642,128.8671142,2022-04-27
부산-김해경전철㈜,부산김해경전철,가야대역,가야대,경상남도 김해시 해반천로 211,35.26672721,128.8650703,2022-04-27
서울교통공사,1호선,청량리역,청량리(서울시립대입구),서울특별시 동대문구 왕산로 지하205(전농동),37.580148,127.045063,2024-12-31
서울교통공사,1호선,제기동역,제기동,서울특별시 동대문구 왕산로 지하93(제기동),37.578116,127.034902,2024-12-31
서울교통공사,1호선,신설동역,신설동,서울특별시 동대문구 왕산로 지하1(신설동),37.576117,127.02471,2024-12-31
서울교통공사,1호선,동묘앞역,동묘앞,서울특별시 종로구 종로 359(숭인동),37.573265,127.016459,2024-12-31
서울교통공사,1호선,동대문역,동대문,서울특별시 종로구 종로 지하302(창신동),37.571646,127.01069,2024-12-31
서울교통공사,1호선,종로5가역,종로5가,서울특별시 종로구 종로 지하216(종로5가),37.570971,127.0019,2024-12-31
서울교통공사,1호선,종로3가역,종로3가,서울특별시 종로구 종로 지하129(종로3가),37.570429,126.992095,2024-12-31
서울교통공사,1호선,종각역,종각,서울특별시 종로구 종로 지하55(종로1가),37.570203,126.983116,2024-12-31
서울교통공사,1호선,시청역,시청,서울특별시 중구 세종대로 지하101(정동),37.565211,126.977207,2024-12-31
서울교통공사,1호선,서울역,서울역,서울특별시 중구 세종대로 지하2(남대문로 5가),37.55585,126.972103,2024-12-31
서울교통공사,2호선,시청역,시청,서울특별시 중구 서소문로 지하127(서소문동),37.563534,126.975271,2024-12-31
서울교통공사,2호선,을지로입구역,을지로입구,서울특별시 중구 을지로 지하42(을지로1가),37.565998,126.982569,2024-12-31
서울교통공사,2호선,을지로3가역,을지로3가,서울특별시 중구 을지로 지하106(을지로3가),37.566292,126.990873,2024-12-31
서울교통공사,2호선,을지로4가역,을지로4가,서울특별시 중구 을지로 지하178(을지로4가),37.566611,126.997622,2024-12-31
서울교통공사,2호선,동대문역사문화공원역,동대문역사문화공원(DDP),서울특별시 중구 을지로 지하279(을지로7가),37.565609,127.009083,2024-12-31
서울교통공사,2호선,신당역,신당,서울특별시 중구 퇴계로 지하431-1(신당동),37.565675,127.0194259,2024-12-31
서울교통공사,2호선,상왕십리역,상왕십리,서울특별시 성동구 왕십리로 지하374(하왕십리동),37.564444,127.029322,2024-12-31
서울교통공사,2호선,왕십리역,왕십리(성동구청),서울특별시 성동구 왕십리로 지하300(행당동),37.561289,127.0370615,2024-12-31
서울교통공사,2호선,한양대역,한양대,서울특별시 성동구 왕십리로 206(행당동),37.555758,127.0436594,2024-12-31
서울교통공사,2호선,뚝섬역,뚝섬,서울특별시 성동구 아차산로 18(성수동1가),37.54718,127.047413,2024-12-31
서울교통공사,2호선,성수역,성수,서울특별시 성동구 아차산로 100(성수동2가),37.544628,127.055983,2024-12-31
서울교통공사,2호선,건대입구역,건대입구,서울특별시 광진구 아차산로 243(화양동),37.540408,127.069231,2024-12-31
서울교통공사,2호선,구의역,구의(광진구청),서울특별시 광진구 아차산로 384-1(구의동),37.537157,127.0862124,2024-12-31
서울교통공사,2호선,강변역,강변(동서울터미널),서울특별시 광진구 강변역로 53(구의동),37.535161,127.094684,2024-12-31
서울교통공사,2호선,잠실나루역,잠실나루,서울특별시 송파구 오금로 20(신천동),37.520688,127.103836,2024-12-31
서울교통공사,2호선,잠실역,잠실(송파구청),서울특별시 송파구 올림픽로 지하265(신천동),37.513305,127.100129,2024-12-31
서울교통공사,2호선,잠실새내역,잠실새내,서울특별시 송파구 올림픽로 지하140(잠실동),37.511653,127.086224,2024-12-31
서울교통공사,2호선,종합운동장역,종합운동장,서울특별시 송파구 올림픽로 지하23(잠실동),37.511128,127.073841,2024-12-31
서울교통공사,2호선,삼성역,삼성(무역센터),서울특별시 강남구 테헤란로 지하538(삼성동),37.508827,127.063203,2024-12-31
서울교통공사,2호선,선릉역,선릉,서울특별시 강남구 테헤란로 지하340(삼성동),37.504257,127.048174,2024-12-31
서울교통공사,2호선,역삼역,역삼,서울특별시 강남구 테헤란로 지하156(역삼동),37.500658,127.03643,2024-12-31
서울교통공사,2호선,강남역,강남,서울특별시 강남구 강남대로 지하396(역삼동),37.49805,127.02795,2024-12-31
서울교통공사,2호선,교대역,교대(법원·검찰청),서울특별시 서초구 서초대로 지하294(서초동),37.493957,127.014431,2024-12-31
서울교통공사,2호선,서초역,서초,서울특별시 서초구 서초대로 지하233(서초동),37.49191,127.007685,2024-12-31
서울교통공사,2호선,방배역,방배,서울특별시 서초구 방배로 지하80(방배동),37.481469,126.997627,2024-12-31
서울교통공사,2호선,사당역,사당,서울특별시 동작구 남부순환로 지하2089(사당동),37.476536,126.981631,2024-12-31
서울교통공사,2호선,낙성대역,낙성대(강감찬),서울특별시 관악구 남부순환로 지하1928(봉천동),37.47713,126.963583,2024-12-31
서울교통공사,2호선,서울대입구역,서울대입구(관악구청),서울특별시 관악구 남부순환로 지하1822(봉천동),37.481233,126.952745,2024-12-31
서울교통공사,2호선,봉천역,봉천,서울특별시 관악구 남부순환로 지하1721(봉천동),37.482416,126.941696,2024-12-31
서울교통공사,2호선,신림역,신림,서울특별시 관악구 남부순환로 지하1614(신림동),37.484216,126.929573,2024-12-31
서울교통공사,2호선,신대방역,신대방,서울특별시 동작구 대림로 2(신대방동),37.487604,126.913479,2024-12-31
서울교통공사,2호선,구로디지털단지역,구로디지털단지,서울특별시 구로구 도림천로 477(구로동),37.4852931,126.901456,2024-12-31
서울교통공사,2호선,대림역,대림(구로구청),서울특별시 구로구 도림천로 351(구로동),37.4932826,126.8949793,2024-12-31
서울교통공사,2호선,신도림역,신도림,서울특별시 구로구 새말로 지하 117-21(신도림동),37.508815,126.891222,2024-12-31
서울교통공사,2호선,문래역,문래,서울특별시 영등포구 당산로 지하28(문래동3가),37.517993,126.894766,2024-12-31
서울교통공사,2호선,영등포구청역,영등포구청,서울특별시 영등포구 당산로 지하121(당산동3가),37.525766,126.896627,2024-12-31
서울교통공사,2호선,당산역,당산,서울특별시 영등포구 당산로 229(당산동6가),37.534807,126.902611,2024-12-31
서울교통공사,2호선,합정역,합정,서울특별시 마포구 양화로 지하55(서교동),37.550025,126.914557,2024-12-31
서울교통공사,2호선,홍대입구역,홍대입구,서울특별시 마포구 양화로 지하160(동교동),37.556748,126.923643,2024-12-31
서울교통공사,2호선,신촌역,신촌(지하),서울특별시 마포구 신촌로 지하90(노고산동),37.555153,126.93689,2024-12-31
서울교통공사,2호선,이대역,이대,서울특별시 마포구 신촌로 지하180(염리동),37.556734,126.945897,2024-12-31
서울교통공사,2호선,아현역,아현,서울특별시 마포구 신촌로 지하270(아현동),37.557407,126.956079,2024-12-31
서울교통공사,2호선,충정로역,충정로(경기대입구),서울특별시 서대문구 서소문로 지하17(충정로3가),37.559742,126.964455,2024-12-31
서울교통공사,3호선,지축역,지축,경기도 고양시 덕양구 삼송로 300(지축동),37.648151,126.913751,2024-12-31
서울교통공사,3호선,구파발역,구파발,서울특별시 은평구 진관2로 지하15-25 (진관동),37.636612,126.918827,2024-12-31
서울교통공사,3호선,연신내역,연신내,서울특별시 은평구 통일로 지하849(갈현동),37.619295,126.920959,2024-12-31
서울교통공사,3호선,불광역,불광,서울특별시 은평구 통일로 지하723-1(대조동),37.610154,126.930183,2024-12-31
서울교통공사,3호선,녹번역,녹번,서울특별시 은평구 통일로 지하602-1(녹번동),37.600882,126.935758,2024-12-31
서울교통공사,3호선,홍제역,홍제,서울특별시 서대문구 통일로 지하440-1(홍제동),37.588851,126.944092,2024-12-31
서울교통공사,3호선,무악재역,무악재,서울특별시 서대문구 통일로 지하361(홍제동),37.582658,126.950131,2024-12-31
서울교통공사,3호선,독립문역,독립문,서울특별시 서대문구 통일로 지하247(현저동),37.574534,126.957902,2024-12-31
서울교통공사,3호선,경복궁역,경복궁(정부서울청사),서울특별시 종로구 사직로 지하130(적선동),37.575844,126.973576,2024-12-31
서울교통공사,3호선,안국역,안국,서울특별시 종로구 율곡로 지하62(안국동),37.576562,126.98547,2024-12-31
서울교통공사,3호선,종로3가역,종로3가,서울특별시 종로구 돈화문로 지하30(묘동),37.571537,126.991837,2024-12-31
서울교통공사,3호선,을지로3가역,을지로3가,서울특별시 중구 을지로 지하129(을지로3가),37.566299,126.992616,2024-12-31
서울교통공사,3호선,충무로역,충무로,서울특별시 중구 퇴계로 지하214(필동2가),37.561382,126.994173,2024-12-31
서울교통공사,3호선,동대입구역,동대입구,서울특별시 중구 동호로 지하256(장충동2가),37.55906,127.005273,2024-12-31
서울교통공사,3호선,약수역,약수,서울특별시 중구 다산로 지하122(신당동),37.554554,127.010858,2024-12-31
서울교통공사,3호선,금호역,금호,서울특별시 성동구 동호로 지하104(금호동4가),37.548269,127.015785,2024-12-31
서울교통공사,3호선,옥수역,옥수,서울특별시 성동구 동호로 21(옥수동),37.541653,127.017303,2024-12-31
서울교통공사,3호선,압구정역,압구정,서울특별시 강남구 압구정로 지하172(신사동),37.526169,127.028502,2024-12-31
서울교통공사,3호선,신사역,신사,서울특별시 강남구 도산대로 지하102(신사동),37.516438,127.020247,2024-12-31
서울교통공사,3호선,잠원역,잠원,서울특별시 서초구 잠원로4길 지하46(잠원동),37.512989,127.011613,2024-12-31
서울교통공사,3호선,고속터미널역,고속터미널,서울특별시 서초구 신반포로 지하188(반포동),37.504953,127.004916,2024-12-31
서울교통공사,3호선,교대역,교대(법원·검찰청),서울특별시 서초구 서초대로 지하294(서초동),37.49306,127.013796,2024-12-31
서울교통공사,3호선,남부터미널역,남부터미널(예술의전당),서울특별시 서초구 서초중앙로 지하31(서초동),37.48494,127.016289,2024-12-31
서울교통공사,3호선,양재역,양재(서초구청),서울특별시 서초구 남부순환로 지하2585(서초동),37.48458,127.03423,2024-12-31
서울교통공사,3호선,매봉역,매봉,서울특별시 강남구 남부순환로 지하2744(도곡동),37.487114,127.046907,2024-12-31
서울교통공사,3호선,도곡역,도곡,서울특별시 강남구 남부순환로 지하2814(도곡동),37.491129,127.055694,2024-12-31
서울교통공사,3호선,대치역,대치,서울특별시 강남구 남부순환로 지하2952(대치동),37.494601,127.063449,2024-12-31
서울교통공사,3호선,학여울역,학여울,서울특별시 강남구 남부순환로 지하3104(대치동),37.496787,127.0708601,2024-12-31
서울교통공사,3호선,대청역,대청,서울특별시 강남구 일원로 지하2(일원동),37.493607,127.079526,2024-12-31
서울교통공사,3호선,일원역,일원,서울특별시 강남구 일원로 지하121(일원동),37.48389,127.08416,2024-12-31
서울교통공사,3호선,수서역,수서,서울특별시 강남구 광평로 지하270(수서동),37.4875,127.101924,2024-12-31
서울교통공사,3호선,가락시장역,가락시장,서울특별시 송파구 송파대로 지하257(가락동),37.492318,127.1177,2024-12-31
서울교통공사,3호선,경찰병원역,경찰병원,서울특별시 송파구 중대로 지하149(가락동),37.495754,127.124198,2024-12-31
서울교통공사,3호선,오금역,오금,서울특별시 송파구 오금로 지하321(오금동),37.502288,127.128344,2024-12-31
서울교통공사,4호선,불암산역,불암산,서울특별시 노원구 상계로 305(상계동),37.67009,127.079004,2024-12-31
서울교통공사,4호선,상계역,상계,서울특별시 노원구 상계로 182(상계동),37.660576,127.073199,2024-12-31
서울교통공사,4호선,노원역,노원,서울특별시 노원구 상계로 69-1(상계동),37.656274,127.063183,2024-12-31
서울교통공사,4호선,창동역,창동,서울특별시 도봉구 마들로11길 77(창동),37.653315,127.048304,2024-12-31
서울교통공사,4호선,쌍문역,쌍문,서울특별시 도봉구 도봉로 지하 486-1(창동),37.648274,127.034381,2024-12-31
서울교통공사,4호선,수유역,수유(강북구청),서울특별시 강북구 도봉로 지하338(수유동),37.637727,127.025371,2024-12-31
서울교통공사,4호선,미아역,미아(서울사이버대학),서울특별시 강북구 도봉로 지하198(미아동),37.626435,127.026151,2024-12-31
서울교통공사,4호선,미아사거리역,미아사거리,서울특별시 강북구 도봉로 지하50(미아동),37.613276,127.030083,2024-12-31
서울교통공사,4호선,길음역,길음,서울특별시 성북구 동소문로 지하248(길음동),37.603387,127.025053,2024-12-31
서울교통공사,4호선,성신여대입구역,성신여대입구(돈암),서울특별시 성북구 동소문로 지하102(동선동4가),37.592882,127.016908,2024-12-31
서울교통공사,4호선,한성대입구역,한성대입구(삼선교),서울특별시 성북구 삼선교로 지하1(삼선동1가),37.58838,127.005951,2024-12-31
서울교통공사,4호선,혜화역,혜화,서울특별시 종로구 대학로 지하120(명륜4가),37.582116,127.001929,2024-12-31
서울교통공사,4호선,동대문역,동대문,서울특별시 종로구 율곡로 지하308(종로6가),37.57099,127.00925,2024-12-31
서울교통공사,4호선,동대문역사문화공원역,동대문역사문화공원(DDP),서울특별시 중구 장충단로 지하230(광희동2가),37.565141,127.007808,2024-12-31
서울교통공사,4호선,충무로역,충무로,서울특별시 중구 퇴계로 지하214(필동2가),37.561352,126.994573,2024-12-31
서울교통공사,4호선,명동역,명동,서울특별시 중구 퇴계로 지하126(충무로2가),37.560955,126.986271,2024-12-31
서울교통공사,4호선,회현역,회현(남대문시장),서울특별시 중구 퇴계로 지하54(남창동),37.558698,126.978346,2024-12-31
서울교통공사,4호선,서울역,서울역,서울특별시 용산구 한강대로 지하392(동자동),37.553172,126.972706,2024-12-31
서울교통공사,4호선,숙대입구역,숙대입구(갈월),서울특별시 용산구 한강대로 지하306(갈월동),37.5447834,126.9721,2024-12-31
서울교통공사,4호선,삼각지역,삼각지(전쟁기념관),서울특별시 용산구 한강대로 지하180(한강로1가),37.534457,126.972992,2024-12-31
서울교통공사,4호선,신용산역,신용산,서울특별시 용산구 한강대로 지하112(한강로2가),37.52909,126.96788,2024-12-31
서울교통공사,4호선,이촌역,이촌(국립중앙박물관),서울특별시 용산구 서빙고로 지하83(용산동5가),37.52919,126.9679818,2024-12-31
서울교통공사,4호선,동작역,동작(현충원),서울특별시 동작구 현충로 257(동작동),37.503567,126.980171,2024-12-31
서울교통공사,4호선,총신대입구역,총신대입구(이수),서울특별시 동작구 동작대로 지하117(사당동),37.487521,126.982309,2024-12-31
서울교통공사,4호선,사당역,사당,서울특별시 동작구  동작대로 지하3(사당동),37.476263,126.981636,2024-12-31
서울교통공사,4호선,남태령역,남태령,서울특별시 서초구 과천대로 지하816(방배동),37.464339,126.989081,2024-12-31
서울교통공사,5호선,방화역,방화,서울특별시 강서구 금낭화로 지하132(방화동),37.577669,126.812822,2024-12-31
서울교통공사,5호선,개화산역,개화산,서울특별시 강서구 양천로 22(방화동),37.572458,126.806838,2024-12-31
서울교통공사,5호선,김포공항역,김포공항,서울특별시 강서구 하늘길 지하77(방화동),37.56217,126.801273,2024-12-31
서울교통공사,5호선,송정역,송정,서울특별시 강서구 공항대로 지하33(공항동),37.561201,126.812052,2024-12-31
서울교통공사,5호선,마곡역,마곡,서울특별시 강서구 공항대로 지하163(마곡동),37.55865,126.837693,2024-12-31
서울교통공사,5호선,발산역,발산,서울특별시 강서구 공항대로 지하267(마곡동),37.558692,126.837633,2024-12-31
서울교통공사,5호선,우장산역,우장산,서울특별시 강서구 강서로 지하262(화곡동),37.548864,126.83633,2024-12-31
서울교통공사,5호선,화곡역,화곡,서울특별시 강서구 화곡로 지하168(화곡동),37.541585,126.840436,2024-12-31
서울교통공사,5호선,까치산역,까치산,서울특별시 강서구 강서로 지하54(화곡동),37.5322,126.84645,2024-12-31
서울교통공사,5호선,신정역,신정(은행정),서울특별시 양천구 오목로 지하179(신정동),37.525001,126.856176,2024-12-31
서울교통공사,5호선,목동역,목동,서울특별시 양천구 오목로 지하245(목동),37.526088,126.864296,2024-12-31
서울교통공사,5호선,오목교역,오목교(목동운동장앞),서울특별시 양천구 오목로 지하342(목동),37.524557,126.875049,2024-12-31
서울교통공사,5호선,양평역,양평,서울특별시 영등포구 양산로 지하21(양평동2가),37.525614,126.886177,2024-12-31
서울교통공사,5호선,영등포구청역,영등포구청,서울특별시 영등포구 양산로 지하116(당산동3가),37.524209,126.895022,2024-12-31
서울교통공사,5호선,영등포시장역,영등포시장,서울특별시 영등포구 양산로 지하200(영등포동5가),37.52276,126.905143,2024-12-31
서울교통공사,5호선,신길역,신길,서울특별시 영등포구 경인로114가길 지하9(영등포동1가),37.51763,126.914886,2024-12-31
서울교통공사,5호선,여의도역,여의도,서울특별시 영등포구 여의나루로 지하40(여의도동),37.521678,126.924318,2024-12-31
서울교통공사,5호선,여의나루역,여의나루,서울특별시 영등포구 여의동로 지하343(여의도동),37.527045,126.932807,2024-12-31
서울교통공사,5호선,마포역,마포,서울특별시 마포구 마포대로 지하33(도화동),37.539718,126.946043,2024-12-31
서울교통공사,5호선,공덕역,공덕,서울특별시 마포구 마포대로 지하100(공덕동),37.544005,126.951058,2024-12-31
서울교통공사,5호선,애오개역,애오개,서울특별시 마포구 마포대로 지하210(아현동),37.553592,126.956733,2024-12-31
서울교통공사,5호선,충정로역,충정로(경기대입구),서울특별시 서대문구 충정로 지하 28-1(충정로3가),37.560061,126.962783,2024-12-31
서울교통공사,5호선,서대문역,서대문,서울특별시 종로구 통일로 지하126(평동),37.565812,126.966639,2024-12-31
서울교통공사,5호선,광화문역,광화문(세종문화회관),서울특별시 종로구 세종대로 지하172(세종로),37.571645,126.976568,2024-12-31
서울교통공사,5호선,종로3가역,종로3가(탑골공원),서울특별시 종로구 돈화문로11길 지하 26(돈의동),37.572546,126.990447,2024-12-31
서울교통공사,5호선,을지로4가역,을지로4가,서울특별시 중구 창경궁로 지하51(주교동),37.56728,126.998127,2024-12-31
서울교통공사,5호선,동대문역사문화공원역,동대문역사문화공원(DDP),서울특별시 중구 마른내로 지하162(광희동1가),37.564682,127.00533,2024-12-31
서울교통공사,5호선,청구역,청구,서울특별시 중구 청구로 지하77(신당동),37.560237,127.01379,2024-12-31
서울교통공사,5호선,신금호역,신금호,서울특별시 성동구 금호로 지하154(금호동2가),37.554504,127.020403,2024-12-31
서울교통공사,5호선,행당역,행당,서울특별시 성동구 행당로 지하89(행당동),37.557297,127.029482,2024-12-31
서울교통공사,5호선,왕십리역,왕십리(성동구청),서울특별시 성동구 왕십리로 지하300(행당동),37.56197,127.037264,2024-12-31
서울교통공사,5호선,마장역,마장,서울특별시 성동구 마장로 지하296(마장동),37.566066,127.042921,2024-12-31
서울교통공사,5호선,답십리역,답십리,서울특별시 성동구 천호대로 지하300(용답동),37.566833,127.05266,2024-12-31
서울교통공사,5호선,장한평역,장한평,서울특별시 동대문구 천호대로 지하405(장안동),37.561438,127.064601,2024-12-31
서울교통공사,5호선,군자역,군자(능동),서울특별시 광진구 천호대로 지하550(능동),37.557102,127.079559,2024-12-31
서울교통공사,5호선,아차산역,아차산(어린이대공원후문),서울특별시 광진구 천호대로 지하657(능동),37.552005,127.089609,2024-12-31
서울교통공사,5호선,광나루역,광나루(장신대),서울특별시 광진구 아차산로 지하571(광장동),37.545301,127.103478,2024-12-31
서울교통공사,5호선,천호역,천호(풍납토성),서울특별시 강동구 천호대로 지하997(천호동),37.538566,127.123539,2024-12-31
서울교통공사,5호선,강동역,강동,서울특별시 강동구 천호대로 지하1097(천호동),37.53581,127.13249,2024-12-31
서울교통공사,5호선,길동역,길동,서울특별시 강동구 양재대로 지하1480(길동),37.538022,127.140085,2024-12-31
서울교통공사,5호선,굽은다리역,굽은다리(강동구민회관앞),서울특별시 강동구 양재대로 지하1572(명일동),37.545442,127.142844,2024-12-31
서울교통공사,5호선,명일역,명일,서울특별시 강동구 양재대로 지하1632(명일동),37.551317,127.144002,2024-12-31
서울교통공사,5호선,고덕역,고덕,서울특별시 강동구 고덕로 지하253(고덕동),37.555002,127.154214,2024-12-31
서울교통공사,5호선,상일동역,상일동,서울특별시 강동구 고덕로 지하359(상일동),37.556714,127.166381,2024-12-31
서울교통공사,5호선,강일역,강일,서울특별시 강동구 고덕로 지하456(강일동),37.557521,127.176018,2024-12-31
서울교통공사,5호선,미사역,미사,경기도 하남시 미사강변동로 지하90(망월동),37.56309,127.192954,2024-12-31
서울교통공사,5호선,하남풍산역,하남풍산,경기도 하남시 덕풍서로 지하50(덕풍동),37.552201,127.203897,2024-12-31
서울교통공사,5호선,하남시청역,하남시청(덕풍∙신장),경기도 하남시 하남대로 지하820(덕풍동),37.541723,127.206901,2024-12-31
서울교통공사,5호선,하남검단산역,하남검단산,경기도 하남시 대청로 지하100(창우동),37.539729,127.223427,2024-12-31
서울교통공사,6호선,응암역,응암,서울특별시 은평구 증산로 지하477(신사동),37.59859,126.915583,2024-12-31
서울교통공사,6호선,역촌역,역촌,서울특별시 은평구 서오릉로 지하63(녹번동),37.60605,126.922764,2024-12-31
서울교통공사,6호선,불광역,불광,서울특별시 은평구 통일로 지하723-1(대조동),37.610919,126.929504,2024-12-31
서울교통공사,6호선,독바위역,독바위,서울특별시 은평구 불광로 지하129-1(불광동),37.618413,126.933035,2024-12-31
서울교통공사,6호선,연신내역,연신내,서울특별시 은평구 통일로 지하849(갈현동),37.618483,126.920403,2024-12-31
서울교통공사,6호선,구산역,구산,서울특별시 은평구 연서로 지하137-1(구산동),37.611196,126.9172519,2024-12-31
서울교통공사,6호선,새절역,새절(신사),서울특별시 은평구 증산로 지하400(신사동),37.591148,126.913613,2024-12-31
서울교통공사,6호선,증산역,증산(명지대앞),서울특별시 은평구 증산로 지하306(증산동),37.583989,126.909785,2024-12-31
서울교통공사,6호선,디지털미디어시티역,디지털미디어시티,서울특별시 은평구 수색로 지하175(증산동),37.5760805,126.901343,2024-12-31
서울교통공사,6호선,월드컵경기장역,월드컵경기장(성산),서울특별시 마포구 월드컵로 지하240(성산동),37.569439,126.899077,2024-12-31
서울교통공사,6호선,마포구청역,마포구청,서울특별시 마포구 월드컵로 지하190(성산동),37.563529,126.903356,2024-12-31
서울교통공사,6호선,망원역,망원,서울특별시 마포구 월드컵로 지하77(망원동),37.556031,126.910129,2024-12-31
서울교통공사,6호선,합정역,합정,서울특별시 마포구 양화로 지하45(합정동),37.549033,126.913546,2024-12-31
서울교통공사,6호선,상수역,상수,서울특별시 마포구 독막로 지하85(상수동),37.547704,126.92292,2024-12-31
서울교통공사,6호선,광흥창역,광흥창(서강),서울특별시 마포구 독막로 지하165(창전동),37.547464,126.931971,2024-12-31
서울교통공사,6호선,대흥역,대흥(서강대앞),서울특별시 마포구 대흥로 지하85(대흥동),37.547732,126.942214,2024-12-31
서울교통공사,6호선,공덕역,공덕,서울특별시 마포구 백범로 지하200(공덕동),37.543592,126.951664,2024-12-31
서울교통공사,6호선,효창공원앞역,효창공원앞,서울특별시 용산구 백범로 지하287(효창동),37.539279,126.961348,2024-12-31
서울교통공사,6호선,삼각지역,삼각지(전쟁기념관),서울특별시 용산구 한강대로 지하185(한강로1가),37.535563,126.973996,2024-12-31
서울교통공사,6호선,녹사평역,녹사평(용산구청),서울특별시 용산구 녹사평대로 지하195(용산동4가),37.53469,126.98665,2024-12-31
서울교통공사,6호선,이태원역,이태원,서울특별시 용산구 이태원로 지하177(이태원동),37.534485,126.994369,2024-12-31
서울교통공사,6호선,한강진역,한강진,서울특별시 용산구 이태원로 지하287(한남동),37.53956,127.001729,2024-12-31
서울교통공사,6호선,버티고개역,버티고개,서울특별시 중구 다산로 지하38(신당동),37.547933,127.006948,2024-12-31
서울교통공사,6호선,약수역,약수,서울특별시 중구 다산로 지하115(신당동),37.554087,127.010237,2024-12-31
서울교통공사,6호선,청구역,청구,서울특별시 중구 청구로 지하77(신당동),37.560221,127.013776,2024-12-31
서울교통공사,6호선,신당역,신당,서울특별시 중구 다산로 지하260(흥인동),37.566174,127.016158,2024-12-31
서울교통공사,6호선,동묘앞역,동묘앞,서울특별시 종로구 지봉로 지하24(숭인동),37.572275,127.015666,2024-12-31
서울교통공사,6호선,창신역,창신,서울특별시 종로구 지봉로 지하112(창신동),37.579772,127.015246,2024-12-31
서울교통공사,6호선,보문역,보문,서울특별시 성북구 보문로 지하116(보문동1가),37.585426,127.019722,2024-12-31
서울교통공사,6호선,안암역,안암(고대병원앞),서울특별시 성북구 고려대로 지하89(안암동5가),37.586261,127.02903,2024-12-31
서울교통공사,6호선,고려대역,고려대(종암),서울특별시 성북구 종암로 지하1(종암동),37.59034,127.03626,2024-12-31
서울교통공사,6호선,월곡역,월곡(동덕여대),서울특별시 성북구 월곡로 지하107(하월곡동),37.60192,127.041492,2024-12-31
서울교통공사,6호선,상월곡역,상월곡(한국과학기술연구원),서울특별시 성북구 화랑로 지하157(상월곡동),37.606392,127.048509,2024-12-31
서울교통공사,6호선,돌곶이역,돌곶이,서울특별시 성북구 화랑로 지하243(석관동),37.610522,127.056419,2024-12-31
서울교통공사,6호선,석계역,석계,서울특별시 노원구 화랑로 지하 347-1(월계동) ,37.614937,127.065922,2024-12-31
서울교통공사,6호선,태릉입구역,태릉입구,서울특별시 노원구 동일로 지하 992-1(공릉동),37.617319,127.074741,2024-12-31
서울교통공사,6호선,화랑대역,화랑대(서울여대입구),서울특별시 노원구 화랑로 지하510(공릉동),37.619875,127.084106,2024-12-31
서울교통공사,6호선,봉화산역,봉화산(서울의료원),서울특별시 중랑구 신내로 지하232(신내동),37.617429,127.0912326,2024-12-31
서울교통공사,6호선,신내역,신내,서울특별시 중랑구 용마산로136길 33 신내차량기지,37.612571,127.104326,2024-12-31
서울교통공사,7호선,장암역,장암,경기도 의정부시 동일로 121(장암동),37.70015,127.053126,2024-12-31
서울교통공사,7호선,도봉산역,도봉산,서울특별시 도봉구 도봉로 964-40(도봉동),37.689131,127.046548,2024-12-31
서울교통공사,7호선,수락산역,수락산,서울특별시 노원구 동일로 지하1662(상계동),37.677804,127.055314,2024-12-31
서울교통공사,7호선,마들역,마들,서울특별시 노원구 동일로 지하1530-1(상계동),37.664985,127.057701,2024-12-31
서울교통공사,7호선,노원역,노원,서울특별시 노원구 동일로 지하1409(상계동),37.654478,127.060555,2024-12-31
서울교통공사,7호선,중계역,중계,서울특별시 노원구 동일로 지하1308-1(중계동),37.645052,127.064084,2024-12-31
서울교통공사,7호선,하계역,하계,서울특별시 노원구 동일로 지하1196(하계동),37.636363,127.067999,2024-12-31
서울교통공사,7호선,공릉역,공릉(서울과학기술대),서울특별시 노원구 동일로 지하1074(공릉동),37.625642,127.072969,2024-12-31
서울교통공사,7호선,태릉입구역,태릉입구,서울특별시 노원구 동일로 지하 992-1(공릉동),37.618519,127.075361,2024-12-31
서울교통공사,7호선,먹골역,먹골,서울특별시 중랑구 동일로 지하901(묵동),37.610638,127.077719,2024-12-31
서울교통공사,7호선,중화역,중화,서울특별시 중랑구 동일로 지하797(중화동),37.602604,127.079254,2024-12-31
서울교통공사,7호선,상봉역,상봉,서울특별시 중랑구 망우로 297(상봉동),37.595673,127.085708,2024-12-31
서울교통공사,7호선,면목역,면목,서울특별시 중랑구 면목로 지하407(면목동) ,37.588671,127.087503,2024-12-31
서울교통공사,7호선,사가정역,사가정,서울특별시 중랑구 사가정로 지하393(면목동),37.580912,127.088502,2024-12-31
서울교통공사,7호선,용마산역,용마산(용마폭포공원),서울특별시 중랑구 용마산로 지하227(면목동),37.573752,127.086802,2024-12-31
서울교통공사,7호선,중곡역,중곡,서울특별시 광진구 능동로 지하417(중곡동),37.565877,127.084291,2024-12-31
서울교통공사,7호선,군자역,군자(능동),서울특별시 광진구 천호대로 지하550(능동),37.557151,127.079484,2024-12-31
서울교통공사,7호선,어린이대공원역,어린이대공원(세종대),서울특별시 광진구 능동로 지하210(화양동),37.547962,127.07465,2024-12-31
서울교통공사,7호선,건대입구역,건대입구,서울특별시 광진구 능동로 지하110(화양동),37.540882,127.071103,2024-12-31
서울교통공사,7호선,자양역,자양(뚝섬한강공원),서울특별시 광진구 능동로 10(자양동),37.531558,127.066714,2024-12-31
서울교통공사,7호선,청담역,청담,서울특별시 강남구 학동로 지하508(청담동),37.519097,127.051851,2024-12-31
서울교통공사,7호선,강남구청역,강남구청,서울특별시 강남구 학동로 지하346(삼성동),37.517185,127.04122,2024-12-31
서울교통공사,7호선,학동역,학동,서울특별시 강남구 학동로 지하180(논현동),37.514262,127.031738,2024-12-31
서울교통공사,7호선,논현역,논현,서울특별시 강남구 학동로 지하102(논현동),37.511108,127.021385,2024-12-31
서울교통공사,7호선,반포역,반포,서울특별시 서초구 신반포로 지하241(잠원동),37.508171,127.011717,2024-12-31
서울교통공사,7호선,고속터미널역,고속터미널,서울특별시 서초구 신반포로 지하188(반포동),37.503387,127.005055,2024-12-31
서울교통공사,7호선,내방역,내방,서울특별시 서초구 서초대로 지하103(방배동),37.48764,126.993541,2024-12-31
서울교통공사,7호선,이수역,이수,서울특별시 동작구 사당로 지하310(사당동),37.485258,126.981766,2025-12-31
서울교통공사,7호선,총신대입구역,총신대입구(이수),서울특별시 동작구 사당로 지하310(사당동),37.485258,126.981766,2024-12-31
서울교통공사,7호선,남성역,남성,서울특별시 동작구 사당로 지하218(사당동),37.484688,126.971108,2024-12-31
서울교통공사,7호선,숭실대입구역,숭실대입구(살피재),서울특별시 동작구 상도로 지하378(상도동),37.496258,126.953649,2024-12-31
서울교통공사,7호선,상도역,상도,서울특별시 동작구 상도로 지하272(상도1동),37.50279,126.947949,2024-12-31
서울교통공사,7호선,장승배기역,장승배기,서울특별시 동작구 상도로 지하188(상도동) ,37.504845,126.939025,2024-12-31
서울교통공사,7호선,신대방삼거리역,신대방삼거리,서울특별시 동작구 상도로 지하76(대방동),37.499717,126.928218,2024-12-31
서울교통공사,7호선,보라매역,보라매,서울특별시 동작구 상도로 지하2(대방동),37.499916,126.920112,2024-12-31
서울교통공사,7호선,신풍역,신풍,서울특별시 영등포구 신풍로 지하27(신길동),37.500107,126.909806,2024-12-31
서울교통공사,7호선,대림역,대림(구로구청),서울특별시 영등포구 도림로 지하137(대림동),37.492984,126.896997,2024-12-31
서울교통공사,7호선,남구로역,남구로,서울특별시 구로구 도림로 지하7(구로동) ,37.486181,126.887372,2024-12-31
서울교통공사,7호선,가산디지털단지역,가산디지털단지,서울특별시 금천구 벚꽃로 309(가산동),37.480376,126.882704,2024-12-31
서울교통공사,7호선,철산역,철산,경기도 광명시 철산로 지하13(철산동),37.47616,126.868217,2024-12-31
서울교통공사,7호선,광명사거리역,광명사거리,경기도 광명시 오리로 지하980(광명동),37.47927,126.854854,2024-12-31
서울교통공사,7호선,천왕역,천왕,서울특별시 구로구 오리로 지하1154(천왕동),37.486699,126.838684,2024-12-31
서울교통공사,7호선,온수역,온수(성공회대입구),서울특별시 구로구 경인로3길 지하64(온수동),37.492059,126.823294,2024-12-31
서울교통공사,8호선,암사역사공원역,암사역사공원,서울시 강동구 아리수로 27번길 2,37.557167,127.137556,2024-12-31
서울교통공사,8호선,암사역,암사,서울특별시 강동구 올림픽로 지하776(암사동),37.550127,127.127521,2024-12-31
서울교통공사,8호선,천호역,천호(풍납토성),서울특별시 강동구 천호대로 지하997(천호동),37.53792,127.123179,2024-12-31
서울교통공사,8호선,강동구청역,강동구청,서울특별시 강동구 올림픽로 지하550(성내동),37.530348,127.120461,2024-12-31
서울교통공사,8호선,몽촌토성역,몽촌토성(평화의문),서울특별시 송파구 올림픽로 지하383(신천동),37.517692,127.11274,2024-12-31
서울교통공사,8호선,잠실역,잠실(송파구청),서울특별시 송파구 올림픽로 305(신천동),37.514649,127.104267,2024-12-31
서울교통공사,8호선,석촌역,석촌,서울특별시 송파구 송파대로 지하439(석촌동),37.505396,127.106995,2024-12-31
서울교통공사,8호선,송파역,송파,서울특별시 송파구 송파대로 지하354(가락동),37.49978,127.11212,2024-12-31
서울교통공사,8호선,가락시장역,가락시장,서울특별시 송파구 송파대로 지하257(가락동),37.493004,127.118279,2024-12-31
서울교통공사,8호선,문정역,문정,서울특별시 송파구 송파대로 지하179(문정동),37.485931,127.122473,2024-12-31
서울교통공사,8호선,장지역,장지,서울특별시 송파구 송파대로 지하82(장지동),37.478609,127.126229,2024-12-31
서울교통공사,8호선,복정역,복정,서울특별시 송파구 송파대로 지하6(장지동),37.471016,127.126746,2024-12-31
서울교통공사,8호선,남위례역,남위례,경기도 성남시 수정구 공원로 601(복정동),37.462839,127.139047,2024-12-31
서울교통공사,8호선,산성역,산성,경기도 성남시 수정구 수정로 지하365(신흥동),37.456886,127.149927,2024-12-31
서울교통공사,8호선,남한산성입구역,남한산성입구(성남법원·검찰청),경기도 성남시 수정구 산성대로 지하445(단대동),37.451568,127.159845,2024-12-31
서울교통공사,8호선,단대오거리역,단대오거리,경기도 성남시 수정구 산성대로 지하365(신흥동),37.445057,127.156735,2024-12-31
서울교통공사,8호선,신흥역,신흥,경기도 성남시 수정구 산성대로 지하280(신흥동),37.440952,127.14759,2024-12-31
서울교통공사,8호선,수진역,수진,경기도 성남시 수정구 산성대로 지하200(수진동),37.437575,127.140936,2024-12-31
서울교통공사,8호선,모란역,모란,경기도 성남시 수정구 산성대로 지하100(수진동),37.433988,127.129921,2024-12-31
서울교통공사,2호선,용답역,용답,서울특별시 성동구 용답길 86(용답동),37.562066,127.05087863,2024-12-31
서울교통공사,2호선,신답역,신답,서울특별시 성동구 천호대로 232(용답동),37.569847,127.047048,2024-12-31
서울교통공사,2호선,용두역,용두(동대문구청),서울특별시 동대문구 천호대로 지하129(용두동),37.574012,127.03811,2024-12-31
서울교통공사,2호선,신설동역,신설동,서울특별시 동대문구 왕산로 지하 1(신설동),37.574653,127.025158,2024-12-31
서울교통공사,2호선,도림천역,도림천,서울특별시 구로구 경인로67길 160(신도림동),37.5145589,126.882586,2024-12-31
서울교통공사,2호선,양천구청역,양천구청,서울특별시 양천구 목동로3길 지하33(신정동),37.5123294,126.865593,2024-12-31
서울교통공사,2호선,신정네거리역,신정네거리,서울특별시 양천구 중앙로 지하261(신정동),37.520218,126.852849,2024-12-31
서울교통공사,5호선,둔촌동역,둔촌동,서울특별시 강동구 양재대로 지하1369(둔촌동),37.527787,127.136219,2024-12-31
서울교통공사,5호선,올림픽공원역,올림픽공원(한국체대),서울특별시 송파구 양재대로 지하1233(방이동),37.516217,127.130957,2024-12-31
서울교통공사,5호선,방이역,방이,서울특별시 송파구 양재대로 지하1127(방이동),37.508752,127.126054,2024-12-31
서울교통공사,5호선,오금역,오금,서울특별시 송파구 오금로 지하321(오금동),37.502228,127.127701,2024-12-31
서울교통공사,5호선,개롱역,개롱,서울특별시 송파구 오금로 지하402(가락동),37.498097,127.134817,2024-12-31
서울교통공사,5호선,거여역,거여,서울특별시 송파구 오금로 지하499(거여동),37.493208,127.143983,2024-12-31
서울교통공사,5호선,마천역,마천,서울특별시 송파구 마천로57길 지하7(마천동),37.494972,127.152784,2024-12-31
서울시메트로9호선㈜,수도권  도시철도 9호선,언주역,언주,서울특별시 강남구 봉은사로 201,37.507287,127.033868,1900-01-00
서울시메트로9호선㈜,수도권  도시철도 9호선,선정릉역,선정릉,서울특별시 강남구 선릉로 580,37.51028,127.0437593,1900-01-00
서울시메트로9호선㈜,수도권  도시철도 9호선,삼성중앙역,삼성중앙,서울특별시 강남구 봉은사로 501,37.513011,127.053282,1900-01-00
서울시메트로9호선㈜,수도권  도시철도 9호선,봉은사역,봉은사,서울특별시 강남구 봉은사로 601,37.514219,127.060245,1900-01-00
서울시메트로9호선㈜,수도권  도시철도 9호선,종합운동장역,종합운동장,서울특별시 송파구 올림픽로 23,37.511156,127.076917,1900-01-00
서울시메트로9호선㈜,수도권  도시철도 9호선,삼전역,삼전,서울특별시 송파구 백제고분로 지하 187,37.504531,127.087211,5383
서울시메트로9호선㈜,수도권  도시철도 9호선,석촌고분역,석촌고분,서울특별시 송파구 삼학사로 지하 53 ,37.502439,127.096611,5383
서울시메트로9호선㈜,수도권  도시철도 9호선,석촌역,석촌,서울특별시 송파구 석촌동 209,37.505078,127.106944,1900-01-00
서울시메트로9호선㈜,수도권  도시철도 9호선,송파나루역,송파나루,서울특별시 송파구 백제고분로 지하 446,37.51055,127.112451,5383
서울시메트로9호선㈜,수도권  도시철도 9호선,한성백제역,한성백제,서울특별시 송파구 위례성대로 지하 51,37.516369,127.116211,5383
서울시메트로9호선㈜,수도권  도시철도 9호선,올림픽공원역,올림픽공원(한국체대),서울특별시 송파구 양재대로 지하 1233,37.516111,127.130333,5383
서울시메트로9호선㈜,수도권  도시철도 9호선,둔촌오륜역,둔촌오륜,서울특별시 강동구 강동대로 지하 327,37.519339,127.138619,5383
서울시메트로9호선㈜,수도권  도시철도 9호선,중앙보훈병원역,중앙보훈병원,서울특별시 강동구 명일로 지하 117,37.528807,127.148488,5383
서울특별시 서울시메트로9호선㈜,서울 도시철도 9호선,개화역,개화,서울특별시 강서구 개화동로8길 19,37.578591,126.797833,2024-02-29
서울특별시 서울시메트로9호선㈜,서울 도시철도 9호선,김포공항역,김포공항,서울특별시 강서구 하늘길 지하77,37.562056,126.801633,2024-08-31
서울특별시 서울시메트로9호선㈜,서울 도시철도 9호선,공항시장역,공항시장,서울특별시 강서구 방화동로 지하30,37.563726,126.810678,2024-02-29
서울특별시 서울시메트로9호선㈜,서울 도시철도 9호선,신방화역,신방화,서울특별시 강서구 방화대로 지하301,37.5675,126.816667,2024-02-29
서울특별시 서울시메트로9호선㈜,서울 도시철도 9호선,마곡나루역,마곡나루(서울식물원),서울특별시 강서구 마곡중앙5로 지하2,37.566717,126.8276071,2025-03-31
서울특별시 서울시메트로9호선㈜,서울 도시철도 9호선,양천향교역,양천향교,서울특별시 강서구 양천로 지하341,37.568333,126.841389,2024-02-29
서울특별시 서울시메트로9호선㈜,서울 도시철도 9호선,가양역,가양,서울특별시 강서구 양천로 지하485,37.561111,126.855078,2024-02-29
서울특별시 서울시메트로9호선㈜,서울 도시철도 9호선,증미역,증미,서울특별시 강서구 양천로 지하560,37.55785,126.861067,2024-02-29
서울특별시 서울시메트로9호선㈜,서울 도시철도 9호선,등촌역,등촌,서울특별시 강서구 공항대로 지하529,37.551111,126.864722,2024-02-29
서울특별시 서울시메트로9호선㈜,서울 도시철도 9호선,염창역,염창,서울특별시 강서구 공항대로 지하631,37.546944,126.874722,2024-02-29
서울특별시 서울시메트로9호선㈜,서울 도시철도 9호선,신목동역,신목동,서울특별시 양천구 목동중앙로 지하217,37.544167,126.883056,2024-02-29
서울특별시 서울시메트로9호선㈜,서울 도시철도 9호선,선유도역,선유도,서울특별시 영등포구 양평로 지하124,37.537778,126.893889,2024-02-29
서울특별시 서울시메트로9호선㈜,서울 도시철도 9호선,당산역,당산,서울특별시 영등포구 양평로 지하40,37.533844,126.902222,2025-09-30
서울특별시 서울시메트로9호선㈜,서울 도시철도 9호선,국회의사당역,국회의사당,서울특별시 영등포구 국회대로 지하758,37.528105,126.917874,2024-02-29
서울특별시 서울시메트로9호선㈜,서울 도시철도 9호선,여의도역,여의도,서울특별시 영등포구 의사당대로 지하101 (여의도동),37.521744,126.924167,2024-02-29
서울특별시 서울시메트로9호선㈜,서울 도시철도 9호선,샛강역,샛강,서울특별시 영등포구 의사당대로 지하166,37.5173,126.9284,2024-08-31
서울특별시 서울시메트로9호선㈜,서울 도시철도 9호선,노량진역,노량진,서울특별시 동작구 노량진로 지하130,37.513667,126.940917,2024-02-29
서울특별시 서울시메트로9호선㈜,서울 도시철도 9호선,노들역,노들,서울특별시 동작구 노량진로 지하238 (본동),37.512726,126.953096,2024-08-31
서울특별시 서울시메트로9호선㈜,서울 도시철도 9호선,흑석역,흑석(중앙대입구),서울특별시 동작구 현충로 지하90 (흑석동),37.508889,126.963611,2024-05-31
서울특별시 서울시메트로9호선㈜,서울 도시철도 9호선,동작역,동작(현충원),서울특별시 동작구 현충로 지하220 (동작동),37.502878,126.978278,2024-05-31
서울특별시 서울시메트로9호선㈜,서울 도시철도 9호선,구반포역,구반포,서울특별시 서초구 신반포로 지하17,37.501389,126.987222,2024-02-29
서울특별시 서울시메트로9호선㈜,서울 도시철도 9호선,신반포역,신반포,서울특별시 서초구 신반포로 지하105,37.5035033,126.996044,2024-02-29
서울특별시 서울시메트로9호선㈜,서울 도시철도 9호선,고속터미널역,고속터미널,서울특별시 서초구 신반포로 지하188,37.505933,127.004044,2024-08-31
서울특별시 서울시메트로9호선㈜,서울 도시철도 9호선,사평역,사평,서울특별시 서초구 사평대로 지하285,37.504161,127.015219,2024-02-29
서울특별시 서울시메트로9호선㈜,서울 도시철도 9호선,신논현역,신논현,서울특별시 강남구 봉은사로 지하102,37.504444,127.024417,2024-02-29
우이신설경전철운영㈜,우이신설선,북한산우이역,북한산우이,서울특별시 강북구 삼양로 지하 676,37.66284,127.01272,2022-05-25
우이신설경전철운영㈜,우이신설선,솔밭공원역,솔밭공원,서울특별시 강북구 삼양로 595,37.65607,127.01326,2022-05-25
우이신설경전철운영㈜,우이신설선,4.19민주묘지역,4.19민주묘지,서울특별시 강북구 삼양로 519,37.64954,127.01371,2022-05-25
우이신설경전철운영㈜,우이신설선,가오리역,가오리,서울특별시 강북구 삼양로 426,37.64162,127.01681,2022-05-25
우이신설경전철운영㈜,우이신설선,화계역,화계,서울특별시 강북구 삼양로 341,37.63428,127.0175,2022-05-25
우이신설경전철운영㈜,우이신설선,삼양역,삼양,서울특별시 강북구 삼양로 지하 259,37.62706,127.01817,2022-05-25
우이신설경전철운영㈜,우이신설선,삼양사거리역,삼양사거리,서울특별시 강북구 삼양로 197,37.62144,127.02049,2022-05-25
우이신설경전철운영㈜,우이신설선,솔샘역,솔샘,서울특별시 강북구 솔샘로 지하 189,37.62037,127.01357,2022-05-25
우이신설경전철운영㈜,우이신설선,북한산보국문역,북한산보국문,서울특별시 성북구 보국문로 지하 88,37.61233,127.00816,2022-05-25
우이신설경전철운영㈜,우이신설선,정릉역,정릉,서울특별시 성북구 아리랑로 지하 122,37.60278,127.01345,2022-12-08
우이신설경전철운영㈜,우이신설선,성신여대입구역,성신여대입구,서울특별시 성북구 동선동1가 116-1,37.59247,127.01656,2022-05-25
우이신설경전철운영㈜,우이신설선,보문역,보문,서울특별시 성북구 보문동1가 127-6,37.58551,127.01939,2022-05-25
우이신설경전철운영㈜,우이신설선,신설동역,신설동,서울특별시 동대문구 신설동 132-259,37.57659,127.023221,2022-05-25
의정부경량전철㈜,의정부,발곡역,발곡,경기도 의정부시 장곡로 258,37.726983,127.052889,2023-09-04
의정부경량전철㈜,의정부,회룡역,회룡,경기도 의정부시 평화로 363,37.72505255,127.0467864,2023-09-04
의정부경량전철㈜,의정부,범골역,범골,경기도 의정부시 신흥로 141,37.7287279,127.0437202,2023-09-04
의정부경량전철㈜,의정부,경전철의정부역,경전철의정부,경기도 의정부시 신흥로 237,37.73729974,127.043321,2023-09-04
의정부경량전철㈜,의정부,의정부시청역,의정부시청,경기도 의정부시 의정로 69,37.73924874,127.034854,2023-09-04
의정부경량전철㈜,의정부,흥선역,흥선,경기도 의정부시 호국로 1197,37.74322487,127.0371765,2023-09-04
의정부경량전철㈜,의정부,의정부중앙역,의정부중앙,경기도 의정부시 호국로 1305,37.74371903,127.0496332,2023-09-04
의정부경량전철㈜,의정부,동오역,동오,경기도 의정부시 장곡로 471,37.74519123,127.05703,2023-09-04
의정부경량전철㈜,의정부,새말역,새말,경기도 의정부시 장곡로 551,37.74889941,127.063869,2023-09-04
의정부경량전철㈜,의정부,경기도청북부청사역,경기도청북부청사,경기도 의정부시 장곡로 615,37.75073213,127.0714795,2023-09-04
의정부경량전철㈜,의정부,효자역,효자,경기도 의정부시 부용로 159-40,37.75398452,127.0773155,2023-09-04
의정부경량전철㈜,의정부,곤제역,곤제,경기도 의정부시 천보로 173,37.75054343,127.0838651,2023-09-04
의정부경량전철㈜,의정부,어룡역,어룡,경기도 의정부시 충의로 125,37.74272184,127.0852045,2023-09-04
의정부경량전철㈜,의정부,송산역,송산,경기도 의정부시 충의로 59,37.7371698,127.0872755,2023-09-04
의정부경량전철㈜,의정부,탑석역,탑석,경기도 의정부시 충의로 20,37.73355362,127.0889064,2023-09-04
인천광역시 인천국제공항공사,자기부상철도,인천국제공항역,인천국제공항역,인천시 중구 공항로 271,37.447222,126.4525,2023-06-01
인천광역시 인천국제공항공사,자기부상철도,장기주차장역,장기주차장역,인천시 중구 공항로 271,37.44385,126.455671,2023-06-01
인천광역시 인천국제공항공사,자기부상철도,합동청사역,합동청사역,인천시 중구 공항로 271,37.440519,126.458654,2023-06-01
인천광역시 인천국제공항공사,자기부상철도,파라다이스시티역,파라다이스시티역,인천시 중구 공항로 271,37.437217,126.459858,2023-06-01
인천광역시 인천국제공항공사,자기부상철도,워터파크역,워터파크역,인천시 중구 공항로 271,37.429227,126.434183,2023-06-01
인천광역시 인천국제공항공사,자기부상철도,용유역,용유역,인천시 중구 용유로 44,37.424805,126.423637,2023-06-01
인천교통공사,인천지하철 1호선,검단호수공원역,검단호수공원,인천광역시 서구 불로동 608-16,37.6025,126.688056,2025-06-30
인천교통공사,인천지하철 1호선,신검단중앙역,신검단중앙,인천광역시 서구 원당로652,37.6026,126.698611,2025-06-30
인천교통공사,인천지하철 1호선,아라역,"아라(북부법원, 검찰청)",인천광역시 서구 당하동 1238,37.592222,126.713333,2025-06-30
인천교통공사,인천지하철 1호선,계양역,계양,인천광역시 계양구 다남로 24,37.571539,126.736319,2022-04-30
인천교통공사,인천지하철 1호선,귤현역,귤현,인천광역시 계양구 장제로 1136,37.566362,126.742498,2022-04-30
인천교통공사,인천지하철 1호선,박촌역,박촌,인천광역시 계양구 장제로 992,37.553525,126.744946,2022-04-30
인천교통공사,인천지하철 1호선,임학역,임학,인천광역시 계양구 장제로 875,37.545058,126.738642,2022-04-30
인천교통공사,인천지하철 1호선,계산역,계산,인천광역시 계양구 경명대로 1089,37.543243,126.728436,2022-04-30
인천교통공사,인천지하철 1호선,경인교대입구역,경인교대입구,인천광역시 계양구 계양대로 162,37.538272,126.722603,2022-04-30
인천교통공사,인천지하철 1호선,작전역,작전,인천광역시 계양구 게양대로 73,37.530271,126.722548,2022-04-30
인천교통공사,인천지하철 1호선,갈산역,갈산,인천광역시 부평구 부평대로 286,37.517124,126.721566,2022-04-30
인천교통공사,인천지하철 1호선,부평구청역,부평구청,인천광역시 부평구 부평대로 189,37.508768,126.720547,2022-04-30
인천교통공사,인천지하철 1호선,부평시장역,부평시장,인천광역시 부평구 부평대로 69,37.498495,126.722282,2022-04-30
인천교통공사,인천지하철 1호선,부평역,부평,인천광역시 부평구 광장로 15,37.490541,126.723437,2022-04-30
인천교통공사,인천지하철 1호선,동수역,동수,인천광역시 부평구 경인로 877,37.485409,126.718464,2022-04-30
인천교통공사,인천지하철 1호선,부평삼거리역,부평삼거리,인천광역시 부평구 경인로 765,37.478267,126.710494,2022-04-30
인천교통공사,인천지하철 1호선,간석오거리역,간석오거리,인천광역시 남동구 경인로 674,37.466921,126.707861,2022-04-30
인천교통공사,인천지하철 1호선,인천시청역,인천시청,인천광역시 남동구 예술로 264,37.457615,126.702216,2022-04-30
인천교통공사,인천지하철 1호선,예술회관역,예술회관,인천광역시 남동구 예술로 172,37.449334,126.700991,2022-04-30
인천교통공사,인천지하철 1호선,인천터미널역,인천터미널,인천광역시 미추홀구 예술로 85,37.441917,126.699727,2022-04-30
인천교통공사,인천지하철 1호선,문학경기장역,문학경기장,인천광역시 연수구 예술로 2,37.434964,126.698373,2022-04-30
인천교통공사,인천지하철 1호선,선학역,선학,인천광역시 연수구 경원대로 480,37.426985,126.698872,2022-04-30
인천교통공사,인천지하철 1호선,신연수역,신연수,인천광역시 연수구 경원대로 368,37.418032,126.693853,2022-04-30
인천교통공사,인천지하철 1호선,원인재역,원인재,인천광역시 연수구 경원대로 285,37.412364,126.687893,2022-04-30
인천교통공사,인천지하철 1호선,동춘역,동춘,인천광역시 연수구 경원대로 180,37.404676,126.680835,2022-04-30
인천교통공사,인천지하철 1호선,동막역,동막,인천광역시 연수구 경원대로 80,37.398173,126.673561,2022-04-30
인천교통공사,인천지하철 1호선,캠퍼스타운역,캠퍼스타운,인천광역시 연수구 송도국제대로 66,37.388209,126.661985,2022-04-30
인천교통공사,인천지하철 1호선,테크노파크역,테크노파크,인천광역시 연수구 송도국제대로 150,37.382311,126.656355,2022-04-30
인천교통공사,인천지하철 1호선,지식정보단지역,지식정보단지,인천광역시 연수구 인천타워대로 57,37.378021,126.645412,2022-04-30
인천교통공사,인천지하철 1호선,인천대입구역,인천대입구,인천광역시 연수구 인천타워대로 155,37.386239,126.639351,2022-04-30
인천교통공사,인천지하철 1호선,센트럴파크역,센트럴파크,인천광역시 연수구 인천타워대로 240,37.392833,126.635002,2022-04-30
인천교통공사,인천지하철 1호선,국제업무지구역,국제업무지구,인천광역시 연수구 인천타워대로 334,37.400421,126.630105,2022-04-30
인천교통공사,인천지하철 1호선,송도달빛축제공원역,송도달빛축제공원,인천광역시 연수구 송도동 340,37.40687495,126.6260537,2022-04-30
인천교통공사,인천지하철 2호선,검단오류역,검단오류,인천광역시 서구 검단로 187 (오류동),37.5950162,126.62801,2022-04-30
인천교통공사,인천지하철 2호선,왕길역,왕길,인천광역시 서구 검단로 323 (왕길동),37.5950191,126.642284,2022-04-30
인천교통공사,인천지하철 2호선,검단사거리역,검단사거리,인천광역시 서구 검단로 473 (왕길동),37.601693,126.656545,2022-04-30
인천교통공사,인천지하철 2호선,마전역,마전,인천광역시 서구 완정로 68 (마전동),37.597756,126.667195,2022-04-30
인천교통공사,인천지하철 2호선,완정역,완정,인천광역시 서구 원당대로 650 (당하동),37.592867,126.672961,2022-04-30
인천교통공사,인천지하철 2호선,독정역,독정,인천광역시 서구 서곶로 760 (백석동),37.584927,126.675981,2022-04-30
인천교통공사,인천지하철 2호선,검암역,검암,인천광역시 서구 검바위로 4 (검암동),37.568611,126.675682,2022-04-30
인천교통공사,인천지하철 2호선,검바위역,검바위,인천광역시 서구 서곶로 492 (검암동),37.561091,126.677529,2022-04-30
인천교통공사,인천지하철 2호선,아시아드경기장역,아시아드경기장,인천광역시 서구 서곶로 382 (연희동),37.551373,126.677075,2022-04-30
인천교통공사,인천지하철 2호선,서구청역,서구청,인천광역시 서구 서곶로 294 (심곡동),37.543839,126.676795,2022-04-30
인천교통공사,인천지하철 2호선,가정역,가정(루원시티),인천광역시 서구 봉오대로 234 (가정동),37.524805,126.675387,2022-04-30
인천교통공사,인천지하철 2호선,가정중앙시장역,가정중앙시장,인천광역시 서구 가남로 400 (가정동),37.517511,126.676784,2022-04-30
인천교통공사,인천지하철 2호선,석남역,석남(거북시장),인천광역시 서구 가석로 257 (석남동),37.507211,126.676304,2022-04-30
인천교통공사,인천지하철 2호선,서부여성회관역,서부여성회관,인천광역시 서구 가석로 169 (석남동),37.500298,126.675875,2022-04-30
인천교통공사,인천지하철 2호선,인천가좌역,인천가좌,인천광역시 서구 가석로 67 (가좌동),37.489962,126.675284,2022-04-30
인천교통공사,인천지하철 2호선,가재울역,가재울,인천광역시 서구 열우물로 252 (가좌동),37.484152,126.683883,2022-04-30
인천교통공사,인천지하철 2호선,주안국가산단역,주안국가산단,인천광역시 서구 방축로 343 (가좌동),37.473599,126.681102,2022-04-30
인천교통공사,인천지하철 2호선,주안역,주안,인천광역시 미추홀구 주안로 지하 91-1 (주안동),37.465234,126.679041,2022-04-30
인천교통공사,인천지하철 2호선,시민공원역,시민공원,인천광역시 미추홀구 경인로 371 (주안동),37.458339,126.6810091,2022-04-30
인천교통공사,인천지하철 2호선,석바위시장역,석바위시장,인천광역시 미추홀구 구월로 19 (주안동),37.457659,126.692387,2022-04-30
인천교통공사,인천지하철 2호선,인천시청역,인천시청,인천광역시 남동구 구월로 지하 99 (간석동),37.456904,126.701523,2022-04-30
인천교통공사,인천지하철 2호선,석천사거리역,석천사거리,인천광역시 남동구 구월로 지하 181 (구월동),37.4569323,126.710383,2022-04-30
인천교통공사,인천지하철 2호선,모래내시장역,모래내시장,인천광역시 남동구 구월로 지하 255 (구월동),37.455842,126.719578,2022-04-30
인천교통공사,인천지하철 2호선,만수역,만수,인천광역시 남동구 구월로 지하 367 (만수동),37.454962,126.731764,2022-04-30
인천교통공사,인천지하철 2호선,남동구청역,남동구청,인천광역시 남동구 인주대로 지하 889 (만수동),37.448179,126.736581,2022-04-30
인천교통공사,인천지하철 2호선,인천대공원역,인천대공원,인천광역시 남동구 수인로 3677 (장수동),37.448475,126.753051,2022-04-30
인천교통공사,인천지하철 2호선,운연역,운연,인천광역시 남동구 매소홀로 1229 (운연동),37.439533,126.759609,2022-04-30
인천교통공사,도시철도 7호선,까치울역,까치울,경기도 부천시 원미구 길주로 지하 626 (춘의동),37.506236,126.81095,2022-04-30
인천교통공사,도시철도 7호선,부천종합운동장역,부천종합운동장,경기도 부천시 원미구 길주로 지하 502 (춘의동),37.505381,126.79735,2022-04-30
인천교통공사,도시철도 7호선,춘의역,춘의,경기도 부천시 원미구 길주로 지하 406 (춘의동),37.50365,126.787069,2022-04-30
인천교통공사,도시철도 7호선,신중동역,신중동,경기도 부천시 원미구 길주로 지하 314 (중동),37.503081,126.776161,2022-04-30
인천교통공사,도시철도 7호선,부천시청역,부천시청,경기도 부천시 원미구 길주로 지하 202 (중동),37.504611,126.763561,2022-04-30
인천교통공사,도시철도 7호선,상동역,상동,경기도 부천시 원미구 길주로 지하 104 (상동),37.505769,126.753081,2022-04-30
인천교통공사,도시철도 7호선,삼산체육관역,삼산체육관,인천광역시 부평구 길주로 지하 713 (삼산동),37.506431,126.742081,2022-04-30
인천교통공사,도시철도 7호선,굴포천역,굴포천,인천광역시 부평구 길주로 지하 623 (삼산동),37.50695,126.731481,2022-04-30
인천교통공사,도시철도 7호선,부평구청역,부평구청,인천광역시 부평구 길주로 지하 527 (갈산동),37.507523,126.721356,2022-04-30
인천교통공사,도시철도 7호선,산곡역,산곡,인천광역시 부평구 길주로 지하 379 (산곡동),37.508547,126.70351,2022-04-30
인천교통공사,도시철도 7호선,석남역,석남(거북시장),인천광역시 서구 길주로 지하 120 (석남동),37.506208,126.676213,2022-04-30
한국철도공사,경부선,남영역,남영역,서울시 용산구 한강대로 77길 25(갈월동),37.540597,126.971171,2025-04-08
한국철도공사,경부선,용산역,용산역,서울시 용산구 한강대로 23길 55(한강로 3가 40-999),37.52989,126.964775,2025-04-08
한국철도공사,경원선,용산역,용산역,서울시 용산구 한강대로 23길 55(한강로 3가 40-999),37.52989,126.964775,2025-04-08
한국철도공사,경부선,노량진역,노량진역,서울시 동작구 노량진로 151,37.514072,126.941671,2025-04-08
한국철도공사,경부선,대방역,대방역,서울시 영등포구 여의대방로 300,37.513392,126.926407,2025-04-08
한국철도공사,경부선,영등포역,영등포역,서울시 영등포구 경인로 846(영등포동 1가 618-496),37.515756,126.907411,2025-04-08
한국철도공사,경부선,신도림역,신도림역,서울시 구로구 새말로 117-21,37.508983,126.891513,2025-04-08
한국철도공사,경원선,이촌역,이촌역,서울시 용산구 이촌로 71길 42,37.522476,126.973816,2025-04-08
한국철도공사,경원선,서빙고역,서빙고역,서울시 용산구 서빙고로 238(서빙고동 241-11),37.51961,126.988358,2025-04-08
한국철도공사,경원선,한남역,한남역,서울시 용산구 독서당로6길 12-13(한남동),37.529361,127.008984,2025-04-08
한국철도공사,경원선,옥수역,옥수역,서울시 성동구 동호로 지하21(옥수동),37.540514,127.018698,2025-04-08
한국철도공사,경원선,응봉역,응봉역,서울시 성동구 고산자로 123(응봉동),37.550433,127.034824,2025-04-08
한국철도공사,경원선,왕십리역,왕십리역,서울시 성동구 왕십리 광장로 17(행당동),37.561728,127.038405,2025-04-08
한국철도공사,분당선,왕십리역,왕십리역,서울시 성동구 왕십리 광장로 17(행당동),37.5610128,127.038705,2025-04-08
한국철도공사,경원선,청량리역,청량리역,서울시 동대문구 왕산로 214,37.580543,127.048077,2025-04-08
한국철도공사,경의중앙선,청량리역,청량리역,서울시 동대문구 왕산로 214,37.580043,127.047588,2025-04-08
한국철도공사,경원선,회기역,회기역,서울시 동대문구 회기로196(휘경동 317-101),37.589602,127.057936,2025-04-08
한국철도공사,경의중앙선,회기역,회기역,서울시 동대문구 회기로196(휘경동 317-101),37.589802,127.057936,2025-04-08
한국철도공사,경원선,외대앞역,외대앞역,서울시 동대문구 휘경로 27(이문동 360-5),37.596157,127.063572,2025-04-08
한국철도공사,경원선,신이문역,신이문역,서울시 동대문구 한천로 472(이문로 7),37.601829,127.067347,2025-04-08
한국철도공사,경원선,석계역,석계역,서울시 노원구 화랑로 341(월계동 36-4),37.615206,127.065594,2025-04-08
한국철도공사,경원선,광운대역,광운대역,서울시 노원구 석계로 98-2(광운대역),37.62357,127.06181,2025-04-08
한국철도공사,경의중앙선,광운대역,광운대역,서울시 노원구 석계로 98-2(광운대역),37.6239,127.062,2025-04-08
한국철도공사,경춘선,광운대역,광운대역,서울시 노원구 석계로 98-2(광운대역),37.623635,127.061975,2025-12-31
한국철도공사,경원선,월계역,월계역,서울시 노원구 월계로 53길 40(월계2동 261),37.633114,127.058835,2025-04-08
한국철도공사,경원선,녹천역,녹천역,서울시 도봉구 덕릉로 376(창동),37.644599,127.051406,2025-04-08
한국철도공사,경원선,창동역,창동역,서울시 도봉구 마들로 11길 77(창1동 135-86),37.653181,127.047663,2025-04-08
한국철도공사,분당선,선릉역,선릉역,서울시 강남구 테헤란로 지하 340,37.504479,127.048941,2025-04-08
한국철도공사,분당선,한티역,한티역,서울시 강남구 선릉로 지하 228,37.496208,127.052883,2025-04-08
한국철도공사,분당선,도곡역,도곡역,서울시 강남구 남부순환로 지하 2814,37.490914,127.055393,2025-04-08
한국철도공사,분당선,구룡역,구룡역,서울시 강남구 개포동 175-3,37.486985,127.059496,2025-04-08
한국철도공사,분당선,개포동역,개포동역,서울시 강남구 개포동 지하 420(개포동),37.489112,127.066027,2025-04-08
한국철도공사,분당선,대모산입구역,대모산입구역,서울특별시 강남구 개포로 522,37.491347,127.072702,2025-04-08
한국철도공사,분당선,수서역,수서역,서울시 강남구 광평로 지하 270(수서동),37.487633,127.101118,2025-04-08
한국철도공사,분당선,복정역,복정역,서울특별시 송파구 송파대로 6,37.469753,127.126627,2025-04-08
한국철도공사,경부선,신길역,신길역,서울시 영등포구 영등포로 327,37.517018,126.917743,2025-04-08
한국철도공사,경의중앙선,중랑역,중랑역,서울특별시 중랑구 중랑역로 9,37.594948,127.076152,2025-04-08
한국철도공사,경춘선,중랑역,중랑역,서울특별시 중랑구 중랑역로 9,37.594948,127.076152,2025-12-31
한국철도공사,경의중앙선,상봉역,상봉역,서울시 중랑구 망우로 297(상봉1동 100-9번지),37.596754,127.085553,2025-04-08
한국철도공사,경춘선,상봉역,상봉역,서울시 중랑구 망우로 297(상봉1동 100-9번지),37.595254,127.085853,2025-12-31
한국철도공사,경의중앙선,망우역,망우역,서울시 중랑구 망우로 55길 11-10,37.599288,127.092318,2025-04-08
한국철도공사,경춘선,망우역,망우역,서울시 중랑구 망우로 55길 11-10,37.599988,127.092031,2025-04-08
한국철도공사,경의중앙선,양원역,양원역,서울시 중랑구 송림길 147(망우동),36.963729,129.091321,2025-04-08
한국철도공사,경의중앙선,구리역,구리역,경기도 구리시 건원대로 34번길 32-29(인창동 244-2),37.60326,127.143373,2025-04-08
한국철도공사,경의중앙선,도농역,도농역,경기도 남양주시 경춘로 433(도농동 56-1),37.608756,127.161105,2025-04-08
한국철도공사,경의중앙선,양정역,양정역,경기도 남양주시 경강로 237(이패동 398-32),37.604269,127.194602,2025-04-08
한국철도공사,경의중앙선,덕소역,덕소역,경기도 남양주시 와부읍 덕서로 56(덕소리 590-17),37.586892,127.208835,2025-04-08
한국철도공사,경의중앙선,도심역,도심역,경기도 남양주시 와부읍 덕소로 237(도곡리 1024-2),37.579628,127.222798,2025-04-08
한국철도공사,경의중앙선,팔당역,팔당역,경기도 남양주시 와부읍 팔당로 107번길,37.547321,127.243896,2025-04-08
한국철도공사,경의중앙선,운길산역,운길산역,경기도 남양주시 조안면 운길산로 20,37.554659,127.310089,2025-04-08
한국철도공사,경의중앙선,양수역,양수역,경기도 양평군 양서면 목왕로 55-10,37.545998,127.328948,2025-04-08
한국철도공사,경의중앙선,신원역,신원역,경기도 양평군 양서면 신원역길 7  _x000D_,37.525921,127.372745,2025-04-08
한국철도공사,경의중앙선,국수역,국수역,경기도 양평군 양서면 국수역길 45,37.516171,127.399402,2025-04-08
한국철도공사,경의중앙선,아신역,아신역,경기도 양평군 옥천면 아신역길 1길 23-3,37.513954,127.443238,2025-04-08
한국철도공사,경의중앙선,오빈역,오빈역,경기도 양평군 양평읍 덕바위길 58,37.506061,127.474053,2025-04-08
한국철도공사,경의중앙선,양평역,양평역,경기도 양평군 양평읍 역전길 30,37.492674,127.491858,2025-04-08
한국철도공사,경의중앙선,원덕역,원덕역,경기도 양평군 양평읍 원덕흑천길 138,37.468585,127.547468,2025-04-08
한국철도공사,경의중앙선,용문역,용문역,경기도 양평군 용문면 다문리 748-2,37.482085,127.594251,2025-04-08
한국철도공사,경의중앙선,지평역,지평역,경기도 양평군 지평면 지평역길 32,37.476496,127.629681,2025-04-08
한국철도공사,경의중앙선,서울역,서울역(경의선),서울시 중구 한강대로 405,37.556713,126.97138700000001,2025-04-08
한국철도공사,경의중앙선,신촌역,신촌역,서울특별시 서대문구 신촌역로 30 신촌민자역사,37.559768,126.942308,2025-04-08
한국철도공사,경의중앙선,효창공원앞역,효창공원앞역,서울시 용산구 용문동 5-157,37.538789,126.962339,2025-04-08
한국철도공사,경의중앙선,공덕역,공덕역,서울시 마포구 공덕동 마포대로 92,37.542711,126.952134,2025-04-08
한국철도공사,경의중앙선,서강대역,서강대역,서울시 마포구 서강로 지하 118,37.552132,126.935389,2025-04-08
한국철도공사,경의중앙선,홍대입구역,홍대입구역,서울시 마포구 양화로 지하 188,37.55758,126.926833,2025-04-08
한국철도공사,경의중앙선,가좌역,가좌역,서울시 서대문구 수색로 27(남가좌동),37.568611,126.914841,2025-04-08
한국철도공사,경의중앙선,디지털미디어시티역,디지털미디어시티역,서울시 은평구 수색로 193(수색동 37-2),37.577964,126.900421,2025-04-08
한국철도공사,경의중앙선,수색역,수색역,서울시 은평구 수색로 261-1,37.580855,126.895681,2025-04-08
한국철도공사,경의중앙선,한국항공대역,한국항공대,경기도 고양시 덕양구 화랑로 53(화전동 183-10),37.603102,126.868291,2025-04-08
한국철도공사,경의중앙선,강매역,강매역,경기도 고양시 덕양구 소원로 202,37.612396,126.844537,2025-04-08
한국철도공사,경의중앙선,행신역,행신역,경기도 고양시 덕양구 행신동 충경로 124번지(행신2동 812),37.612125,126.834063,2025-04-08
한국철도공사,경의중앙선,능곡역,능곡역,경기도 고양시 덕양구 토당로 35(토당동 454-3),37.618741,126.82089,2025-04-08
한국철도공사,서해선,능곡역,능곡역,경기도 고양시 덕양구 토당로 35(토당동 454-3),37.618741,126.8206,2025-04-08
한국철도공사,경의중앙선,곡산역,곡산역,경기도 고양시 일산동구 경의로 160(백석동),37.645729,126.801877,2025-04-08
한국철도공사,서해선,곡산역,곡산역,경기도 고양시 일산동구 경의로 160(백석동),37.645729,126.801877,2024-12-31
한국철도공사,경의중앙선,백마역,백마역,경기도 고양시 일산동구 경의로 318(풍동 482-8),37.658346,126.794401,2025-04-08
한국철도공사,서해선,백마역,백마역,경기도 고양시 일산동구 경의로 318(풍동 482-8),37.658346,126.794401,2024-12-31
한국철도공사,경의중앙선,풍산역,풍산역,경기도 고양시 일산동구 경의로 486(풍동),37.672173,126.786355,2025-04-08
한국철도공사,서해선,풍산역,풍산역,경기도 고양시 일산동구 경의로 486(풍동),37.672173,126.786355,2024-12-31
한국철도공사,경의중앙선,일산역,일산역,경기도 고양시 일산서구 경의로 672,37.682231,126.769521,2025-04-08
한국철도공사,서해선,일산역,일산역,경기도 고양시 일산서구 경의로 672,37.682231,126.769521,2024-12-31
한국철도공사,경의중앙선,탄현역,탄현역,경기도 고양시 일산서구 경의로 856(덕이동),37.694114,126.761075,2025-04-08
한국철도공사,경의중앙선,야당역,야당역,경기도 파주시 소리천로 10,37.712749,126.761535,2025-04-08
한국철도공사,경의중앙선,운정역,운정역,경기도 파주시 운정역길 368(야당동 299-4번지),37.725441000000004,126.767076,2025-04-08
한국철도공사,경의중앙선,금릉역,금릉역,경기도 파주시 금릉역로85,37.751295,126.765401,2025-04-08
한국철도공사,경의중앙선,금촌역,금촌역,경기도 파주시 새꽃로 193,37.766106,126.774515,2025-04-08
한국철도공사,경의중앙선,월롱역,월롱역,경기도 파주시 월롱면 통일로 980,37.796201,126.792574,2025-04-08
한국철도공사,경의중앙선,파주역,파주역,경기도 파주시 파주읍 주라위길 38,37.815391,126.792426,2025-04-08
한국철도공사,경의중앙선,문산역,문산역,경기도 파주시 문산읍 문산역로 94,37.854565,126.787531,2025-04-08
한국철도공사,경의중앙선,임진강역,임진강역,경기도 파주시 문산읍 임진각로 115(문산읍),37.888364,126.746777,2025-04-08
한국철도공사,경의중앙선,운천역,운천역,경기도 파주시 문산읍 통일로2033번길3,37.880008,126.769713,2025-04-08
한국철도공사,경춘선,신내역,신내역,서울시 중랑구 망우동 320-2,37.612855,127.103277,2025-04-08
한국철도공사,경춘선,갈매역,갈매역,경기도 구리시 갈매동 경춘북로 229(갈매동 502-18),37.634135,127.114803,2025-04-08
한국철도공사,경춘선,별내역,별내역,경기도 남양주시 경춘북로 375(별내동 182-5),37.642221,127.127208,2025-04-08
한국철도공사,경춘선,퇴계원역,퇴계원역,경기도 남양주시 퇴계원면 경춘북로 545(퇴계원리 218-8),37.648316,127.143858,2025-04-08
한국철도공사,경춘선,사릉역,사릉역,경기도 남양주시 진건읍 진건우회로 72-8(사능리 590-2),37.651145,127.176839,2025-04-08
한국철도공사,경춘선,금곡역,금곡역,경기도 남양주시 경춘로 903(금곡동 404-276),37.637414,127.207931,2025-04-08
한국철도공사,경춘선,평내호평역,평내호평역,경기도 남양주시 경춘로 1375(평내동 156),37.653229,127.244452,2025-04-08
한국철도공사,경춘선,천마산역,천마산역,경기도 남양주시 화도읍 묵현로 25번길 37,37.658995,127.285731,2025-04-08
한국철도공사,경춘선,마석역,마석역,경기도 남양주시 화도읍 마석우리 241-4,37.652328,127.311713,2025-04-08
한국철도공사,경춘선,대성리역,대성리역,경기도 가평군 청평면 경춘로 88(대성리 393),37.683909,127.379165,2025-04-08
한국철도공사,경춘선,청평역,청평역,경기도 가평군 청평면 청평역로 97-33(청평리 125-1),37.735484,127.426541,2025-04-08
한국철도공사,경춘선,상천역,상천역,경기도 가평군 청평면 상천역로 29(상천리 1261),37.770305,127.4542,2025-04-08
한국철도공사,경춘선,가평역,가평역,경기도 가평군 가평읍 문화로 13-42(달전리 567),37.814515,127.510693,2025-04-08
한국철도공사,경춘선,굴봉산역,굴봉산역,강원도 춘천시 남산면 서백길 192(백양리 588-30),37.832086,127.557732,2025-04-08
한국철도공사,경춘선,백양리역,백양리역,강원도 춘천시 남산면 북한강변길 690(강촌리 680-7),37.830881,127.589085,2025-04-08
한국철도공사,경춘선,강촌역,강촌역,강원도 춘춘시 남산면 강촌로 150(방곡리 409),37.805728,127.634054,2025-04-08
한국철도공사,경춘선,김유정역,김유정역,강원도 춘천시 신동면 김유정로 1435(신동면 증리 859-3),37.818475,127.714302,2025-04-08
한국철도공사,경춘선,남춘천역,남춘천역,강원도 춘천시 영서로 2260(퇴계동 633-2),37.864071,127.723761,2025-04-08
한국철도공사,경춘선,춘천역,춘천역,강원도 춘천시 평화로 1(근화동 190),37.884391,127.716603,2025-04-08
한국철도공사,장항선,봉명역,봉명역,충남 천안시 동남구 차돌로 51(봉명동 20-2),36.801578,127.136319,2025-04-08
한국철도공사,장항선,쌍용(나사렛대)역,쌍용(나사렛대)역,충청남도 천안시 서북구 쌍용19로 20  _x000D_,36.793745,127.121363,2025-04-08
한국철도공사,장항선,아산역,아산역,충남 아산시 배방읍 희망로 90(장재리 325-3),36.792195,127.104384,2025-04-08
한국철도공사,장항선,탕정역,탕정역,충청남도 아산시 탕정면 매곡중앙6로 11,36.788272,127.084446,2025-04-08
한국철도공사,장항선,배방역,배방역,충남 아산시 배방읍 온천대로 1967,36.777541,127.052751,2025-04-08
한국철도공사,장항선,온양온천역,온양온천역,충남 아산시 온천대로 1496(온천동 56-9),36.780419,127.003707,2025-04-08
한국철도공사,장항선,신창(순천향대)역,신창(순천향대)역,충남 아산시 신창면 행목로 50,36.769213,126.950129,2025-04-08
한국철도공사,안산과천선,선바위역,선바위역,경기도 과천시 중앙로 440,37.451854,127.002164,2025-04-08
한국철도공사,안산과천선,경마공원역,경마공원역,경기도 과천시 경마공원대로 105,37.443987,127.007899,2025-04-08
한국철도공사,안산과천선,대공원역,대공원역,경기도 과천시 대공원로 50,37.435724,127.006474,2025-04-08
한국철도공사,안산과천선,과천역,과천역,경기도 과천시 별양로 지하 177,37.432805,126.996404,2025-04-08
한국철도공사,안산과천선,정부과천청사역,정부과천청사역,경기도 과천시 중앙로 지하 100,37.426445,126.989802,2025-04-08
한국철도공사,안산과천선,인덕원역,인덕원역,경기도 안양시 동안구 흥안대로 529,37.401901,126.976718,2025-04-08
한국철도공사,안산과천선,평촌역,평촌역,경기도 안양시 동안구 부림로 지하 123,37.394346,126.963881,2025-04-08
한국철도공사,안산과천선,범계역,범계역,경기도 안양시 동안구 동안로 지하 130,37.389783,126.950752,2025-04-08
한국철도공사,경강선,판교역,판교역,경기도 성남시 분당구 판교역로 160,37.394798,127.111135,2025-04-08
한국철도공사,경강선,이매역,이매역,경기도 성남시 분당구 성남대로 738,37.394736,127.127048,2025-04-08
한국철도공사,경강선,삼동역,삼동역,경기도 광주시 순암로 451,37.408731,127.203447,2025-04-08
한국철도공사,경강선,경기광주역,경기광주역,경기도 광주시 광주역로 10 경기광주역사,37.398974,127.253201,2025-04-08
한국철도공사,경강선,초월역,초월역,경기도 광주시 초월읍 경충대로 1066,37.373389,127.299996,2025-04-08
한국철도공사,경강선,곤지암역,곤지암역,경기도 광주시 곤지암천로 333,37.350525,127.346186,2025-04-08
한국철도공사,경강선,신둔도예촌역,신둔도예촌역,경기도 이천시 신둔면 남정로 55,37.315499,127.405251,2025-04-08
한국철도공사,경강선,이천역,이천역,경기도 이천시 이섭대천로 1063,37.264222,127.442135,2025-04-08
한국철도공사,경강선,부발역,부발역,경기도 이천시 부발읍 신아로 87,37.260411,127.490303,2025-04-08
한국철도공사,경강선,세종대왕릉역,세종대왕릉역,경기도 여주시 능서면 양화로 877,37.293636,127.570764,2025-04-08
한국철도공사,경강선,여주역,여주역,경기도 여주시 교동로 80(교동 403-1),37.282881,127.628571,2025-04-08
한국철도공사,경강선,성남역,성남역,경기도 성남시 분당구 백현동 545-1,37.394709,127.11949,2025-04-08
한국철도공사,경부선,구로역,구로역,서울시 구로구 구로중앙로 174,37.503178,126.882037,2025-04-08
한국철도공사,경부선,가산디지털단지역,가산디지털단지역,서울시 금천구 벚꽃로 309,37.481568,126.882628,2025-04-08
한국철도공사,경부선,금천구청역,금천구청역,서울시 금천구 시흥대로 63길 91,37.45576,126.894344,2025-04-08
한국철도공사,경부선,석수역,석수역,경기도 안양시 만안구 경수대로 1431,37.435161,126.902233,2025-04-08
한국철도공사,경부선,관악역,관악역,경기도 안양시 만안구 경수대로 1273번길 46,37.419578,126.908476,2025-04-08
한국철도공사,경부선,안양역,안양역,경기도 안양시 만안구 만안로 232,37.401929,126.922647,2025-04-08
한국철도공사,경부선,명학역,명학역,경기도 안양시 만안구 만안로 20,37.384435,126.935579,2025-04-08
한국철도공사,경부선,금정역,금정역,경기도 군포시 군포로 750,37.371957,126.943411,2025-04-08
한국철도공사,안산과천선,금정역,금정역,경기도 군포시 군포로 750,37.371957,126.943611,2025-04-08
한국철도공사,경부선,군포역,군포역,경기도 군포시 군포역1길 27,37.353732,126.948517,2025-04-08
한국철도공사,경부선,의왕역,의왕역,경기도 의왕시 철도박물관로 66(삼동),37.320648,126.948099,2025-04-08
한국철도공사,경부선,성균관대역,성균관대역,경기도 수원시 장안구 서부로 2149,37.300344,126.970861,2025-04-08
한국철도공사,경부선,화서역,화서역,경기도 수원시 팔달구 덕영대로 692,37.28399,126.989581,2025-04-08
한국철도공사,경부선,수원역,수원역,경기도 수원시 팔달구 덕영대로 924,37.266162,126.999821,2025-04-08
한국철도공사,경부선,독산역,독산역,서울시 금천구 벚꽃로 115,37.465994,126.889508,2025-04-08
한국철도공사,경부선,세류역,세류역,경기도 수원시 권선구 정조로 393-1,37.244102,127.013772,2025-04-08
한국철도공사,경부선,병점역,병점역,경기도 화성시 떡전골로 97,37.206821,127.033268,2025-04-08
한국철도공사,경부선,세마역,세마역,경기도 오산시 세마역로 88,37.187288,127.043279,2025-04-08
한국철도공사,경부선,오산대역,오산대역,경기도 오산시 청학로 236,37.169401,127.063081,2025-04-08
한국철도공사,경부선,오산역,오산역,경기도 오산시 오산동 역광장로 59,37.145472,127.066708,2025-04-08
한국철도공사,경부선,진위역,진위역,경기도 평택시 경기대로 1855,37.109771,127.062342,2025-04-08
한국철도공사,경부선,송탄역,송탄역,경기도 평택시 신장동 송탄공원로 43,37.075376,127.054397,2025-04-08
한국철도공사,경부선,서정리역,서정리역,경기도 평택시 탄현로 51,37.056459,127.052844,2025-04-08
한국철도공사,경부선,평택지제역,평택지제역,경기도 평택시 경기대로 777,37.018822,127.070269,2025-04-08
한국철도공사,경부선,평택역,평택역,경기도 평택시 평택로 51,36.990559,127.085496,2025-04-08
한국철도공사,경부선,성환역,성환역,충남 천안시 서북구 성환읍 성환1로 237-5(성환리 449-128),36.915781,127.127007,2025-04-08
한국철도공사,경부선,직산역,직산역,충남 천안시 서북구 직산읍 천안대로 1471-33,36.870921,127.143774,2025-04-08
한국철도공사,경부선,두정역,두정역,충남 천안시 서북구 두정로 289(두정동 84-1),36.833791,127.148905,2025-04-08
한국철도공사,경부선,천안역,천안역,충남 천안시 동남구 대흥로 239(대흥동 57-1),36.810238,127.146417,2025-04-08
한국철도공사,경부선,당정역,당정역,경기도 군포시 당정역로 91,37.34338,126.948388,2025-04-08
한국철도공사,경부선,서동탄역,서동탄역,경기도 오산시 외삼미로 15번길 75-60,37.195675,127.051893,2025-04-08
한국철도공사,경부선,광명역,광명역,경기도 광명시 광명역로 21,37.415995,126.884523,2025-04-08
한국철도공사,안산과천선,산본역,산본역,경기도 군포시 번영로 504,37.358019,126.932969,2025-04-08
한국철도공사,안산과천선,대야미역,대야미역,경기도 군포시 대야1로 28,37.328304,126.917161,2025-04-08
한국철도공사,안산과천선,반월역,반월역,경기도 안산시 상록구 건건로 119-10,37.312244,126.903684,2025-04-08
한국철도공사,안산과천선,상록수역,상록수역,경기도 안산시 상록구 상록수로 61,37.302845,126.866533,2025-04-08
한국철도공사,수인선,한대앞역,한대앞역,경기도 안산시 상록구 충장로 337,37.309985,126.853506,2025-04-08
한국철도공사,안산과천선,한대앞역,한대앞역,경기도 안산시 상록구 충장로 337,37.309685,126.853656,2025-04-08
한국철도공사,수인선,중앙역,중앙역,경기도 안산시 단원구 중앙대로 918,37.316055,126.838532,2025-04-08
한국철도공사,안산과천선,중앙역,중앙역,경기도 안산시 단원구 중앙대로 918,37.316055,126.838532,2025-04-08
한국철도공사,수인선,고잔역,고잔역,경기도 안산시 단원구 중앙대로 784 ,37.316821,126.823094,2025-04-08
한국철도공사,안산과천선,고잔역,고잔역,경기도 안산시 단원구 중앙대로 784,37.316821,126.823094,2025-04-08
한국철도공사,수인선,초지역,초지역,경기도 안산시 단원구 중앙대로 620,37.320583,126.806151,2025-04-08
한국철도공사,안산과천선,초지역,초지역,경기도 안산시 단원구 중앙대로 620,37.320583,126.806151,2025-04-08
한국철도공사,수인선,안산역,안산역,경기도 안산시 단원구 중앙대로 462,37.327006,126.788748,2025-04-08
한국철도공사,안산과천선,안산역,안산역,경기도 안산시 단원구 중앙대로 462,37.327006,126.788748,2025-04-08
한국철도공사,수인선,능길역,능길역,경기도 안산시 단원구 황고개로 2,37.337488,126.767306,2025-04-08
한국철도공사,안산과천선,능길역,능길역,경기도 안산시 단원구 황고개로 2,37.337488,126.767306,2025-04-08
한국철도공사,수인선,정왕역,정왕역,경기도 시흥시 마유로 418길 15,37.351816,126.742844,2025-04-08
한국철도공사,안산과천선,정왕역,정왕역,경기도 시흥시 마유로 418길 15,37.351816,126.742844,2025-04-08
한국철도공사,수인선,오이도역,오이도역,경기도 시흥시 역전로 430,37.361773,126.738437,2025-04-08
한국철도공사,안산과천선,오이도역,오이도역,경기도 시흥시 역전로 430,37.361773,126.738437,2025-04-08
한국철도공사,안산과천선,수리산역,수리산역,경기도 군포시 번영로 385,37.350297,126.925537,2025-04-08
한국철도공사,경인선,개봉역,개봉역,서울시 구로구 경인로 40길 47,37.494698,126.858504,2025-04-08
한국철도공사,경인선,오류동역,오류동역,서울시 구로구 경인로 20길 13,37.4944,126.844551,2025-04-08
한국철도공사,경인선,역곡역,역곡역,경기도 부천시 원미구 역곡로 1(역곡동),37.48514,126.811622,2025-04-08
한국철도공사,경인선,부천역,부천역,경기도 부천시 소사구 부천로 1,37.484066,126.782779,2025-04-08
한국철도공사,경인선,송내역,송내역,경기도 부천시 소사구 송내대로 43,37.487626,126.753045,2025-04-08
한국철도공사,경인선,부평역,부평역,인천시 부평구 광장로 16,37.489457,126.724584,2025-04-08
한국철도공사,경인선,백운역,백운역,인천시 부평구 마장로 55번길 14,37.483301,126.707179,2025-04-08
한국철도공사,경인선,동암역,동암역,인천시 부평구 동암광장로 10,37.470835,126.703016,2025-04-08
한국철도공사,경인선,주안역,주안역,인천시 남구 주안로 95-19,37.465041,126.680702,2025-04-08
한국철도공사,경인선,주안역,주안역,인천시 남구 주안로 95-19,37.465041,126.680702,2025-12-31
한국철도공사,경인선,제물포역,제물포역,인천시 남구 경인로 129,37.466809,126.657165,2025-04-08
한국철도공사,경인선,동인천역,동인천역,인천시 중구 참외전로 119,37.475414,126.632598,2025-04-08
한국철도공사,경인선,인천역,인천역,인천시 중구 제물량로 269,37.476364,126.616936,2025-04-08
한국철도공사,경인선,구일역,구일역,서울시 구로구 구일로 133,37.495973,126.869201,2025-04-08
한국철도공사,경인선,부개역,부개역,인천시 부평구 수변로 22,37.488479,126.740549,2025-04-08
한국철도공사,경인선,간석역,간석역,인천시 남동구 석정로 522-14,37.464689,126.693408,2025-04-08
한국철도공사,경인선,도원역,도원역,인천시 동구 참외전로 245,37.468604,126.642824,2025-04-08
한국철도공사,경인선,온수역,온수역,서울시 구로구 부일로 872,37.492267,126.823399,2025-04-08
한국철도공사,경인선,중동역,중동역,경기도 부천시 소사구 중동로 73,37.486664,126.764474,2025-04-08
한국철도공사,경인선,도화역,도화역,인천시 남구 숙골로 24번길 9,37.466154,126.66846,2025-04-08
한국철도공사,분당선,수원역,수원역(분당),경기도 수원시 팔달구 덕영대로 944,37.266162,127.000082,2025-04-08
한국철도공사,분당선,서울숲역,서울숲역,서울시 성동구 왕십리로 지하 77,37.543647,127.044686,2025-04-08
한국철도공사,분당선,압구정로데오역,압구정로데오역,서울시 강남구 압구정동 495(강남구 압구정로 지하 402),37.527385,127.040555,2025-04-08
한국철도공사,분당선,강남구청역,강남구청역,서울시 강남구 학동로 지하 364,37.516572,127.041575,2025-04-08
한국철도공사,분당선,선정릉역,선정릉역,서울시 강남구 선릉로 지하 580(삼성동),37.510775,127.043717,2025-04-08
한국철도공사,분당선,가천대역,가천대역,경기도 성남시 수정구 성남대로 1332,37.448784,127.126677,2025-04-08
한국철도공사,분당선,태평역,태평역,경기도 성남시 수정구 성남대로 지하 1229번지,37.439842,127.127746,2025-04-08
한국철도공사,분당선,모란역,모란역,경기도 성남시 중원구 성남대로 지하 1147(성남동 1575),37.432124,127.129064,2025-04-08
한국철도공사,분당선,야탑역,야탑역,경기도 성남시 성남대로 지하 903(야탑동 688-1),37.41132,127.128661,2025-04-08
한국철도공사,분당선,서현역,서현역,경기도 성남시 분당구 성남대로 지하 601,37.384931,127.123249,2025-04-08
한국철도공사,분당선,수내역,수내역,경기도 성남시 분당구 성남대로 지하 491(수내동),37.378435,127.114216,2025-04-08
한국철도공사,분당선,정자역,정자역,경기도 성남시 분당구 성남대로 지하 333(정자동),37.366037,127.108091,2025-04-08
한국철도공사,분당선,미금역,미금역,경기도 성남시 수정구 성남대로 지하 156,37.350078,127.108952,2025-04-08
한국철도공사,분당선,오리역,오리역,경기도 성남시 분당구 성남대로 지하 55(구미동 795),37.339832,127.108985,2025-04-08
한국철도공사,분당선,이매역,이매역,경기도 성남시 성남대로 지하 738,37.395846,127.128272,2025-04-08
한국철도공사,분당선,보정역,보정역,경기도 용인시 기흥구 용구대로 2560  _x000D_,37.31274,127.108219,2025-04-08
한국철도공사,분당선,죽전역,죽전역,경기도 용인시 수지구 포은대로 530(죽전동 1014),37.324575,127.107385,2025-04-08
한국철도공사,분당선,구성역,구성역,경기도 용인시 기흥구 용구대로 2403,37.299013,127.105664,2025-04-08
한국철도공사,분당선,신갈역,신갈역,경기도 용인시 기흥구 기흥로 136,37.286127,127.111311,2025-04-08
한국철도공사,분당선,기흥역,기흥역,경기도 용인시 중부대로 460,37.275657,127.115944,2025-04-08
한국철도공사,분당선,상갈역,상갈역,경기도 용인시 기흥구 금화로 지하 40,37.261797,127.108718,2025-04-08
한국철도공사,분당선,청명역,청명역,경기도 수원시 영통구 봉영로 지하 1670,37.259485,127.078945,2025-04-08
한국철도공사,분당선,영통역,영통역,경기도 수원시 영통구 봉영로 지하 1560,37.251521,127.071341,2025-04-08
한국철도공사,분당선,망포역,망포역,경기도 수원시 영통구 봉영로 지하 1520,37.245793,127.057367,2025-04-08
한국철도공사,분당선,매탄권선역,매탄권선역,경기도 수원시 영통구 권선로 841,37.252458,127.040824,2025-04-08
한국철도공사,분당선,수원시청역,수원시청역,경기도 수원시 권선구 효원로 270,37.261941,127.030736,2025-04-08
한국철도공사,분당선,매교역,매교역,경기도 수원시 팔달구 효원로 126,37.265502,127.015657,2025-04-08
한국철도공사,수인선,고색역,고색역,경기도 수원시 권선구 매송고색로 지하690(고색동),37.249829,126.9805899,2025-04-08
한국철도공사,수인선,오목천역,오목천역,경기도 수원시 권선구 삼천병마로 1576(오목천동),37.243011,126.9636354,2025-04-08
한국철도공사,수인선,어천역,어천역,경기도 화성시 매송면 화성로 2227-5(어천리),37.250076,126.908805,2025-04-08
한국철도공사,수인선,야목역,야목역,경기도 화성시 매송면 본오매송로 286(야목리),37.261211,126.884029,2025-04-08
한국철도공사,수인선,사리역,사리역,경기도 안산시 상록구 충장로 103(사동),37.290809,126.857172,2025-04-08
한국철도공사,수인선,달월역,달월역,경기도 시흥시 서해안로 736번길 55(월곶동),37.379993,126.745431,2025-04-08
한국철도공사,수인선,월곶역,월곶역,경기도 시흥시 월곶중앙로 14번길 56,37.39189,126.742741,2025-04-08
한국철도공사,수인선,소래포구역,소래포구역,인천시 남동구 소래역로 51,37.400963,126.733533,2025-04-08
한국철도공사,수인선,인천논현역,인천논현역,인천시 남동구 청능대로 567,37.400641,126.722495,2025-04-08
한국철도공사,수인선,호구포역,호구포역,인천시 남동구 호구포로 205,37.401622,126.708682,2025-04-08
한국철도공사,수인선,남동인더스파크역,남동인더스파크역,인천시 남동구 은청로 17,37.407668,126.695613,2025-04-08
한국철도공사,수인선,원인재역,원인재역,인천시 연수구 벚꽃로 195,37.412921,126.686952,2025-04-08
한국철도공사,수인선,연수역,연수역,인천시 연수구 벚꽃로 115,37.417769,126.678991,2025-04-08
한국철도공사,수인선,송도역,송도역,인천시 연수구 비류대로 175(옥련동),37.429714,126.654486,2025-04-08
한국철도공사,수인선,인하대역,인하대역,인천시 남구 용현동 294-3,37.448191,126.649832,2025-04-08
한국철도공사,수인선,숭의역,숭의역,인천시 남구 인주대로 지하6,37.460891,126.638035,2025-04-08
한국철도공사,수인선,신포역,신포역,인천시 중구 우현로 지하 3,37.468442,126.624509,2025-04-08
한국철도공사,수인선,인천역,인천역,인천시 중구 제물량로 269,37.476364,126.6174236,2025-04-08
한국철도공사,경원선,방학역,방학역,서울시 도봉구 도봉로 150다길 3,37.667471,127.044295,2025-04-08
한국철도공사,경원선,도봉역,도봉역,서울시 도봉구 도봉로 170길 2,37.679441,127.045521,2025-04-08
한국철도공사,경원선,도봉산역,도봉산역,서울시 도봉구 도봉로 964-33,37.689603,127.046047,2025-04-08
한국철도공사,경원선,망월사역,망월사역,경기도 의정부시 평화로 221,37.710499,127.047361,2025-04-08
한국철도공사,경원선,회룡역,회룡역,경기도 의정부시 평화로 363,37.724037,127.047319,2025-04-08
한국철도공사,경원선,의정부역,의정부역,경기도 의정부시 평화로 525,37.73873,127.045891,2025-04-08
한국철도공사,경원선,가능역,가능역,경기도 의정부시 평화로 633,37.748362,127.044251,2025-04-08
한국철도공사,경원선,녹양역,녹양역,경기도 의정부시 평화로 757(녹양동 973),37.759416,127.042272,2025-04-08
한국철도공사,경원선,양주역,양주역,경기도 양주시 평화로 919(남방동 94-1),37.774281,127.044719,2025-04-08
한국철도공사,경원선,덕계역,덕계역,경기도 양주시 고덕로 139번길 317,37.818761,127.056676,2025-04-08
한국철도공사,경원선,덕정역,덕정역,경기도 양주시 화합로 1356,37.843216,127.061511,2025-04-08
한국철도공사,경원선,지행역,지행역,경기도 동두천시 평화로 2285(지행동),37.892361,127.055734,2025-04-08
한국철도공사,경원선,동두천중앙역,동두천중앙역,경기도 동두천시 동두천로 228(생연동 682),37.901818,127.056528,2025-04-08
한국철도공사,경원선,보산역,보산역,경기도 동두천시 평화로 2539(보산동),37.914268,127.057134,2025-04-08
한국철도공사,경원선,동두천역,동두천역,경기도 동두천시 평화로 2687(동두천동 245-210),37.927569,127.054825,2025-04-08
한국철도공사,경원선,소요산역,소요산역,경기도 동두천시 평화로 2925(상봉암동 126),37.948608,127.061007,2025-04-08
한국철도공사,경원선,청산역,청산역,경기도 연천군 청산면 초성리 170-1,37.995138,127.074097,2025-04-08
한국철도공사,경원선,전곡역,전곡역,경기도 연천군 전곡읍 전곡역로 75(전곡리),38.024041,127.071913,2025-04-08
한국철도공사,경원선,연천역,연천역,경기도 연천군 연천읍 연천로 273-7(차탄리),38.100485,127.07368,2025-04-08
한국철도공사,일산선,원흥역,원흥역,"경기도 고양시 덕양구 권율대로 681 (원흥동, 원흥역) 원흥역",37.650709,126.873239,2025-04-08
한국철도공사,일산선,지축역,지축역,경기도 고양시 덕양구 삼송로 300(지축동),37.648114,126.913746,2025-12-31
한국철도공사,일산선,삼송역,삼송역,경기도 고양시 덕양구 삼송로 194,37.653096,126.895559,2025-04-08
한국철도공사,일산선,원당역,원당역,경기도 고양시 덕양구 덕양대로 1429(성사1동 4100-7),37.653103,126.842891,2025-04-08
한국철도공사,일산선,화정역,화정역,경기도 고양시 덕양구 화정로 60 화정역,37.634708,126.832503,2025-04-08
한국철도공사,경의중앙선,대곡역,대곡역,경기도 고양시 덕양구 대주로 107번길 71-81(대장동 420-1),37.631629,126.810225,2025-04-08
한국철도공사,서해선,대곡역,대곡역,경기도 고양시 덕양구 대주로 107번길 71-81(대장동 420-1),37.631629,126.809802,2025-04-08
한국철도공사,일산선,대곡역,대곡역,경기도 고양시 덕양구 대주로 107번길 71-81(대장동 420-1),37.631629,126.811025,2025-04-08
한국철도공사,일산선,백석역,백석역,경기도 고양시 일산동구 중앙로 1042,37.642973,126.788109,2025-04-08
한국철도공사,일산선,마두역,마두역,경기도 고양시 일산동구 중앙로 지하 1180(마두동),37.652185,126.777641,2025-04-08
한국철도공사,일산선,정발산역,정발산역,경기도 고양시 일산동구 마두 1동 1123(일산동구 중앙로 1270),37.659709,126.773254,2025-04-08
한국철도공사,일산선,주엽역,주엽역,경기도 고양시 일산서구 중앙로 1432(주엽동 166-7),37.670138,126.761232,2025-04-08
한국철도공사,일산선,대화역,대화역,경기도 고양시 일산서구 중앙로 1569(대화동 2221),37.675883,126.747756,2025-04-08
한국철도공사,서해선,김포공항역,김포공항역,서울특별시 강서구 하늘길 지하 77,37.5621179,126.804056,2025-04-08
한국철도공사,서해선,원종역,원종역,경기도 부천시 원종동 404,37.5240628,126.8048386,2025-04-08
한국철도공사,서해선,부천종합운동장역,부천종합운동장역,경기도 부천시 길주로 지하 502,37.505852,126.797498,2025-04-08
한국철도공사,경인선,소사역,소사역,경기도 부천시 소사구 경인로 363,37.482755,126.795654,2025-04-08
한국철도공사,서해선,소사역,소사역,경기도 부천시 소사구 경인로 363,37.482755,126.7950654,2025-04-08
한국철도공사,서해선,소새울역,소새울역,경기도 부천시 소사로 지하 284,37.4685046,126.797228,2025-04-08
한국철도공사,서해선,시흥대야역,시흥대야역,경기도 부천시 소사로 지하 120,37.4504787,126.793142,2025-04-08
한국철도공사,서해선,신천역,신천역,경기도 시흥시 서해안로 지하 1670,37.4391147,126.786835,2025-04-08
한국철도공사,서해선,신현역,신현역,경기도 시승시 신현로 12번길 지하 2-10,37.4091399,126.78788,2025-04-08
한국철도공사,서해선,시흥시청역,시흥시청역,경기도 시흥시 시흥대로 지하 467,37.3814109,126.805946,2025-04-08
한국철도공사,서해선,시흥능곡역,시흥능곡역,경기도 시흥시 시흥대로 지하 327,37.3699903,126.808594,2025-04-08
한국철도공사,서해선,달미역,달미역,경기도 안산시 단원구 순환로 지하 160,37.3490003,126.809318,2025-04-08
한국철도공사,서해선,선부역,선부역,경기도 안산시 단원구 선부광장로 34,37.33459,126.81,2025-04-08
한국철도공사,서해선,초지역,초지역,경기도 안산시 단원구 중앙대로 620,37.320083,126.808051,2025-04-08
한국철도공사,서해선,시우역,시우역,경기도 안산시 단원구 동산로 지하 50,37.3130967,126.795503,2025-04-08
한국철도공사,서해선,원시역,원시역,경기도 안산시 단원구 선단로 지하 70,37.302654,126.7867897,2025-04-08
한국철도공사,대경선,구미역,구미역,경북 구미시 구미중앙로 76,36.128278,128.331071,2025-04-08
한국철도공사,대경선,사곡역,사곡역,경북 구미시 상사서로 173-16,36.098508,128.356416,2025-04-08
한국철도공사,대경선,북삼역,북삼역,경북 칠곡군 북삼읍 율리 847,36.0560326479866,128.345278,2026-02-28
한국철도공사,대경선,왜관역,왜관역,경북 칠곡군 왜관읍 중앙로8길 10,35.991821,128.400391,2025-04-08
한국철도공사,대경선,서대구역,서대구역,대구 서구 와룡로 527,35.881734,128.540121,2025-04-08
한국철도공사,대경선,대구역,대구역,대구 북구 태평로 161,35.876,128.5961,2025-04-08
한국철도공사,대경선,동대구역,동대구역,대구 동구 동대구로 550,35.879376,128.628807,2025-04-08
한국철도공사,대경선,경산역,경산역,경북 경산시 중앙로1,35.8192,128.7276,2025-04-08
한국철도공사,동해선,부전역,부전역,부산광역시 부산진구 부전로 181,35.164668,129.06011,2025-04-08
한국철도공사,동해선,거제해맞이역,거제해맞이역,부산광역시 연제구 거제동 619-1,35.181197,129.069015,2025-04-08
한국철도공사,동해선,거제역,거제역,부산광역시 연제구 거제동 419-2,35.18958,129.074385,2025-04-08
한국철도공사,동해선,교대역,교대역,부산시 연제구 중앙대로 1196,35.1938,129.07958,2025-04-08
한국철도공사,동해선,동래역,동래역,부산광역시 동래구 낙민동 130-4,35.204714,129.0773502,2025-04-08
한국철도공사,동해선,안락역,안락역,부산광역시 동래구 안락동 201-2,35.196007,129.101062,2025-04-08
한국철도공사,동해선,재송역,재송역,부산시 해운대구 해운대로 100,35.188,129.120109,2025-04-08
한국철도공사,동해선,센텀역,센텀역,부산시 해운대구 해운대로 210,35.1793,129.1245,2025-04-08
한국철도공사,동해선,벡스코역,벡스코역,부산광역시 해운대구 우동 1111-2,35.1717,129.135958,2025-04-08
한국철도공사,동해선,신해운대역,신해운대역,부산시 해운대구 장산로 427,35.181832,129.176696,2025-04-08
한국철도공사,동해선,송정역,송정역,부산시 해운대구 해운대로 1147,35.187832,129.202069,2025-04-08
한국철도공사,동해선,오시리아역,오시리아역,부산광역시 기장군 기장읍 당사리 261-8,35.196256,129.208291,2025-04-08
한국철도공사,동해선,기장역,기장역,부산시 기장군 기장읍 차성로288번길 86,35.244627,129.2188951,2025-04-08
한국철도공사,동해선,일광역,일광역,부산광역시 기장군 일광면 이천리 750-4,35.2675565,129.2330307,2025-04-08
한국철도공사,동해선,부산원동역,부산원동역,부산시 동래구 안락동 52-2,35.1938,129.113709,2025-04-08
한국철도공사,동해선,좌천역,좌천역,부산시 기장군 장안읍 좌천리 239-4,35.311838,129.245197,2025-04-08
한국철도공사,동해선,월내역,월내역,부산시 기장군 장안읍 월내리 141-4,35.328177,129.276626,2025-04-08
한국철도공사,동해선,서생역,서생역,울산시 울주군 서생면 화산리 1228-5,35.346121,129.29304,2025-04-08
한국철도공사,동해선,남창역,남창역,울산시 울주군 온양읍 남창리 42-36,35.419713,129.28223,2025-04-08
한국철도공사,동해선,망양역,망양역,울산시 울주군 온양읍 망양리 484-1,35.456519,129.287856,2025-04-08
한국철도공사,동해선,덕하역,덕하역,울산시 울주군 청량읍 상남리 533-15,35.494007,129.303094,2025-04-08
한국철도공사,동해선,개운포역,개운포역,울산시 남구 상개리 97-1,35.507884,129.321097,2025-04-08
한국철도공사,동해선,태화강역,태화강역,울산광역시 남구 산업로 654,35.538669,129.353269,2025-04-08
