"Type","Group","DuplicateCount","Value","File"
"TITLE","1","3","강동구 상세페이지 이동 | 몽라운지","gangdong-gu/index.html"
"TITLE","1","3","강동구 상세페이지 이동 | 몽라운지","gangdong-gu/cheonho-amsa-riverside/index.html"
"TITLE","1","3","강동구 상세페이지 이동 | 몽라운지","gangdong-gu/godeok-sangil-residential/index.html"
"TITLE","2","2","내정보 | 몽라운지","mypage.html"
"TITLE","2","2","내정보 | 몽라운지","mypage/index.html"
"TITLE","3","2","회원가입 | 몽라운지","join.html"
"TITLE","3","2","회원가입 | 몽라운지","join/index.html"
"TITLE","4","2","로그인 | 몽라운지","login.html"
"TITLE","4","2","로그인 | 몽라운지","login/index.html"
